tld,requests,http_200,traditional_whois_used,suffix_scope,root_zone_state,registry_protocol_state,registry_evidence_url,observed_whois_host,client_route_host,parser_class,evidence_state,first_class_treatment,registered_spec,absence_spec,unknown_spec,evidence_note,iana_whois_server,iana_rdap_server,iana_protocol_state,iana_http_status,iana_page_last_updated,iana_retrieved_at,route_evidence_state,client_route_adapter_class,library_route_parser_class,iana_host_parser_class,observed_host_parser_class,multilabel_scope_note,route_blocker_state,protocol_exception_evidence_url,protocol_exception_note,registry_policy_evidence_url,registry_policy_note
com,16887,10273,88,final_label_aggregate,delegated_in_iana_tlds_alpha,traditional_whois_observed,https://www.iana.org/domains/root/db/com.html,whois.verisign-grs.com,whois.verisign-grs.com,Whois::Parsers::WhoisVerisignGrsCom,fixture_pair,"parse the named registered and authoritative-absence fixtures; keep denials, throttles, and ambiguous replies unknown",spec/whois/parsers/responses/whois.verisign-grs.com/com/status_registered_spec.rb,spec/whois/parsers/responses/whois.verisign-grs.com/com/status_available_spec.rb,"",Fixture-backed parser evidence from the referenced tests; this is not a fresh production sample unless the linked report says so. Observed DomScan host: whois.verisign-grs.com.   The source query strips all domain labels except the final root suffix; no registrable multi-label suffix frequency can be inferred from this CSV.,whois.verisign-grs.com,https://rdap.verisign.com/com/v1/,whois_and_rdap,200,2026-03-10,2026-09-28T21:43:12Z,observed_domscan_host_matches_current_iana,Whois::Server::Adapters::Verisign,Whois::Parsers::WhoisVerisignGrsCom,Whois::Parsers::WhoisVerisignGrsCom,Whois::Parsers::WhoisVerisignGrsCom,The source SQL keeps only the final label. Multi-label registration namespaces such as co.uk/com.au collapse into this root-label bucket and cannot be split from this snapshot.,none,"","","",""
io,2907,1023,7,final_label_aggregate,delegated_in_iana_tlds_alpha,traditional_whois_observed,https://www.iana.org/domains/root/db/io.html,whois.nic.io,whois.nic.io,Whois::Parsers::WhoisNicIo,fixture_pair,"parse the named registered and authoritative-absence fixtures; keep denials, throttles, and ambiguous replies unknown",spec/whois/parsers/responses/whois.nic.io/io/status_registered_spec.rb,spec/whois/parsers/responses/whois.nic.io/io/status_available_spec.rb;spec/whois/parsers/responses/whois.nic.io/io/status_domain_not_found_spec.rb,"",Fixture-backed parser evidence from the referenced tests; this is not a fresh production sample unless the linked report says so. Observed DomScan host: whois.nic.io.   The source query strips all domain labels except the final root suffix; no registrable multi-label suffix frequency can be inferred from this CSV.,whois.nic.io,"",whois_only,200,2023-01-18,2026-09-28T21:43:13Z,observed_domscan_host_matches_current_iana,Whois::Server::Adapters::Standard,Whois::Parsers::WhoisNicIo,Whois::Parsers::WhoisNicIo,Whois::Parsers::WhoisNicIo,The source SQL keeps only the final label. Multi-label registration namespaces such as co.uk/com.au collapse into this root-label bucket and cannot be split from this snapshot.,none,"","","",""
net,2794,1036,9,final_label_aggregate,delegated_in_iana_tlds_alpha,traditional_whois_observed,https://www.iana.org/domains/root/db/net.html,whois.verisign-grs.com,whois.verisign-grs.com,Whois::Parsers::WhoisVerisignGrsCom,fixture_pair,"parse the named registered and authoritative-absence fixtures; keep denials, throttles, and ambiguous replies unknown",spec/whois/parsers/responses/whois.verisign-grs.com/net/status_registered_spec.rb,spec/whois/parsers/responses/whois.verisign-grs.com/net/status_available_spec.rb,"",Fixture-backed parser evidence from the referenced tests; this is not a fresh production sample unless the linked report says so. Observed DomScan host: whois.verisign-grs.com.   The source query strips all domain labels except the final root suffix; no registrable multi-label suffix frequency can be inferred from this CSV.,whois.verisign-grs.com,https://rdap.verisign.com/net/v1/,whois_and_rdap,200,2026-03-10,2026-09-28T21:43:14Z,observed_domscan_host_matches_current_iana,Whois::Server::Adapters::Verisign,Whois::Parsers::WhoisVerisignGrsCom,Whois::Parsers::WhoisVerisignGrsCom,Whois::Parsers::WhoisVerisignGrsCom,The source SQL keeps only the final label. Multi-label registration namespaces such as co.uk/com.au collapse into this root-label bucket and cannot be split from this snapshot.,none,"","","",""
org,2231,711,18,final_label_aggregate,delegated_in_iana_tlds_alpha,traditional_whois_observed,https://www.iana.org/domains/root/db/org.html,whois.pir.org,whois.pir.org,Whois::Parsers::WhoisPublicinterestregistryOrg,fixture_pair,"Exercise the IANA-listed whois.publicinterestregistry.org parser on registered, authoritative absence, and mixed/denied replies; the installed whois gem still routes .org to whois.pir.org and remains a separate runtime route blocker.",spec/whois/parsers/domscan_iana_org_dk_hosts_spec.rb,spec/whois/parsers/domscan_iana_org_dk_hosts_spec.rb,spec/whois/parsers/domscan_iana_org_dk_hosts_spec.rb,"Parser regressions for the IANA-listed host and safety tests are in spec/whois/parsers/domscan_iana_org_dk_hosts_spec.rb. The installed route still uses whois.pir.org, while IANA lists whois.publicinterestregistry.org; retain this as a runtime route blocker.",whois.publicinterestregistry.org,https://rdap.publicinterestregistry.org/rdap/,whois_and_rdap,200,2026-03-10,2026-09-28T21:43:15Z,observed_domscan_host_matches_library_route_but_differs_from_iana,Whois::Server::Adapters::Standard,Whois::Parsers::WhoisPirOrg,Whois::Parsers::WhoisPublicinterestregistryOrg,Whois::Parsers::WhoisPirOrg,The source SQL keeps only the final label. Multi-label registration namespaces such as co.uk/com.au collapse into this root-label bucket and cannot be split from this snapshot.,installed_library_route_differs_from_current_iana_host,"","","",""
lu,1948,1920,1900,final_label_aggregate,delegated_in_iana_tlds_alpha,traditional_whois_observed,https://www.iana.org/domains/root/db/lu.html,whois.dns.lu,whois.dns.lu,Whois::Parsers::WhoisDnsLu,fixture_pair,"parse the named registered and authoritative-absence fixtures; keep denials, throttles, and ambiguous replies unknown",spec/whois/parsers/responses/whois.dns.lu/lu/status_registered_spec.rb,spec/whois/parsers/responses/whois.dns.lu/lu/status_available_spec.rb,spec/whois/parsers/audit_126_150_spec.rb,Fixture-backed parser evidence from the referenced tests; this is not a fresh production sample unless the linked report says so. Observed DomScan host: whois.dns.lu.   The source query strips all domain labels except the final root suffix; no registrable multi-label suffix frequency can be inferred from this CSV.,whois.dns.lu,"",whois_only,200,2026-06-18,2026-09-28T21:43:16Z,observed_domscan_host_matches_current_iana,Whois::Server::Adapters::Standard,Whois::Parsers::WhoisDnsLu,Whois::Parsers::WhoisDnsLu,Whois::Parsers::WhoisDnsLu,The source SQL keeps only the final label. Multi-label registration namespaces such as co.uk/com.au collapse into this root-label bucket and cannot be split from this snapshot.,none,"","","",""
vip,1761,654,0,final_label_aggregate,delegated_in_iana_tlds_alpha,iana_whois_and_rdap,https://www.iana.org/domains/root/db/vip.html,"",whois.nic.vip,Whois::Parsers::WhoisNicVip,fixture_pair,"Exercise the IANA-listed whois.nic.vip parser for .vip with minimal synthetic registered and authoritative-absence shapes, plus contradiction, denial, throttle, and incomplete-response safeguards in the referenced parser spec. Bounded live observations are summarized separately in the audit report.",spec/whois/parsers/whois_t_z_structural_safety_spec.rb,spec/whois/parsers/whois_t_z_structural_safety_spec.rb,spec/whois/parsers/whois_t_z_structural_safety_spec.rb,"Class and route fields describe structure; the evidence state and IANA fields define WHOIS treatment. Parser behavior is documented by the referenced tests where applicable.   Standard-library client route: whois.nic.vip; not official protocol evidence.  The source query strips all domain labels except the final root suffix; no registrable multi-label suffix frequency can be inferred from this CSV. Parser test fixtures use minimal synthetic field/marker shapes; bounded live observations, where made, are summarized separately in the audit prose and are not fixture contents.",whois.nic.vip,https://rdap.nic.vip/,whois_and_rdap,200,2024-04-17,2026-09-28T21:43:17Z,iana_host_matches_library_route,Whois::Server::Adapters::Standard,Whois::Parsers::WhoisNicVip,Whois::Parsers::WhoisNicVip,"",The source SQL keeps only the final label. Multi-label registration namespaces such as co.uk/com.au collapse into this root-label bucket and cannot be split from this snapshot.,none,"","","",""
app,1316,599,0,final_label_aggregate,delegated_in_iana_tlds_alpha,rdap_only_iana,https://www.iana.org/domains/root/db/app.html,"",whois.nic.google,"",rdap_only,"IANA lists RDAP and no WHOIS server; no traditional WHOIS use is recorded in this snapshot, so this parser package makes no port-43 classification claim.","","","",Classification is based on the dated IANA source and does not assert a registration or availability result.   Standard-library client route: whois.nic.google; not official protocol evidence.  The source query strips all domain labels except the final root suffix; no registrable multi-label suffix frequency can be inferred from this CSV.,"",https://pubapi.registry.google/rdap/,rdap_only,200,2025-04-11,2026-09-28T21:43:18Z,stale_library_whois_route_for_iana_rdap_only,Whois::Server::Adapters::Standard,"","","",The source SQL keeps only the final label. Multi-label registration namespaces such as co.uk/com.au collapse into this root-label bucket and cannot be split from this snapshot.,rdap_only_suffix_still_has_installed_whois_route,"","","",""
us,1199,40,0,final_label_aggregate,delegated_in_iana_tlds_alpha,iana_whois_only,https://www.iana.org/domains/root/db/us.html,"",whois.nic.us,Whois::Parsers::WhoisNicUs,fixture_pair,"parse the named registered and authoritative-absence fixtures; keep denials, throttles, and ambiguous replies unknown",spec/whois/parsers/responses/whois.nic.us/us/status_registered_spec.rb,spec/whois/parsers/responses/whois.nic.us/us/status_available_spec.rb,spec/whois/parsers/responses/whois.nic.us/us/status_available_spec.rb;spec/whois/parsers/top_us_current_spec.rb,Fixture-backed parser evidence from the referenced tests; this is not a fresh production sample unless the linked report says so.   Standard-library client route: whois.nic.us; not official protocol evidence.  The source query strips all domain labels except the final root suffix; no registrable multi-label suffix frequency can be inferred from this CSV.,whois.nic.us,"",whois_only,200,2026-08-05,2026-09-28T21:43:19Z,iana_host_matches_library_route,Whois::Server::Adapters::Standard,Whois::Parsers::WhoisNicUs,Whois::Parsers::WhoisNicUs,"",The source SQL keeps only the final label. Multi-label registration namespaces such as co.uk/com.au collapse into this root-label bucket and cannot be split from this snapshot.,none,"","","",""
ai,1132,1090,0,final_label_aggregate,delegated_in_iana_tlds_alpha,iana_whois_and_rdap,https://www.iana.org/domains/root/db/ai.html,"",whois.nic.ai,Whois::Parsers::WhoisNicAi,fixture_pair,"parse the named registered and authoritative-absence fixtures; keep denials, throttles, and ambiguous replies unknown",spec/whois/parsers/responses/whois.nic.ai/ai/status_registered_spec.rb,spec/whois/parsers/responses/whois.nic.ai/ai/status_available_spec.rb;spec/whois/parsers/responses/whois.nic.ai/ai/status_domain_not_found_spec.rb,"",Fixture-backed parser evidence from the referenced tests; this is not a fresh production sample unless the linked report says so.   Standard-library client route: whois.nic.ai; not official protocol evidence.  The source query strips all domain labels except the final root suffix; no registrable multi-label suffix frequency can be inferred from this CSV.,whois.nic.ai,https://rdap.identitydigital.services/rdap/,whois_and_rdap,200,2025-02-11,2026-09-28T21:43:20Z,iana_host_matches_library_route,Whois::Server::Adapters::Standard,Whois::Parsers::WhoisNicAi,Whois::Parsers::WhoisNicAi,"",The source SQL keeps only the final label. Multi-label registration namespaces such as co.uk/com.au collapse into this root-label bucket and cannot be split from this snapshot.,none,"","","",""
site,650,76,2,final_label_aggregate,delegated_in_iana_tlds_alpha,traditional_whois_observed,https://www.iana.org/domains/root/db/site.html,whois.nic.site,whois.nic.site,Whois::Parsers::WhoisNicSite,fixture_pair,"parse the named registered and authoritative-absence fixtures; keep denials, throttles, and ambiguous replies unknown",spec/whois/parsers/responses/whois.nic.site/site/status_registered_spec.rb,spec/whois/parsers/responses/whois.nic.site/site/status_available_spec.rb,spec/whois/parsers/tld_denial_response_contract_spec.rb,Fixture-backed parser evidence from the referenced tests; this is not a fresh production sample unless the linked report says so. Observed DomScan host: whois.nic.site.   The source query strips all domain labels except the final root suffix; no registrable multi-label suffix frequency can be inferred from this CSV.,whois.nic.site,https://rdap.radix.host/rdap/,whois_and_rdap,200,2026-04-21,2026-09-28T21:43:21Z,observed_domscan_host_matches_current_iana,Whois::Server::Adapters::Standard,Whois::Parsers::WhoisNicSite,Whois::Parsers::WhoisNicSite,Whois::Parsers::WhoisNicSite,The source SQL keeps only the final label. Multi-label registration namespaces such as co.uk/com.au collapse into this root-label bucket and cannot be split from this snapshot.,none,"","","",""
de,638,629,3,final_label_aggregate,delegated_in_iana_tlds_alpha,traditional_whois_observed,https://www.iana.org/domains/root/db/de.html,whois.denic.de,whois.denic.de,Whois::Parsers::WhoisDenicDe,fixture_pair,"parse the named registered and authoritative-absence fixtures; keep denials, throttles, and ambiguous replies unknown",spec/whois/parsers/responses/whois.denic.de/de/status_registered_spec.rb,spec/whois/parsers/responses/whois.denic.de/de/status_available_spec.rb,spec/whois/parsers/responses/whois.denic.de/de/response_throttled_spec.rb;spec/whois/parsers/responses/whois.denic.de/de/status_registered_spec.rb,Fixture-backed parser evidence from the referenced tests; this is not a fresh production sample unless the linked report says so. Observed DomScan host: whois.denic.de.   The source query strips all domain labels except the final root suffix; no registrable multi-label suffix frequency can be inferred from this CSV.,whois.denic.de,"",whois_only,200,2026-08-04,2026-09-28T21:43:21Z,observed_domscan_host_matches_current_iana,Whois::Server::Adapters::Formatted,Whois::Parsers::WhoisDenicDe,Whois::Parsers::WhoisDenicDe,Whois::Parsers::WhoisDenicDe,The source SQL keeps only the final label. Multi-label registration namespaces such as co.uk/com.au collapse into this root-label bucket and cannot be split from this snapshot.,none,"","","",""
info,617,279,1,final_label_aggregate,delegated_in_iana_tlds_alpha,historical_traditional_whois_observed_current_iana_rdap_only,https://www.iana.org/domains/root/db/info.html,whois.afilias.net,whois.afilias.net,Whois::Parsers::WhoisAfiliasNet,unsupported_only,Test the synthetic exact TLD-is-not-supported marker in spec/whois/parsers/whois_g_m_leftover_registry_safety_spec.rb as unavailable/unknown; IANA is RDAP-only and DomScan skips the stale WHOIS route.,"","",spec/whois/parsers/whois_g_m_leftover_registry_safety_spec.rb,IANA currently lists RDAP only. The pinned snapshot records one historical whois.afilias.net call; spec/whois/parsers/whois_g_m_leftover_registry_safety_spec.rb tests a synthetic exact TLD-is-not-supported marker as non-classifying. DomScan skips the stale WHOIS route.,"",https://rdap.identitydigital.services/rdap/,rdap_only,200,2026-03-10,2026-09-28T21:43:22Z,legacy_whois_observed_but_current_iana_is_rdap_only,Whois::Server::Adapters::Standard,Whois::Parsers::WhoisAfiliasNet,"",Whois::Parsers::WhoisAfiliasNet,The source SQL keeps only the final label. Multi-label registration namespaces such as co.uk/com.au collapse into this root-label bucket and cannot be split from this snapshot.,rdap_only_legacy_route_requires_application_skip,"","","",""
club,608,235,1,final_label_aggregate,delegated_in_iana_tlds_alpha,traditional_whois_observed,https://www.iana.org/domains/root/db/club.html,whois.nic.club,whois.nic.club,Whois::Parsers::WhoisNicClub,fixture_pair,"Exercise the IANA-listed whois.nic.club parser for .club with minimal synthetic registered and authoritative-absence shapes, plus contradiction, denial, throttle, and incomplete-response safeguards in the referenced parser spec. Bounded live observations are summarized separately in the audit report.",spec/whois/parsers/domscan_first_class_structural_a_f_spec.rb,spec/whois/parsers/domscan_first_class_structural_a_f_spec.rb,spec/whois/parsers/domscan_first_class_structural_a_f_spec.rb,"Class and route fields describe structure; the evidence state and IANA fields define WHOIS treatment. Parser behavior is documented by the referenced tests where applicable. Observed DomScan host: whois.nic.club.   The source query strips all domain labels except the final root suffix; no registrable multi-label suffix frequency can be inferred from this CSV. Parser test fixtures use minimal synthetic field/marker shapes; bounded live observations, where made, are summarized separately in the audit prose and are not fixture contents.",whois.nic.club,https://rdap.nic.club/,whois_and_rdap,200,2024-04-16,2026-09-28T21:43:23Z,observed_domscan_host_matches_current_iana,Whois::Server::Adapters::Standard,Whois::Parsers::WhoisNicClub,Whois::Parsers::WhoisNicClub,Whois::Parsers::WhoisNicClub,The source SQL keeps only the final label. Multi-label registration namespaces such as co.uk/com.au collapse into this root-label bucket and cannot be split from this snapshot.,none,"","","",""
co,566,362,361,final_label_aggregate,delegated_in_iana_tlds_alpha,traditional_whois_observed,https://www.iana.org/domains/root/db/co.html,whois.registry.co,whois.registry.co,Whois::Parsers::WhoisRegistryCo,fixture_pair,"parse the named registered and authoritative-absence fixtures; keep denials, throttles, and ambiguous replies unknown",spec/whois/parsers/responses/whois.registry.co/co/status_registered_spec.rb,spec/whois/parsers/responses/whois.registry.co/co/status_domain_not_found_spec.rb,"",Fixture-backed parser evidence from the referenced tests; this is not a fresh production sample unless the linked report says so. Observed DomScan host: whois.registry.co.   The source query strips all domain labels except the final root suffix; no registrable multi-label suffix frequency can be inferred from this CSV.,whois.registry.co,"",whois_only,200,2026-02-17,2026-09-28T21:43:24Z,observed_domscan_host_matches_current_iana,Whois::Server::Adapters::Standard,Whois::Parsers::WhoisRegistryCo,Whois::Parsers::WhoisRegistryCo,Whois::Parsers::WhoisRegistryCo,The source SQL keeps only the final label. Multi-label registration namespaces such as co.uk/com.au collapse into this root-label bucket and cannot be split from this snapshot.,none,"","","",""
dev,496,445,0,final_label_aggregate,delegated_in_iana_tlds_alpha,rdap_only_iana,https://www.iana.org/domains/root/db/dev.html,"",whois.nic.google,"",rdap_only,"IANA lists RDAP and no WHOIS server; no traditional WHOIS use is recorded in this snapshot, so this parser package makes no port-43 classification claim.","","","",Classification is based on the dated IANA source and does not assert a registration or availability result.   Standard-library client route: whois.nic.google; not official protocol evidence.  The source query strips all domain labels except the final root suffix; no registrable multi-label suffix frequency can be inferred from this CSV.,"",https://pubapi.registry.google/rdap/,rdap_only,200,2025-04-11,2026-09-28T21:43:25Z,stale_library_whois_route_for_iana_rdap_only,Whois::Server::Adapters::Standard,"","","",The source SQL keeps only the final label. Multi-label registration namespaces such as co.uk/com.au collapse into this root-label bucket and cannot be split from this snapshot.,rdap_only_suffix_still_has_installed_whois_route,"","","",""
shop,470,456,345,final_label_aggregate,delegated_in_iana_tlds_alpha,whois_retired_observed_iana_listing_may_be_stale,https://www.iana.org/domains/root/db/shop.html,whois.nic.shop,whois.nic.shop,"",retired,Preserve the exact live WHOIS retirement response as unavailable/unknown; the parser remains Blank and status methods raise ParserNotFound rather than treating retirement as domain status.,"","",spec/whois/parsers/topdomains_151_175_spec.rb,IANA still lists the historical WHOIS host; the registry response and exact retirement regression establish the retired state. Observed DomScan host: whois.nic.shop.   The source query strips all domain labels except the final root suffix; no registrable multi-label suffix frequency can be inferred from this CSV.,whois.nic.shop,https://rdap.gmoregistry.net/rdap/,whois_and_rdap,200,2019-08-20,2026-09-28T21:43:26Z,historical_client_route_retired,Whois::Server::Adapters::Standard,"","","",The source SQL keeps only the final label. Multi-label registration namespaces such as co.uk/com.au collapse into this root-label bucket and cannot be split from this snapshot.,retired_host_still_in_installed_library_route,"","","",""
live,432,7,0,final_label_aggregate,delegated_in_iana_tlds_alpha,rdap_only_iana,https://www.iana.org/domains/root/db/live.html,"",whois.nic.live,"",rdap_only,"IANA lists RDAP and no WHOIS server; no traditional WHOIS use is recorded in this snapshot, so this parser package makes no port-43 classification claim.","","","",Class and route fields describe structure; the evidence state and IANA fields define WHOIS treatment. Parser behavior is documented by the referenced tests where applicable.   Standard-library client route: whois.nic.live; not official protocol evidence.  The source query strips all domain labels except the final root suffix; no registrable multi-label suffix frequency can be inferred from this CSV.,"",https://rdap.identitydigital.services/rdap/,rdap_only,200,2025-10-07,2026-09-28T21:43:27Z,stale_library_whois_route_for_iana_rdap_only,Whois::Server::Adapters::Standard,Whois::Parsers::WhoisNicLive,"","",The source SQL keeps only the final label. Multi-label registration namespaces such as co.uk/com.au collapse into this root-label bucket and cannot be split from this snapshot.,rdap_only_suffix_still_has_installed_whois_route,"","","",""
xyz,345,207,1,final_label_aggregate,delegated_in_iana_tlds_alpha,traditional_whois_observed,https://www.iana.org/domains/root/db/xyz.html,whois.nic.xyz,whois.nic.xyz,Whois::Parsers::WhoisNicXyz,fixture_pair,"parse the named registered and authoritative-absence fixtures; keep denials, throttles, and ambiguous replies unknown",spec/whois/parsers/responses/whois.nic.xyz/xyz/status_registered_spec.rb,spec/whois/parsers/responses/whois.nic.xyz/xyz/status_available_spec.rb;spec/whois/parsers/responses/whois.nic.xyz/xyz/status_domain_not_found_spec.rb,"",Fixture-backed parser evidence from the referenced tests; this is not a fresh production sample unless the linked report says so. Observed DomScan host: whois.nic.xyz.   The source query strips all domain labels except the final root suffix; no registrable multi-label suffix frequency can be inferred from this CSV.,whois.nic.xyz,https://rdap.centralnic.com/xyz,whois_and_rdap,200,2025-08-12,2026-09-28T21:43:27Z,observed_domscan_host_matches_current_iana,Whois::Server::Adapters::Standard,Whois::Parsers::WhoisNicXyz,Whois::Parsers::WhoisNicXyz,Whois::Parsers::WhoisNicXyz,The source SQL keeps only the final label. Multi-label registration namespaces such as co.uk/com.au collapse into this root-label bucket and cannot be split from this snapshot.,none,"","","",""
gift,323,0,0,final_label_aggregate,delegated_in_iana_tlds_alpha,iana_whois_and_rdap,https://www.iana.org/domains/root/db/gift.html,"",whois.uniregistry.net,Whois::Parsers::WhoisRegistryGift,fixture_pair,"Exercise the IANA-listed whois.registry.gift parser for .gift with minimal synthetic registered and authoritative-absence shapes, plus contradiction, denial, throttle, and incomplete-response safeguards in the referenced parser spec. Bounded live observations are summarized separately in the audit report.",spec/whois/parsers/g_m_registry_host_migrations_spec.rb,spec/whois/parsers/g_m_registry_host_migrations_spec.rb,spec/whois/parsers/g_m_registry_host_migrations_spec.rb,"Class and route fields describe structure; the evidence state and IANA fields define WHOIS treatment. Parser behavior is documented by the referenced tests where applicable.   Standard-library client route: whois.uniregistry.net; not official protocol evidence.  The source query strips all domain labels except the final root suffix; no registrable multi-label suffix frequency can be inferred from this CSV. Parser test fixtures use minimal synthetic field/marker shapes; bounded live observations, where made, are summarized separately in the audit prose and are not fixture contents.",whois.registry.gift,https://rdap.registry.gift/rdap/,whois_and_rdap,200,2026-06-09,2026-09-28T21:43:28Z,library_route_differs_from_iana_whois_host,Whois::Server::Adapters::Standard,Whois::Parsers::WhoisUniregistryNet,Whois::Parsers::WhoisRegistryGift,"",The source SQL keeps only the final label. Multi-label registration namespaces such as co.uk/com.au collapse into this root-label bucket and cannot be split from this snapshot.,installed_library_route_differs_from_current_iana_host,"","","",""
today,306,0,0,final_label_aggregate,delegated_in_iana_tlds_alpha,rdap_only_iana,https://www.iana.org/domains/root/db/today.html,"",whois.nic.today,"",rdap_only,"IANA lists RDAP and no WHOIS server; no traditional WHOIS use is recorded in this snapshot, so this parser package makes no port-43 classification claim.","","","",Class and route fields describe structure; the evidence state and IANA fields define WHOIS treatment. Parser behavior is documented by the referenced tests where applicable.   Standard-library client route: whois.nic.today; not official protocol evidence.  The source query strips all domain labels except the final root suffix; no registrable multi-label suffix frequency can be inferred from this CSV.,"",https://rdap.identitydigital.services/rdap/,rdap_only,200,2025-10-07,2026-09-28T21:43:29Z,stale_library_whois_route_for_iana_rdap_only,Whois::Server::Adapters::Standard,Whois::Parsers::WhoisNicToday,"","",The source SQL keeps only the final label. Multi-label registration namespaces such as co.uk/com.au collapse into this root-label bucket and cannot be split from this snapshot.,rdap_only_suffix_still_has_installed_whois_route,"","","",""
pro,302,109,0,final_label_aggregate,delegated_in_iana_tlds_alpha,rdap_only_iana,https://www.iana.org/domains/root/db/pro.html,"",whois.afilias.net,"",rdap_only,"IANA lists RDAP and no WHOIS server; no traditional WHOIS use is recorded in this snapshot, so this parser package makes no port-43 classification claim.","","","",Fixture-backed parser evidence from the referenced tests; this is not a fresh production sample unless the linked report says so.   Standard-library client route: whois.afilias.net; not official protocol evidence.  The source query strips all domain labels except the final root suffix; no registrable multi-label suffix frequency can be inferred from this CSV.,"",https://rdap.identitydigital.services/rdap/,rdap_only,200,2026-03-10,2026-09-28T21:43:30Z,stale_library_whois_route_for_iana_rdap_only,Whois::Server::Adapters::Standard,Whois::Parsers::WhoisAfiliasNet,"","",The source SQL keeps only the final label. Multi-label registration namespaces such as co.uk/com.au collapse into this root-label bucket and cannot be split from this snapshot.,rdap_only_suffix_still_has_installed_whois_route,"","","",""
asia,252,111,1,final_label_aggregate,delegated_in_iana_tlds_alpha,traditional_whois_observed,https://www.iana.org/domains/root/db/asia.html,whois.nic.asia,whois.nic.asia,Whois::Parsers::WhoisNicAsia,fixture_pair,"parse the named registered and authoritative-absence fixtures; keep denials, throttles, and ambiguous replies unknown",spec/whois/parsers/responses/whois.nic.asia/asia/status_registered_spec.rb,spec/whois/parsers/responses/whois.nic.asia/asia/status_available_spec.rb,spec/whois/parsers/responses/whois.nic.asia/asia/status_registered_spec.rb;spec/whois/parsers/topdomains_201_225_spec.rb,Fixture-backed parser evidence from the referenced tests; this is not a fresh production sample unless the linked report says so. Observed DomScan host: whois.nic.asia.   The source query strips all domain labels except the final root suffix; no registrable multi-label suffix frequency can be inferred from this CSV.,whois.nic.asia,https://rdap.identitydigital.services/rdap/,whois_and_rdap,200,2026-08-04,2026-09-28T21:43:30Z,observed_domscan_host_matches_current_iana,Whois::Server::Adapters::Standard,Whois::Parsers::WhoisNicAsia,Whois::Parsers::WhoisNicAsia,Whois::Parsers::WhoisNicAsia,The source SQL keeps only the final label. Multi-label registration namespaces such as co.uk/com.au collapse into this root-label bucket and cannot be split from this snapshot.,none,"","","",""
in,252,169,0,final_label_aggregate,delegated_in_iana_tlds_alpha,iana_whois_and_rdap,https://www.iana.org/domains/root/db/in.html,"",whois.nixiregistry.in,Whois::Parsers::WhoisNixiregistryIn,fixture_pair,"Exercise the IANA-listed whois.nixiregistry.in parser for .in with minimal synthetic registered and authoritative-absence shapes, plus contradiction, denial, throttle, and incomplete-response safeguards in the referenced parser spec. Bounded live observations are summarized separately in the audit report.",spec/whois/parsers/g_m_registry_host_migrations_spec.rb,spec/whois/parsers/g_m_registry_host_migrations_spec.rb,spec/whois/parsers/g_m_registry_host_migrations_spec.rb,"Class and route fields describe structure; the evidence state and IANA fields define WHOIS treatment. Parser behavior is documented by the referenced tests where applicable.   Standard-library client route: whois.nixiregistry.in; not official protocol evidence.  The source query strips all domain labels except the final root suffix; no registrable multi-label suffix frequency can be inferred from this CSV. Parser test fixtures use minimal synthetic field/marker shapes; bounded live observations, where made, are summarized separately in the audit prose and are not fixture contents.",whois.nixiregistry.in,https://rdap.nixiregistry.in/rdap/,whois_and_rdap,200,2026-06-29,2026-09-28T21:43:31Z,iana_host_matches_library_route,Whois::Server::Adapters::Standard,Whois::Parsers::WhoisNixiregistryIn,Whois::Parsers::WhoisNixiregistryIn,"",The source SQL keeps only the final label. Multi-label registration namespaces such as co.uk/com.au collapse into this root-label bucket and cannot be split from this snapshot.,none,"","","",""
eu,194,194,190,final_label_aggregate,delegated_in_iana_tlds_alpha,traditional_whois_observed,https://www.iana.org/domains/root/db/eu.html,whois.eu,whois.eu,Whois::Parsers::WhoisEu,fixture_pair,"parse the named registered and authoritative-absence fixtures; keep denials, throttles, and ambiguous replies unknown",spec/whois/parsers/responses/whois.eu/eu/status_registered_spec.rb,spec/whois/parsers/responses/whois.eu/eu/status_available_spec.rb,spec/whois/parsers/domscan_usage_safety_spec.rb;spec/whois/parsers/responses/whois.eu/eu/response_throttled_spec.rb;spec/whois/parsers/responses/whois.eu/eu/status_available_spec.rb;spec/whois/parsers/responses/whois.eu/eu/status_registered_spec.rb,Fixture-backed parser evidence from the referenced tests; this is not a fresh production sample unless the linked report says so. Observed DomScan host: whois.eu.   The source query strips all domain labels except the final root suffix; no registrable multi-label suffix frequency can be inferred from this CSV.,whois.eu,"",whois_only,200,2025-12-22,2026-09-28T21:43:32Z,observed_domscan_host_matches_current_iana,Whois::Server::Adapters::Standard,Whois::Parsers::WhoisEu,Whois::Parsers::WhoisEu,Whois::Parsers::WhoisEu,The source SQL keeps only the final label. Multi-label registration namespaces such as co.uk/com.au collapse into this root-label bucket and cannot be split from this snapshot.,none,"","","",""
microsoft,186,186,0,final_label_aggregate,delegated_in_iana_tlds_alpha,rdap_only_iana,https://www.iana.org/domains/root/db/microsoft.html,"","","",rdap_only,"IANA lists RDAP and no WHOIS server; no traditional WHOIS use is recorded in this snapshot, so this parser package makes no port-43 classification claim.","","","",Classification is based on the dated IANA source and does not assert a registration or availability result.    The source query strips all domain labels except the final root suffix; no registrable multi-label suffix frequency can be inferred from this CSV.,"",https://rdap.nominet.uk/microsoft/,rdap_only,200,2026-02-02,2026-09-28T21:43:33Z,iana_rdap_only_no_library_route,Whois::Server::Adapters::None,"","","",The source SQL keeps only the final label. Multi-label registration namespaces such as co.uk/com.au collapse into this root-label bucket and cannot be split from this snapshot.,none,"","","",""
pt,182,182,91,final_label_aggregate,delegated_in_iana_tlds_alpha,traditional_whois_observed,https://www.iana.org/domains/root/db/pt.html,whois.dns.pt,whois.dns.pt,Whois::Parsers::WhoisDnsPt,fixture_pair,"parse the named registered and authoritative-absence fixtures; keep denials, throttles, and ambiguous replies unknown",spec/whois/parsers/responses/whois.dns.pt/pt/status_registered_spec.rb,spec/whois/parsers/responses/whois.dns.pt/pt/status_available_spec.rb,"",Fixture-backed parser evidence from the referenced tests; this is not a fresh production sample unless the linked report says so. Observed DomScan host: whois.dns.pt.   The source query strips all domain labels except the final root suffix; no registrable multi-label suffix frequency can be inferred from this CSV.,whois.dns.pt,"",whois_only,200,2023-08-02,2026-09-28T21:43:34Z,observed_domscan_host_matches_current_iana,Whois::Server::Adapters::Standard,Whois::Parsers::WhoisDnsPt,Whois::Parsers::WhoisDnsPt,Whois::Parsers::WhoisDnsPt,The source SQL keeps only the final label. Multi-label registration namespaces such as co.uk/com.au collapse into this root-label bucket and cannot be split from this snapshot.,none,"","","",""
store,181,128,0,final_label_aggregate,delegated_in_iana_tlds_alpha,iana_whois_and_rdap,https://www.iana.org/domains/root/db/store.html,"",whois.nic.store,Whois::Parsers::WhoisNicStore,fixture_pair,"Exercise store registered, authoritative absence, and ambiguity/denial cases in spec/whois/parsers/domscan_ns_suffix_truth_spec.rb; direct target host and the installed library route are recorded independently.",spec/whois/parsers/domscan_ns_suffix_truth_spec.rb,spec/whois/parsers/domscan_ns_suffix_truth_spec.rb,spec/whois/parsers/domscan_ns_suffix_truth_spec.rb,Class and route fields describe structure; the evidence state and IANA fields define WHOIS treatment. Parser behavior is documented by the referenced tests where applicable.   Standard-library client route: whois.nic.store; not official protocol evidence.  The source query strips all domain labels except the final root suffix; no registrable multi-label suffix frequency can be inferred from this CSV.,whois.nic.store,https://rdap.radix.host/rdap/,whois_and_rdap,200,2026-04-27,2026-09-28T21:43:35Z,iana_host_matches_library_route,Whois::Server::Adapters::Standard,Whois::Parsers::WhoisNicStore,Whois::Parsers::WhoisNicStore,"",The source SQL keeps only the final label. Multi-label registration namespaces such as co.uk/com.au collapse into this root-label bucket and cannot be split from this snapshot.,none,"","","",""
me,168,123,108,final_label_aggregate,delegated_in_iana_tlds_alpha,traditional_whois_observed,https://www.iana.org/domains/root/db/me.html,whois.nic.me,whois.nic.me,Whois::Parsers::WhoisNicMe,fixture_pair,"parse the named registered and authoritative-absence fixtures; keep denials, throttles, and ambiguous replies unknown",spec/whois/parsers/responses/whois.nic.me/me/status_registered_spec.rb,spec/whois/parsers/responses/whois.nic.me/me/status_available_spec.rb;spec/whois/parsers/responses/whois.nic.me/me/status_domain_not_found_spec.rb,spec/whois/parsers/topdomains_priority_identity_digital_spec.rb,Fixture-backed parser evidence from the referenced tests; this is not a fresh production sample unless the linked report says so. Observed DomScan host: whois.nic.me.   The source query strips all domain labels except the final root suffix; no registrable multi-label suffix frequency can be inferred from this CSV.,whois.nic.me,"",whois_only,200,2020-10-19,2026-09-28T21:43:36Z,observed_domscan_host_matches_current_iana,Whois::Server::Adapters::Standard,Whois::Parsers::WhoisNicMe,Whois::Parsers::WhoisNicMe,Whois::Parsers::WhoisNicMe,The source SQL keeps only the final label. Multi-label registration namespaces such as co.uk/com.au collapse into this root-label bucket and cannot be split from this snapshot.,none,"","","",""
nl,160,155,2,final_label_aggregate,delegated_in_iana_tlds_alpha,traditional_whois_observed,https://www.iana.org/domains/root/db/nl.html,whois.domain-registry.nl,whois.domain-registry.nl,Whois::Parsers::WhoisDomainRegistryNl,fixture_pair,"parse the named registered and authoritative-absence fixtures; keep denials, throttles, and ambiguous replies unknown",spec/whois/parsers/responses/whois.domain-registry.nl/nl/status_registered_spec.rb,spec/whois/parsers/responses/whois.domain-registry.nl/nl/status_available_spec.rb,spec/whois/parsers/responses/whois.domain-registry.nl/nl/response_throttled_daily_spec.rb;spec/whois/parsers/responses/whois.domain-registry.nl/nl/response_throttled_spec.rb;spec/whois/parsers/responses/whois.domain-registry.nl/nl/response_unavailable_spec.rb;spec/whois/parsers/responses/whois.domain-registry.nl/nl/status_available_spec.rb;spec/whois/parsers/responses/whois.domain-registry.nl/nl/status_redemption_spec.rb;spec/whois/parsers/responses/whois.domain-registry.nl/nl/status_registered_spec.rb;spec/whois/parsers/status_safety_spec.rb,Fixture-backed parser evidence from the referenced tests; this is not a fresh production sample unless the linked report says so. Observed DomScan host: whois.domain-registry.nl.   The source query strips all domain labels except the final root suffix; no registrable multi-label suffix frequency can be inferred from this CSV.,whois.domain-registry.nl,https://rdap.sidn.nl/,whois_and_rdap,200,2024-06-20,2026-09-28T21:43:37Z,observed_domscan_host_matches_current_iana,Whois::Server::Adapters::Standard,Whois::Parsers::WhoisDomainRegistryNl,Whois::Parsers::WhoisDomainRegistryNl,Whois::Parsers::WhoisDomainRegistryNl,The source SQL keeps only the final label. Multi-label registration namespaces such as co.uk/com.au collapse into this root-label bucket and cannot be split from this snapshot.,none,"","","",""
cloud,159,156,1,final_label_aggregate,delegated_in_iana_tlds_alpha,traditional_whois_observed,https://www.iana.org/domains/root/db/cloud.html,whois.nic.cloud,whois.nic.cloud,Whois::Parsers::WhoisNicCloud,fixture_pair,"Exercise the IANA-listed whois.nic.cloud parser for .cloud with minimal synthetic registered and authoritative-absence shapes, plus contradiction, denial, throttle, and incomplete-response safeguards in the referenced parser spec. Bounded live observations are summarized separately in the audit report.",spec/whois/parsers/domscan_first_class_structural_a_f_spec.rb,spec/whois/parsers/domscan_first_class_structural_a_f_spec.rb,spec/whois/parsers/domscan_first_class_structural_a_f_spec.rb,"Class and route fields describe structure; the evidence state and IANA fields define WHOIS treatment. Parser behavior is documented by the referenced tests where applicable. Observed DomScan host: whois.nic.cloud.   The source query strips all domain labels except the final root suffix; no registrable multi-label suffix frequency can be inferred from this CSV. Parser test fixtures use minimal synthetic field/marker shapes; bounded live observations, where made, are summarized separately in the audit prose and are not fixture contents.",whois.nic.cloud,https://rdap.registry.cloud/rdap/,whois_and_rdap,200,2025-12-18,2026-09-28T21:43:38Z,observed_domscan_host_matches_current_iana,Whois::Server::Adapters::Standard,Whois::Parsers::WhoisNicCloud,Whois::Parsers::WhoisNicCloud,Whois::Parsers::WhoisNicCloud,The source SQL keeps only the final label. Multi-label registration namespaces such as co.uk/com.au collapse into this root-label bucket and cannot be split from this snapshot.,none,"","","",""
ca,155,147,0,final_label_aggregate,delegated_in_iana_tlds_alpha,iana_whois_and_rdap,https://www.iana.org/domains/root/db/ca.html,"",whois.cira.ca,Whois::Parsers::WhoisCiraCa,fixture_pair,"parse the named registered and authoritative-absence fixtures; keep denials, throttles, and ambiguous replies unknown",spec/whois/parsers/responses/whois.cira.ca/ca/property_status_registered_spec.rb;spec/whois/parsers/responses/whois.cira.ca/ca/status_registered_spec.rb,spec/whois/parsers/responses/whois.cira.ca/ca/property_status_available_spec.rb;spec/whois/parsers/responses/whois.cira.ca/ca/status_available_spec.rb,"",Fixture-backed parser evidence from the referenced tests; this is not a fresh production sample unless the linked report says so.   Standard-library client route: whois.cira.ca; not official protocol evidence.  The source query strips all domain labels except the final root suffix; no registrable multi-label suffix frequency can be inferred from this CSV.,whois.cira.ca,https://rdap.ca.fury.ca/rdap/,whois_and_rdap,200,2026-08-04,2026-09-28T21:43:39Z,iana_host_matches_library_route,Whois::Server::Adapters::Standard,Whois::Parsers::WhoisCiraCa,Whois::Parsers::WhoisCiraCa,"",The source SQL keeps only the final label. Multi-label registration namespaces such as co.uk/com.au collapse into this root-label bucket and cannot be split from this snapshot.,none,"","","",""
ac,154,1,1,final_label_aggregate,delegated_in_iana_tlds_alpha,traditional_whois_observed,https://www.iana.org/domains/root/db/ac.html,whois.nic.ac,whois.nic.ac,Whois::Parsers::WhoisNicAc,fixture_pair,"parse the named registered and authoritative-absence fixtures; keep denials, throttles, and ambiguous replies unknown",spec/whois/parsers/responses/whois.nic.ac/ac/status_registered_spec.rb,spec/whois/parsers/responses/whois.nic.ac/ac/status_available_spec.rb,spec/whois/parsers/status_safety_spec.rb;spec/whois/parsers/topdomains_176_200_spec.rb;spec/whois/parsers/topdomains_package_4_spec.rb,Fixture-backed parser evidence from the referenced tests; this is not a fresh production sample unless the linked report says so. Observed DomScan host: whois.nic.ac.   The source query strips all domain labels except the final root suffix; no registrable multi-label suffix frequency can be inferred from this CSV.,whois.nic.ac,"",whois_only,200,2023-03-07,2026-09-28T21:43:39Z,observed_domscan_host_matches_current_iana,Whois::Server::Adapters::Standard,Whois::Parsers::WhoisNicAc,Whois::Parsers::WhoisNicAc,Whois::Parsers::WhoisNicAc,The source SQL keeps only the final label. Multi-label registration namespaces such as co.uk/com.au collapse into this root-label bucket and cannot be split from this snapshot.,none,"","","",""
cc,151,63,0,final_label_aggregate,delegated_in_iana_tlds_alpha,iana_whois_and_rdap,https://www.iana.org/domains/root/db/cc.html,"",ccwhois.verisign-grs.com,Whois::Parsers::CcwhoisVerisignGrsCom,fixture_pair,"parse the named registered and authoritative-absence fixtures; keep denials, throttles, and ambiguous replies unknown",spec/whois/parsers/responses/ccwhois.verisign-grs.com/cc/status_registered_spec.rb,spec/whois/parsers/responses/ccwhois.verisign-grs.com/cc/status_available_spec.rb,"",Fixture-backed parser evidence from the referenced tests; this is not a fresh production sample unless the linked report says so.   Standard-library client route: ccwhois.verisign-grs.com; not official protocol evidence.  The source query strips all domain labels except the final root suffix; no registrable multi-label suffix frequency can be inferred from this CSV.,ccwhois.verisign-grs.com,https://tld-rdap.verisign.com/cc/v1/,whois_and_rdap,200,2026-03-24,2026-09-28T21:43:40Z,iana_host_matches_library_route,Whois::Server::Adapters::Verisign,Whois::Parsers::CcwhoisVerisignGrsCom,Whois::Parsers::CcwhoisVerisignGrsCom,"",The source SQL keeps only the final label. Multi-label registration namespaces such as co.uk/com.au collapse into this root-label bucket and cannot be split from this snapshot.,none,"","","",""
za,139,27,25,final_label_aggregate,delegated_in_iana_tlds_alpha,traditional_whois_observed_via_multilabel_coza_route_iana_root_page_lists_no_service,https://www.iana.org/domains/root/db/za.html,coza-whois.registry.net.za,coza-whois.registry.net.za,Whois::Parsers::CozaWhoisRegistryNetZa,multilabel_observation_only,"The observed traditional service is the existing .co.za route through coza-whois.registry.net.za, with registered/absence/throttle tests. IANA .za lists no service; final-label logs cannot isolate .co.za from any root .za requests, so this is not a direct .za parser-coverage claim.",spec/whois/parsers/responses/coza-whois.registry.net.za/co.za/status_registered_spec.rb,spec/whois/parsers/responses/coza-whois.registry.net.za/co.za/status_available_spec.rb,spec/whois/parsers/responses/coza-whois.registry.net.za/co.za/response_throttled_spec.rb,"The observed traffic includes example.co.za via coza-whois.registry.net.za, and the installed/DomScan route handles that multi-label namespace. IANA .za lists no WHOIS or RDAP server. The log aggregate retains only final label za, so no direct .za usage volume or status can be inferred.","","",no_server_listed,200,2025-04-16,2026-09-28T21:43:41Z,domscan_custom_multilabel_coza_route_not_iana_za_service,Whois::Server::Adapters::Standard,Whois::Parsers::CozaWhoisRegistryNetZa,"",Whois::Parsers::CozaWhoisRegistryNetZa,"Observed traffic includes example.co.za routed to coza-whois.registry.net.za; the aggregate strips to final label za, so .co.za volume cannot be isolated.",covered_by_existing_domscan_route_mapping_multilabel,"","","",""
cl,130,130,126,final_label_aggregate,delegated_in_iana_tlds_alpha,traditional_whois_observed,https://www.iana.org/domains/root/db/cl.html,whois.nic.cl,whois.nic.cl,Whois::Parsers::WhoisNicCl,fixture_pair,"parse the named registered and authoritative-absence fixtures; keep denials, throttles, and ambiguous replies unknown",spec/whois/parsers/responses/whois.nic.cl/cl/status_registered_spec.rb,spec/whois/parsers/responses/whois.nic.cl/cl/status_available_spec.rb,spec/whois/parsers/domscan_usage_safety_spec.rb;spec/whois/parsers/registry_response_safety_spec.rb,Fixture-backed parser evidence from the referenced tests; this is not a fresh production sample unless the linked report says so. Observed DomScan host: whois.nic.cl.   The source query strips all domain labels except the final root suffix; no registrable multi-label suffix frequency can be inferred from this CSV.,whois.nic.cl,"",whois_only,200,2026-08-04,2026-09-28T21:43:42Z,observed_domscan_host_matches_current_iana,Whois::Server::Adapters::Standard,Whois::Parsers::WhoisNicCl,Whois::Parsers::WhoisNicCl,Whois::Parsers::WhoisNicCl,The source SQL keeps only the final label. Multi-label registration namespaces such as co.uk/com.au collapse into this root-label bucket and cannot be split from this snapshot.,none,"","","",""
ie,121,121,121,final_label_aggregate,delegated_in_iana_tlds_alpha,traditional_whois_observed,https://www.iana.org/domains/root/db/ie.html,whois.iedr.ie,whois.iedr.ie,Whois::Parsers::WhoisWeareIe,fixture_pair,"Exercise the IANA-listed whois.weare.ie parser for .ie with minimal synthetic registered and authoritative-absence shapes, plus contradiction, denial, throttle, and incomplete-response safeguards in the referenced parser spec. Bounded live observations are summarized separately in the audit report.",spec/whois/parsers/g_m_registry_host_migrations_spec.rb,spec/whois/parsers/g_m_registry_host_migrations_spec.rb,spec/whois/parsers/g_m_registry_host_migrations_spec.rb,"Current-IANA-host truth fixtures are in spec/whois/parsers/g_m_registry_host_migrations_spec.rb. Historical DomScan calls used whois.iedr.ie and the installed route still uses that legacy host; IANA now lists whois.weare.ie. The direct current-host class is covered independently. Parser test fixtures use minimal synthetic field/marker shapes; bounded live observations, where made, are summarized separately in the audit prose and are not fixture contents.",whois.weare.ie,"",whois_only,200,2026-07-23,2026-09-28T21:43:42Z,observed_domscan_host_matches_library_route_but_differs_from_iana,Whois::Server::Adapters::Standard,Whois::Parsers::WhoisIedrIe,Whois::Parsers::WhoisWeareIe,Whois::Parsers::WhoisIedrIe,The source SQL keeps only the final label. Multi-label registration namespaces such as co.uk/com.au collapse into this root-label bucket and cannot be split from this snapshot.,installed_library_route_differs_from_current_iana_host,"","","",""
help,118,118,0,final_label_aggregate,delegated_in_iana_tlds_alpha,iana_whois_and_rdap,https://www.iana.org/domains/root/db/help.html,"",whois.uniregistry.net,Whois::Parsers::WhoisNicHelp,fixture_pair,"Exercise the IANA-listed whois.nic.help parser for .help with minimal synthetic registered and authoritative-absence shapes, plus contradiction, denial, throttle, and incomplete-response safeguards in the referenced parser spec. Bounded live observations are summarized separately in the audit report.",spec/whois/parsers/g_m_registry_host_migrations_spec.rb,spec/whois/parsers/g_m_registry_host_migrations_spec.rb,spec/whois/parsers/g_m_registry_host_migrations_spec.rb,"Class and route fields describe structure; the evidence state and IANA fields define WHOIS treatment. Parser behavior is documented by the referenced tests where applicable.   Standard-library client route: whois.uniregistry.net; not official protocol evidence.  The source query strips all domain labels except the final root suffix; no registrable multi-label suffix frequency can be inferred from this CSV. Parser test fixtures use minimal synthetic field/marker shapes; bounded live observations, where made, are summarized separately in the audit prose and are not fixture contents.",whois.nic.help,https://rdap.centralnic.com/help/,whois_and_rdap,200,2024-01-04,2026-09-28T21:43:43Z,library_route_differs_from_iana_whois_host,Whois::Server::Adapters::Standard,Whois::Parsers::WhoisUniregistryNet,Whois::Parsers::WhoisNicHelp,"",The source SQL keeps only the final label. Multi-label registration namespaces such as co.uk/com.au collapse into this root-label bucket and cannot be split from this snapshot.,installed_library_route_differs_from_current_iana_host,"","","",""
kr,118,1,1,final_label_aggregate,delegated_in_iana_tlds_alpha,traditional_whois_observed,https://www.iana.org/domains/root/db/kr.html,whois.kr,whois.kr,Whois::Parsers::WhoisKr,fixture_pair,"parse the named registered and authoritative-absence fixtures; keep denials, throttles, and ambiguous replies unknown",spec/whois/parsers/responses/whois.kr/kr/status_registered_spec.rb,spec/whois/parsers/responses/whois.kr/kr/status_available_spec.rb;spec/whois/parsers/responses/whois.kr/kr/status_not_found_spec.rb,"",Fixture-backed parser evidence from the referenced tests; this is not a fresh production sample unless the linked report says so. Observed DomScan host: whois.kr.   The source query strips all domain labels except the final root suffix; no registrable multi-label suffix frequency can be inferred from this CSV.,whois.kr,https://rdap.nic.or.kr,whois_and_rdap,200,2026-09-16,2026-09-28T21:43:44Z,observed_domscan_host_matches_current_iana,Whois::Server::Adapters::Standard,Whois::Parsers::WhoisKr,Whois::Parsers::WhoisKr,Whois::Parsers::WhoisKr,The source SQL keeps only the final label. Multi-label registration namespaces such as co.uk/com.au collapse into this root-label bucket and cannot be split from this snapshot.,none,"","","",""
es,114,84,14,final_label_aggregate,delegated_in_iana_tlds_alpha,traditional_whois_observed,https://www.iana.org/domains/root/db/es.html,whois.nic.es,whois.nic.es,Whois::Parsers::WhoisNicEs,fixture_pair,"parse the named registered and authoritative-absence fixtures; keep denials, throttles, and ambiguous replies unknown",spec/whois/parsers/responses/whois.nic.es/es/status_registered_spec.rb,spec/whois/parsers/responses/whois.nic.es/es/status_available_spec.rb,spec/whois/parsers/denial_response_contract_spec.rb;spec/whois/parsers/responses/whois.nic.es/es/response_unavailable_ip_authorisation_spec.rb;spec/whois/parsers/responses/whois.nic.es/es/response_unavailable_request_access_spec.rb,Fixture-backed parser evidence from the referenced tests; this is not a fresh production sample unless the linked report says so. Observed DomScan host: whois.nic.es.   The source query strips all domain labels except the final root suffix; no registrable multi-label suffix frequency can be inferred from this CSV.,whois.nic.es,"",whois_only,200,2025-07-11,2026-09-28T21:43:45Z,observed_domscan_host_matches_current_iana,Whois::Server::Adapters::Standard,Whois::Parsers::WhoisNicEs,Whois::Parsers::WhoisNicEs,Whois::Parsers::WhoisNicEs,The source SQL keeps only the final label. Multi-label registration namespaces such as co.uk/com.au collapse into this root-label bucket and cannot be split from this snapshot.,none,"","","",""
uk,108,96,0,final_label_aggregate,delegated_in_iana_tlds_alpha,whois_active_until_2027-02-09_nominet,https://www.iana.org/domains/root/db/uk.html,"",whois.nic.uk,Whois::Parsers::WhoisNicUk,registry_verified_temporary_whois,"Exercise current whois.nic.uk registered and authoritative-absence responses; keep outside-namespace, incomplete, invalid/reserved, denial, and throttled replies non-positive. Nominet confirms service through 2027-02-09 despite IANA RDAP-only fields. The denial fixture is synthetic; no live denial was observed.",spec/whois/parsers/domscan_whois_nic_uk_unknown_spec.rb,spec/whois/parsers/domscan_whois_nic_uk_unknown_spec.rb,spec/whois/parsers/domscan_whois_nic_uk_unknown_spec.rb,"Current redacted registered, authoritative-absence, and outside-namespace responses were observed from whois.nic.uk:43 on 2026-09-29. The explicit denial fixture is synthetic; the live Nominet banner is policy text, not an observed denial. The new regression verifies denial remains unavailable and cannot be hidden by record or absence markers.","",https://rdap.nominet.uk/uk/,rdap_only,200,2026-08-04,2026-09-28T21:43:46Z,official_nominet_temporary_whois_exception_through_2027-02-09,Whois::Server::Adapters::Standard,Whois::Parsers::WhoisNicUk,"","",The source SQL keeps only the final label. Multi-label registration namespaces such as co.uk/com.au collapse into this root-label bucket and cannot be split from this snapshot.,none,https://theukdomain.uk/rdap/,"Official Nominet guidance says IANA stopped advertising WHOIS from August 2026, but whois.nic.uk continues operating until 2027-02-09. The IANA protocol fields above remain an unmodified snapshot.","",""
gifts,102,0,0,final_label_aggregate,delegated_in_iana_tlds_alpha,rdap_only_iana,https://www.iana.org/domains/root/db/gifts.html,"",whois.nic.gifts,"",rdap_only,"IANA lists RDAP and no WHOIS server; no traditional WHOIS use is recorded in this snapshot, so this parser package makes no port-43 classification claim.","","","",Classification is based on the dated IANA source and does not assert a registration or availability result.   Standard-library client route: whois.nic.gifts; not official protocol evidence.  The source query strips all domain labels except the final root suffix; no registrable multi-label suffix frequency can be inferred from this CSV.,"",https://rdap.identitydigital.services/rdap/,rdap_only,200,2025-10-07,2026-09-28T21:43:46Z,stale_library_whois_route_for_iana_rdap_only,Whois::Server::Adapters::Standard,Whois::Parsers::WhoisNicGifts,"","",The source SQL keeps only the final label. Multi-label registration namespaces such as co.uk/com.au collapse into this root-label bucket and cannot be split from this snapshot.,rdap_only_suffix_still_has_installed_whois_route,"","","",""
giving,102,0,0,final_label_aggregate,delegated_in_iana_tlds_alpha,iana_whois_and_rdap,https://www.iana.org/domains/root/db/giving.html,"",whois.nic.giving,Whois::Parsers::WhoisNicGiving,fixture_pair,"Exercise the IANA-listed whois.nic.giving parser for .giving with minimal synthetic registered and authoritative-absence shapes, plus contradiction, denial, throttle, and incomplete-response safeguards in the referenced parser spec. Bounded live observations are summarized separately in the audit report.",spec/whois/parsers/whois_g_m_leftover_registry_safety_spec.rb,spec/whois/parsers/whois_g_m_leftover_registry_safety_spec.rb,spec/whois/parsers/whois_g_m_leftover_registry_safety_spec.rb,"Parser regression and safety coverage for the IANA-listed host is in spec/whois/parsers/whois_g_m_leftover_registry_safety_spec.rb; the parser suite exercises registered, authoritative absence, and denial/contradiction cases for .giving. Parser test fixtures use minimal synthetic field/marker shapes; bounded live observations, where made, are summarized separately in the audit prose and are not fixture contents.",whois.nic.giving,https://rdap.publicinterestregistry.org/rdap/,whois_and_rdap,200,2025-08-14,2026-09-28T21:43:47Z,iana_host_matches_library_route,Whois::Server::Adapters::Standard,Whois::Parsers::WhoisNicGiving,Whois::Parsers::WhoisNicGiving,"",The source SQL keeps only the final label. Multi-label registration namespaces such as co.uk/com.au collapse into this root-label bucket and cannot be split from this snapshot.,none,"","","",""
se,101,99,99,final_label_aggregate,delegated_in_iana_tlds_alpha,traditional_whois_observed,https://www.iana.org/domains/root/db/se.html,whois.iis.se,whois.iis.se,Whois::Parsers::WhoisIisSe,fixture_pair,"parse the named registered and authoritative-absence fixtures; keep denials, throttles, and ambiguous replies unknown",spec/whois/parsers/responses/whois.iis.se/se/status_registered_spec.rb,spec/whois/parsers/responses/whois.iis.se/se/status_available_spec.rb,"",Fixture-backed parser evidence from the referenced tests; this is not a fresh production sample unless the linked report says so. Observed DomScan host: whois.iis.se.   The source query strips all domain labels except the final root suffix; no registrable multi-label suffix frequency can be inferred from this CSV.,whois.iis.se,"",whois_only,200,2026-02-12,2026-09-28T21:43:48Z,observed_domscan_host_matches_current_iana,Whois::Server::Adapters::Standard,Whois::Parsers::WhoisIisSe,Whois::Parsers::WhoisIisSe,Whois::Parsers::WhoisIisSe,The source SQL keeps only the final label. Multi-label registration namespaces such as co.uk/com.au collapse into this root-label bucket and cannot be split from this snapshot.,none,"","","",""
top,101,40,0,final_label_aggregate,delegated_in_iana_tlds_alpha,iana_whois_and_rdap,https://www.iana.org/domains/root/db/top.html,"",whois.nic.top,Whois::Parsers::WhoisNicTop,fixture_pair,"Exercise the IANA-listed whois.nic.top parser for .top with minimal synthetic registered and authoritative-absence shapes, plus contradiction, denial, throttle, and incomplete-response safeguards in the referenced parser spec. Bounded live observations are summarized separately in the audit report.",spec/whois/parsers/whois_t_z_structural_safety_spec.rb,spec/whois/parsers/whois_t_z_structural_safety_spec.rb,spec/whois/parsers/whois_t_z_structural_safety_spec.rb,"Class and route fields describe structure; the evidence state and IANA fields define WHOIS treatment. Parser behavior is documented by the referenced tests where applicable.   Standard-library client route: whois.nic.top; not official protocol evidence.  The source query strips all domain labels except the final root suffix; no registrable multi-label suffix frequency can be inferred from this CSV. Parser test fixtures use minimal synthetic field/marker shapes; bounded live observations, where made, are summarized separately in the audit prose and are not fixture contents.",whois.nic.top,https://rdap.zdnsgtld.com/top/,whois_and_rdap,200,2026-09-23,2026-09-28T21:43:49Z,iana_host_matches_library_route,Whois::Server::Adapters::Standard,Whois::Parsers::WhoisNicTop,Whois::Parsers::WhoisNicTop,"",The source SQL keeps only the final label. Multi-label registration namespaces such as co.uk/com.au collapse into this root-label bucket and cannot be split from this snapshot.,none,"","","",""
sbs,93,46,0,final_label_aggregate,delegated_in_iana_tlds_alpha,iana_whois_and_rdap,https://www.iana.org/domains/root/db/sbs.html,"",whois.nic.sbs,Whois::Parsers::WhoisNicSbs,fixture_pair,"Exercise sbs registered, authoritative absence, and ambiguity/denial cases in spec/whois/parsers/domscan_ns_suffix_truth_spec.rb; direct target host and the installed library route are recorded independently.",spec/whois/parsers/domscan_ns_suffix_truth_spec.rb,spec/whois/parsers/domscan_ns_suffix_truth_spec.rb,spec/whois/parsers/domscan_ns_suffix_truth_spec.rb,Class and route fields describe structure; the evidence state and IANA fields define WHOIS treatment. Parser behavior is documented by the referenced tests where applicable.   Standard-library client route: whois.nic.sbs; not official protocol evidence.  The source query strips all domain labels except the final root suffix; no registrable multi-label suffix frequency can be inferred from this CSV.,whois.nic.sbs,https://rdap.centralnic.com/sbs/,whois_and_rdap,200,2024-06-19,2026-09-28T21:43:50Z,iana_host_matches_library_route,Whois::Server::Adapters::Standard,Whois::Parsers::WhoisNicSbs,Whois::Parsers::WhoisNicSbs,"",The source SQL keeps only the final label. Multi-label registration namespaces such as co.uk/com.au collapse into this root-label bucket and cannot be split from this snapshot.,none,"","","",""
ceo,91,8,0,final_label_aggregate,delegated_in_iana_tlds_alpha,iana_whois_and_rdap,https://www.iana.org/domains/root/db/ceo.html,"",whois.nic.ceo,Whois::Parsers::WhoisNicCeo,fixture_pair,"Exercise the IANA-listed whois.nic.ceo parser for .ceo with minimal synthetic registered and authoritative-absence shapes, plus contradiction, denial, throttle, and incomplete-response safeguards in the referenced parser spec. Bounded live observations are summarized separately in the audit report.",spec/whois/parsers/domscan_first_class_structural_a_f_spec.rb,spec/whois/parsers/domscan_first_class_structural_a_f_spec.rb,spec/whois/parsers/domscan_first_class_structural_a_f_spec.rb,"Class and route fields describe structure; the evidence state and IANA fields define WHOIS treatment. Parser behavior is documented by the referenced tests where applicable.   Standard-library client route: whois.nic.ceo; not official protocol evidence.  The source query strips all domain labels except the final root suffix; no registrable multi-label suffix frequency can be inferred from this CSV. Parser test fixtures use minimal synthetic field/marker shapes; bounded live observations, where made, are summarized separately in the audit prose and are not fixture contents.",whois.nic.ceo,https://rdap.centralnic.com/ceo/,whois_and_rdap,200,2025-08-12,2026-09-28T21:43:51Z,iana_host_matches_library_route,Whois::Server::Adapters::Standard,Whois::Parsers::WhoisNicCeo,Whois::Parsers::WhoisNicCeo,"",The source SQL keeps only the final label. Multi-label registration namespaces such as co.uk/com.au collapse into this root-label bucket and cannot be split from this snapshot.,none,"","","",""
events,85,0,0,final_label_aggregate,delegated_in_iana_tlds_alpha,rdap_only_iana,https://www.iana.org/domains/root/db/events.html,"",whois.nic.events,"",rdap_only,"IANA lists RDAP and no WHOIS server; no traditional WHOIS use is recorded in this snapshot, so this parser package makes no port-43 classification claim.","","","",Classification is based on the dated IANA source and does not assert a registration or availability result.   Standard-library client route: whois.nic.events; not official protocol evidence.  The source query strips all domain labels except the final root suffix; no registrable multi-label suffix frequency can be inferred from this CSV.,"",https://rdap.identitydigital.services/rdap/,rdap_only,200,2025-10-07,2026-09-28T21:43:51Z,stale_library_whois_route_for_iana_rdap_only,Whois::Server::Adapters::Standard,"","","",The source SQL keeps only the final label. Multi-label registration namespaces such as co.uk/com.au collapse into this root-label bucket and cannot be split from this snapshot.,rdap_only_suffix_still_has_installed_whois_route,"","","",""
id,85,17,0,final_label_aggregate,delegated_in_iana_tlds_alpha,iana_whois_and_rdap,https://www.iana.org/domains/root/db/id.html,"",whois.id,Whois::Parsers::WhoisId,fixture_pair,"Exercise the IANA-listed whois.id parser for .id with minimal synthetic registered and authoritative-absence shapes, plus contradiction, denial, throttle, and incomplete-response safeguards in the referenced parser spec. Bounded live observations are summarized separately in the audit report.",spec/whois/parsers/whois_g_m_leftover_registry_safety_spec.rb,spec/whois/parsers/whois_g_m_leftover_registry_safety_spec.rb,spec/whois/parsers/whois_g_m_leftover_registry_safety_spec.rb,"Parser regression and safety coverage for the IANA-listed host is in spec/whois/parsers/whois_g_m_leftover_registry_safety_spec.rb; the parser suite exercises registered, authoritative absence, and denial/contradiction cases for .id. Parser test fixtures use minimal synthetic field/marker shapes; bounded live observations, where made, are summarized separately in the audit prose and are not fixture contents.",whois.id,https://rdap.pandi.id/rdap/,whois_and_rdap,200,2026-08-05,2026-09-28T21:43:53Z,iana_host_matches_library_route,Whois::Server::Adapters::Standard,Whois::Parsers::WhoisId,Whois::Parsers::WhoisId,"",The source SQL keeps only the final label. Multi-label registration namespaces such as co.uk/com.au collapse into this root-label bucket and cannot be split from this snapshot.,none,"","","",""
tv,85,59,0,final_label_aggregate,delegated_in_iana_tlds_alpha,iana_whois_and_rdap,https://www.iana.org/domains/root/db/tv.html,"",whois.nic.tv,Whois::Parsers::WhoisNicTv,fixture_pair,"Exercise the IANA-listed whois.nic.tv parser for .tv with minimal synthetic registered and authoritative-absence shapes, plus contradiction, denial, throttle, and incomplete-response safeguards in the referenced parser spec. Bounded live observations are summarized separately in the audit report.",spec/whois/parsers/whois_t_z_structural_safety_spec.rb,spec/whois/parsers/whois_t_z_structural_safety_spec.rb,spec/whois/parsers/whois_t_z_structural_safety_spec.rb,"Class and route fields describe structure; the evidence state and IANA fields define WHOIS treatment. Parser behavior is documented by the referenced tests where applicable.   Standard-library client route: whois.nic.tv; not official protocol evidence.  The source query strips all domain labels except the final root suffix; no registrable multi-label suffix frequency can be inferred from this CSV. Parser test fixtures use minimal synthetic field/marker shapes; bounded live observations, where made, are summarized separately in the audit prose and are not fixture contents.",whois.nic.tv,https://rdap.nic.tv/,whois_and_rdap,200,2026-08-05,2026-09-28T21:43:53Z,iana_host_matches_library_route,Whois::Server::Adapters::Standard,Whois::Parsers::WhoisNicTv,Whois::Parsers::WhoisNicTv,"",The source SQL keeps only the final label. Multi-label registration namespaces such as co.uk/com.au collapse into this root-label bucket and cannot be split from this snapshot.,none,"","","",""
my,81,81,81,final_label_aggregate,delegated_in_iana_tlds_alpha,traditional_whois_observed,https://www.iana.org/domains/root/db/my.html,whois.mynic.my,whois.mynic.my,Whois::Parsers::WhoisMynicMy,fixture_pair,"parse the named registered and authoritative-absence fixtures; keep denials, throttles, and ambiguous replies unknown",spec/whois/parsers/responses/whois.mynic.my/my/status_registered_spec.rb,spec/whois/parsers/responses/whois.mynic.my/my/status_available_spec.rb,spec/whois/parsers/tld_denial_response_contract_spec.rb,Fixture-backed parser evidence from the referenced tests; this is not a fresh production sample unless the linked report says so. Observed DomScan host: whois.mynic.my.   The source query strips all domain labels except the final root suffix; no registrable multi-label suffix frequency can be inferred from this CSV.,whois.mynic.my,"",whois_only,200,2026-08-21,2026-09-28T21:43:54Z,observed_domscan_host_matches_current_iana,Whois::Server::Adapters::Standard,Whois::Parsers::WhoisMynicMy,Whois::Parsers::WhoisMynicMy,Whois::Parsers::WhoisMynicMy,The source SQL keeps only the final label. Multi-label registration namespaces such as co.uk/com.au collapse into this root-label bucket and cannot be split from this snapshot.,none,"","","",""
ph,71,34,0,final_label_aggregate,delegated_in_iana_tlds_alpha,library_web_adapter_iana_lists_no_whois_or_rdap,https://www.iana.org/domains/root/db/ph.html,"","","",web_adapter_only,IANA lists no WHOIS or RDAP endpoint and the current client uses its Web adapter; this parser package claims no port-43 response coverage.,"","",spec/audits/domscan_whois_coverage_spec.rb,Classification is based on the dated IANA source and does not assert a registration or availability result.    The source query strips all domain labels except the final root suffix; no registrable multi-label suffix frequency can be inferred from this CSV.,"","",no_server_listed,200,2026-08-05,2026-09-28T21:43:55Z,web_adapter_without_iana_port43_service,Whois::Server::Adapters::Web,"","","",The source SQL keeps only the final label. Multi-label registration namespaces such as co.uk/com.au collapse into this root-label bucket and cannot be split from this snapshot.,none,"","","",""
promo,68,0,0,final_label_aggregate,delegated_in_iana_tlds_alpha,rdap_only_iana,https://www.iana.org/domains/root/db/promo.html,"",whois.afilias.net,"",rdap_only,"IANA lists RDAP and no WHOIS server; no traditional WHOIS use is recorded in this snapshot, so this parser package makes no port-43 classification claim.","","","",Class and route fields describe structure; the evidence state and IANA fields define WHOIS treatment. Parser behavior is documented by the referenced tests where applicable.   Standard-library client route: whois.afilias.net; not official protocol evidence.  The source query strips all domain labels except the final root suffix; no registrable multi-label suffix frequency can be inferred from this CSV.,"",https://rdap.identitydigital.services/rdap/,rdap_only,200,2025-09-04,2026-09-28T21:43:56Z,stale_library_whois_route_for_iana_rdap_only,Whois::Server::Adapters::Standard,Whois::Parsers::WhoisAfiliasNet,"","",The source SQL keeps only the final label. Multi-label registration namespaces such as co.uk/com.au collapse into this root-label bucket and cannot be split from this snapshot.,rdap_only_suffix_still_has_installed_whois_route,"","","",""
mx,65,45,45,final_label_aggregate,delegated_in_iana_tlds_alpha,traditional_whois_observed,https://www.iana.org/domains/root/db/mx.html,whois.mx,whois.mx,Whois::Parsers::WhoisMx,fixture_pair,"Exercise the IANA-listed whois.mx parser for .mx with minimal synthetic registered and authoritative-absence shapes, plus contradiction, denial, throttle, and incomplete-response safeguards in the referenced parser spec. Bounded live observations are summarized separately in the audit report.",spec/whois/parsers/whois_g_m_leftover_registry_safety_spec.rb,spec/whois/parsers/whois_g_m_leftover_registry_safety_spec.rb,spec/whois/parsers/whois_g_m_leftover_registry_safety_spec.rb,"Parser regression and safety coverage for the IANA-listed host is in spec/whois/parsers/whois_g_m_leftover_registry_safety_spec.rb; the parser suite exercises registered, authoritative absence, and denial/contradiction cases for .mx. Parser test fixtures use minimal synthetic field/marker shapes; bounded live observations, where made, are summarized separately in the audit prose and are not fixture contents.",whois.mx,"",whois_only,200,2026-02-28,2026-09-28T21:43:56Z,observed_domscan_host_matches_current_iana,Whois::Server::Adapters::Standard,Whois::Parsers::WhoisMx,Whois::Parsers::WhoisMx,Whois::Parsers::WhoisMx,The source SQL keeps only the final label. Multi-label registration namespaces such as co.uk/com.au collapse into this root-label bucket and cannot be split from this snapshot.,none,"","","",""
au,64,50,12,final_label_aggregate,delegated_in_iana_tlds_alpha,traditional_whois_observed,https://www.iana.org/domains/root/db/au.html,whois.auda.org.au,whois.auda.org.au,Whois::Parsers::WhoisAudaOrgAu,fixture_pair,"Exercise the IANA-listed whois.auda.org.au parser for .au with minimal synthetic registered and authoritative-absence shapes, plus contradiction, denial, throttle, and incomplete-response safeguards in the referenced parser spec. Bounded live observations are summarized separately in the audit report.",spec/whois/parsers/domscan_first_class_structural_a_f_spec.rb,spec/whois/parsers/domscan_first_class_structural_a_f_spec.rb,spec/whois/parsers/domscan_first_class_structural_a_f_spec.rb,"Class and route fields describe structure; the evidence state and IANA fields define WHOIS treatment. Parser behavior is documented by the referenced tests where applicable. Observed DomScan host: whois.auda.org.au.   The source query strips all domain labels except the final root suffix; no registrable multi-label suffix frequency can be inferred from this CSV. Parser test fixtures use minimal synthetic field/marker shapes; bounded live observations, where made, are summarized separately in the audit prose and are not fixture contents.",whois.auda.org.au,https://rdap.cctld.au/rdap/,whois_and_rdap,200,2026-09-08,2026-09-28T21:43:57Z,observed_domscan_host_matches_current_iana,Whois::Server::Adapters::Standard,Whois::Parsers::WhoisAudaOrgAu,Whois::Parsers::WhoisAudaOrgAu,Whois::Parsers::WhoisAudaOrgAu,The source SQL keeps only the final label. Multi-label registration namespaces such as co.uk/com.au collapse into this root-label bucket and cannot be split from this snapshot.,none,"","","",""
tech,58,24,0,final_label_aggregate,delegated_in_iana_tlds_alpha,iana_whois_and_rdap,https://www.iana.org/domains/root/db/tech.html,"",whois.nic.tech,Whois::Parsers::WhoisNicTech,fixture_pair,"parse the named registered and authoritative-absence fixtures; keep denials, throttles, and ambiguous replies unknown",spec/whois/parsers/responses/whois.nic.tech/tech/status_registered_spec.rb,spec/whois/parsers/responses/whois.nic.tech/tech/status_available_spec.rb,spec/whois/parsers/registry_response_safety_spec.rb,Fixture-backed parser evidence from the referenced tests; this is not a fresh production sample unless the linked report says so.   Standard-library client route: whois.nic.tech; not official protocol evidence.  The source query strips all domain labels except the final root suffix; no registrable multi-label suffix frequency can be inferred from this CSV.,whois.nic.tech,https://rdap.radix.host/rdap/,whois_and_rdap,200,2026-04-14,2026-09-28T21:43:58Z,iana_host_matches_library_route,Whois::Server::Adapters::Standard,Whois::Parsers::WhoisNicTech,Whois::Parsers::WhoisNicTech,"",The source SQL keeps only the final label. Multi-label registration namespaces such as co.uk/com.au collapse into this root-label bucket and cannot be split from this snapshot.,none,"","","",""
click,53,29,0,final_label_aggregate,delegated_in_iana_tlds_alpha,iana_whois_and_rdap,https://www.iana.org/domains/root/db/click.html,"",whois.uniregistry.net,Whois::Parsers::WhoisRegistryClick,fixture_pair,"Exercise the IANA-listed whois.registry.click parser for .click with minimal synthetic registered and authoritative-absence shapes, plus contradiction, denial, throttle, and incomplete-response safeguards in the referenced parser spec. Bounded live observations are summarized separately in the audit report.",spec/whois/parsers/domscan_first_class_structural_a_f_spec.rb,spec/whois/parsers/domscan_first_class_structural_a_f_spec.rb,spec/whois/parsers/domscan_first_class_structural_a_f_spec.rb,"Class and route fields describe structure; the evidence state and IANA fields define WHOIS treatment. Parser behavior is documented by the referenced tests where applicable.   Standard-library client route: whois.uniregistry.net; not official protocol evidence.  The source query strips all domain labels except the final root suffix; no registrable multi-label suffix frequency can be inferred from this CSV. Parser test fixtures use minimal synthetic field/marker shapes; bounded live observations, where made, are summarized separately in the audit prose and are not fixture contents.",whois.registry.click,https://rdap.registry.click/rdap/,whois_and_rdap,200,2026-06-16,2026-09-28T21:43:59Z,library_route_differs_from_iana_whois_host,Whois::Server::Adapters::Standard,Whois::Parsers::WhoisUniregistryNet,Whois::Parsers::WhoisRegistryClick,"",The source SQL keeps only the final label. Multi-label registration namespaces such as co.uk/com.au collapse into this root-label bucket and cannot be split from this snapshot.,installed_library_route_differs_from_current_iana_host,"","","",""
sx,52,1,0,final_label_aggregate,delegated_in_iana_tlds_alpha,iana_whois_only,https://www.iana.org/domains/root/db/sx.html,"",whois.sx,Whois::Parsers::WhoisSx,fixture_pair,"parse the named registered and authoritative-absence fixtures; keep denials, throttles, and ambiguous replies unknown",spec/whois/parsers/responses/whois.sx/sx/status_registered_spec.rb,spec/whois/parsers/responses/whois.sx/sx/status_available_spec.rb,spec/whois/parsers/responses/whois.sx/sx/property_status_premium_name_spec.rb;spec/whois/parsers/responses/whois.sx/sx/status_available_spec.rb;spec/whois/parsers/responses/whois.sx/sx/status_registered_spec.rb;spec/whois/parsers/responses/whois.sx/sx/status_unavailable_spec.rb,Fixture-backed parser evidence from the referenced tests; this is not a fresh production sample unless the linked report says so.   Standard-library client route: whois.sx; not official protocol evidence.  The source query strips all domain labels except the final root suffix; no registrable multi-label suffix frequency can be inferred from this CSV.,whois.sx,"",whois_only,200,2026-01-26,2026-09-28T21:44:00Z,iana_host_matches_library_route,Whois::Server::Adapters::Standard,Whois::Parsers::WhoisSx,Whois::Parsers::WhoisSx,"",The source SQL keeps only the final label. Multi-label registration namespaces such as co.uk/com.au collapse into this root-label bucket and cannot be split from this snapshot.,none,"","","",""
art,51,22,0,final_label_aggregate,delegated_in_iana_tlds_alpha,iana_whois_and_rdap,https://www.iana.org/domains/root/db/art.html,"",whois.nic.art,Whois::Parsers::WhoisNicArt,fixture_pair,"Exercise the IANA-listed whois.nic.art parser for .art with minimal synthetic registered and authoritative-absence shapes, plus contradiction, denial, throttle, and incomplete-response safeguards in the referenced parser spec. Bounded live observations are summarized separately in the audit report.",spec/whois/parsers/domscan_first_class_structural_a_f_spec.rb,spec/whois/parsers/domscan_first_class_structural_a_f_spec.rb,spec/whois/parsers/domscan_first_class_structural_a_f_spec.rb,"Class and route fields describe structure; the evidence state and IANA fields define WHOIS treatment. Parser behavior is documented by the referenced tests where applicable.   Standard-library client route: whois.nic.art; not official protocol evidence.  The source query strips all domain labels except the final root suffix; no registrable multi-label suffix frequency can be inferred from this CSV. Parser test fixtures use minimal synthetic field/marker shapes; bounded live observations, where made, are summarized separately in the audit prose and are not fixture contents.",whois.nic.art,https://rdap.centralnic.com/art,whois_and_rdap,200,2024-04-30,2026-09-28T21:44:01Z,iana_host_matches_library_route,Whois::Server::Adapters::Standard,Whois::Parsers::WhoisNicArt,Whois::Parsers::WhoisNicArt,"",The source SQL keeps only the final label. Multi-label registration namespaces such as co.uk/com.au collapse into this root-label bucket and cannot be split from this snapshot.,none,"","","",""
fun,50,19,0,final_label_aggregate,delegated_in_iana_tlds_alpha,iana_whois_and_rdap,https://www.iana.org/domains/root/db/fun.html,"",whois.nic.fun,Whois::Parsers::WhoisNicFun,fixture_pair,"Exercise the IANA-listed whois.nic.fun parser for .fun with minimal synthetic registered and authoritative-absence shapes, plus contradiction, denial, throttle, and incomplete-response safeguards in the referenced parser spec. Bounded live observations are summarized separately in the audit report.",spec/whois/parsers/domscan_first_class_structural_a_f_spec.rb,spec/whois/parsers/domscan_first_class_structural_a_f_spec.rb,spec/whois/parsers/domscan_first_class_structural_a_f_spec.rb,"Class and route fields describe structure; the evidence state and IANA fields define WHOIS treatment. Parser behavior is documented by the referenced tests where applicable.   Standard-library client route: whois.nic.fun; not official protocol evidence.  The source query strips all domain labels except the final root suffix; no registrable multi-label suffix frequency can be inferred from this CSV. Parser test fixtures use minimal synthetic field/marker shapes; bounded live observations, where made, are summarized separately in the audit prose and are not fixture contents.",whois.nic.fun,https://rdap.radix.host/rdap/,whois_and_rdap,200,2026-04-14,2026-09-28T21:44:02Z,iana_host_matches_library_route,Whois::Server::Adapters::Standard,Whois::Parsers::WhoisNicFun,Whois::Parsers::WhoisNicFun,"",The source SQL keeps only the final label. Multi-label registration namespaces such as co.uk/com.au collapse into this root-label bucket and cannot be split from this snapshot.,none,"","","",""
love,50,13,0,final_label_aggregate,delegated_in_iana_tlds_alpha,iana_whois_and_rdap,https://www.iana.org/domains/root/db/love.html,"",whois.nic.love,Whois::Parsers::WhoisNicLove,fixture_pair,"Exercise the IANA-listed whois.nic.love parser for .love with minimal synthetic registered and authoritative-absence shapes, plus contradiction, denial, throttle, and incomplete-response safeguards in the referenced parser spec. Bounded live observations are summarized separately in the audit report.",spec/whois/parsers/whois_g_m_leftover_registry_safety_spec.rb,spec/whois/parsers/whois_g_m_leftover_registry_safety_spec.rb,spec/whois/parsers/whois_g_m_leftover_registry_safety_spec.rb,"Parser regression and safety coverage for the IANA-listed host is in spec/whois/parsers/whois_g_m_leftover_registry_safety_spec.rb; the parser suite exercises registered, authoritative absence, and denial/contradiction cases for .love. Parser test fixtures use minimal synthetic field/marker shapes; bounded live observations, where made, are summarized separately in the audit prose and are not fixture contents.",whois.nic.love,https://rdap.registry.love/rdap/,whois_and_rdap,200,2025-12-12,2026-09-28T21:44:02Z,iana_host_matches_library_route,Whois::Server::Adapters::Standard,Whois::Parsers::WhoisNicLove,Whois::Parsers::WhoisNicLove,"",The source SQL keeps only the final label. Multi-label registration namespaces such as co.uk/com.au collapse into this root-label bucket and cannot be split from this snapshot.,none,"","","",""
biz,49,33,0,final_label_aggregate,delegated_in_iana_tlds_alpha,iana_whois_and_rdap,https://www.iana.org/domains/root/db/biz.html,"",whois.biz,Whois::Parsers::WhoisNicBiz,fixture_pair,"Exercise the IANA-listed whois.nic.biz parser for .biz with minimal synthetic registered and authoritative-absence shapes, plus contradiction, denial, throttle, and incomplete-response safeguards in the referenced parser spec. Bounded live observations are summarized separately in the audit report.",spec/whois/parsers/domscan_first_class_structural_a_f_spec.rb,spec/whois/parsers/domscan_first_class_structural_a_f_spec.rb,spec/whois/parsers/domscan_first_class_structural_a_f_spec.rb,"Fixture-backed parser evidence from the referenced tests; this is not a fresh production sample unless the linked report says so.   Standard-library client route: whois.biz; not official protocol evidence.  The source query strips all domain labels except the final root suffix; no registrable multi-label suffix frequency can be inferred from this CSV. Parser test fixtures use minimal synthetic field/marker shapes; bounded live observations, where made, are summarized separately in the audit prose and are not fixture contents.",whois.nic.biz,https://rdap.nic.biz/,whois_and_rdap,200,2026-03-10,2026-09-28T21:44:03Z,library_route_differs_from_iana_whois_host,Whois::Server::Adapters::Standard,Whois::Parsers::WhoisBiz,Whois::Parsers::WhoisNicBiz,"",The source SQL keeps only the final label. Multi-label registration namespaces such as co.uk/com.au collapse into this root-label bucket and cannot be split from this snapshot.,installed_library_route_differs_from_current_iana_host,"","","",""
blog,45,18,0,final_label_aggregate,delegated_in_iana_tlds_alpha,iana_whois_and_rdap,https://www.iana.org/domains/root/db/blog.html,"",whois.nic.blog,Whois::Parsers::WhoisNicBlog,fixture_pair,"Exercise the IANA-listed whois.nic.blog parser for .blog with minimal synthetic registered and authoritative-absence shapes, plus contradiction, denial, throttle, and incomplete-response safeguards in the referenced parser spec. Bounded live observations are summarized separately in the audit report.",spec/whois/parsers/domscan_first_class_structural_a_f_spec.rb,spec/whois/parsers/domscan_first_class_structural_a_f_spec.rb,spec/whois/parsers/domscan_first_class_structural_a_f_spec.rb,"Class and route fields describe structure; the evidence state and IANA fields define WHOIS treatment. Parser behavior is documented by the referenced tests where applicable.   Standard-library client route: whois.nic.blog; not official protocol evidence.  The source query strips all domain labels except the final root suffix; no registrable multi-label suffix frequency can be inferred from this CSV. Parser test fixtures use minimal synthetic field/marker shapes; bounded live observations, where made, are summarized separately in the audit prose and are not fixture contents.",whois.nic.blog,https://rdap.blog.fury.ca/rdap/,whois_and_rdap,200,2026-05-05,2026-09-28T21:44:04Z,iana_host_matches_library_route,Whois::Server::Adapters::Standard,Whois::Parsers::WhoisNicBlog,Whois::Parsers::WhoisNicBlog,"",The source SQL keeps only the final label. Multi-label registration namespaces such as co.uk/com.au collapse into this root-label bucket and cannot be split from this snapshot.,none,"","","",""
games,45,11,0,final_label_aggregate,delegated_in_iana_tlds_alpha,rdap_only_iana,https://www.iana.org/domains/root/db/games.html,"",whois.nic.games,"",rdap_only,"IANA lists RDAP and no WHOIS server; no traditional WHOIS use is recorded in this snapshot, so this parser package makes no port-43 classification claim.","","","",Class and route fields describe structure; the evidence state and IANA fields define WHOIS treatment. Parser behavior is documented by the referenced tests where applicable.   Standard-library client route: whois.nic.games; not official protocol evidence.  The source query strips all domain labels except the final root suffix; no registrable multi-label suffix frequency can be inferred from this CSV.,"",https://rdap.identitydigital.services/rdap/,rdap_only,200,2026-09-22,2026-09-28T21:44:05Z,stale_library_whois_route_for_iana_rdap_only,Whois::Server::Adapters::Standard,Whois::Parsers::WhoisNicGames,"","",The source SQL keeps only the final label. Multi-label registration namespaces such as co.uk/com.au collapse into this root-label bucket and cannot be split from this snapshot.,rdap_only_suffix_still_has_installed_whois_route,"","","",""
be,43,42,42,final_label_aggregate,delegated_in_iana_tlds_alpha,traditional_whois_observed,https://www.iana.org/domains/root/db/be.html,whois.dns.be,whois.dns.be,Whois::Parsers::WhoisDnsBe,fixture_pair,"parse the named registered and authoritative-absence fixtures; keep denials, throttles, and ambiguous replies unknown",spec/whois/parsers/responses/whois.dns.be/be/status_registered_spec.rb,spec/whois/parsers/responses/whois.dns.be/be/property_status_available_spec.rb;spec/whois/parsers/responses/whois.dns.be/be/status_available_spec.rb,spec/whois/parsers/responses/whois.dns.be/be/response_blocked_spec.rb;spec/whois/parsers/responses/whois.dns.be/be/response_throttled_hourly_spec.rb;spec/whois/parsers/responses/whois.dns.be/be/response_throttled_limit_spec.rb;spec/whois/parsers/responses/whois.dns.be/be/status_available_spec.rb;spec/whois/parsers/responses/whois.dns.be/be/status_invalid_spec.rb;spec/whois/parsers/responses/whois.dns.be/be/status_registered_spec.rb,Fixture-backed parser evidence from the referenced tests; this is not a fresh production sample unless the linked report says so. Observed DomScan host: whois.dns.be.   The source query strips all domain labels except the final root suffix; no registrable multi-label suffix frequency can be inferred from this CSV.,whois.dns.be,"",whois_only,200,2026-01-12,2026-09-28T21:44:06Z,observed_domscan_host_matches_current_iana,Whois::Server::Adapters::Standard,Whois::Parsers::WhoisDnsBe,Whois::Parsers::WhoisDnsBe,Whois::Parsers::WhoisDnsBe,The source SQL keeps only the final label. Multi-label registration namespaces such as co.uk/com.au collapse into this root-label bucket and cannot be split from this snapshot.,none,"","","",""
ru,43,40,40,final_label_aggregate,delegated_in_iana_tlds_alpha,traditional_whois_observed,https://www.iana.org/domains/root/db/ru.html,whois.tcinet.ru,whois.tcinet.ru,Whois::Parsers::WhoisTcinetRu,fixture_pair,"parse the named registered and authoritative-absence fixtures; keep denials, throttles, and ambiguous replies unknown",spec/whois/parsers/responses/whois.tcinet.ru/ru/status_registered_spec.rb,spec/whois/parsers/responses/whois.tcinet.ru/ru/status_available_spec.rb,spec/whois/parsers/whois_tcinet_ru_safety_spec.rb,Fixture-backed parser evidence from the referenced tests; this is not a fresh production sample unless the linked report says so. Observed DomScan host: whois.tcinet.ru.   The source query strips all domain labels except the final root suffix; no registrable multi-label suffix frequency can be inferred from this CSV.,whois.tcinet.ru,"",whois_only,200,2026-08-21,2026-09-28T21:44:06Z,observed_domscan_host_matches_current_iana,Whois::Server::Adapters::Standard,Whois::Parsers::WhoisTcinetRu,Whois::Parsers::WhoisTcinetRu,Whois::Parsers::WhoisTcinetRu,The source SQL keeps only the final label. Multi-label registration namespaces such as co.uk/com.au collapse into this root-label bucket and cannot be split from this snapshot.,none,"","","",""
cn,42,42,42,final_label_aggregate,delegated_in_iana_tlds_alpha,traditional_whois_observed,https://www.iana.org/domains/root/db/cn.html,whois.cnnic.cn,whois.cnnic.cn,Whois::Parsers::WhoisCnnicCn,fixture_pair,"parse the named registered and authoritative-absence fixtures; keep denials, throttles, and ambiguous replies unknown",spec/whois/parsers/responses/whois.cnnic.cn/cn/status_registered_spec.rb,spec/whois/parsers/responses/whois.cnnic.cn/cn/status_available_spec.rb,spec/whois/parsers/topdomains_package_4_spec.rb,Fixture-backed parser evidence from the referenced tests; this is not a fresh production sample unless the linked report says so. Observed DomScan host: whois.cnnic.cn.   The source query strips all domain labels except the final root suffix; no registrable multi-label suffix frequency can be inferred from this CSV.,whois.cnnic.cn,"",whois_only,200,2025-07-17,2026-09-28T21:44:07Z,observed_domscan_host_matches_current_iana,Whois::Server::Adapters::Standard,Whois::Parsers::WhoisCnnicCn,Whois::Parsers::WhoisCnnicCn,Whois::Parsers::WhoisCnnicCn,The source SQL keeps only the final label. Multi-label registration namespaces such as co.uk/com.au collapse into this root-label bucket and cannot be split from this snapshot.,none,"","","",""
link,41,37,0,final_label_aggregate,delegated_in_iana_tlds_alpha,iana_whois_and_rdap,https://www.iana.org/domains/root/db/link.html,"",whois.uniregistry.net,Whois::Parsers::WhoisUniregistryNet,fixture_pair,"Exercise the IANA-listed whois.uniregistry.net parser for .link with minimal synthetic registered and authoritative-absence shapes, plus contradiction, denial, throttle, and incomplete-response safeguards in the referenced parser spec. Bounded live observations are summarized separately in the audit report.",spec/whois/parsers/whois_g_m_leftover_registry_safety_spec.rb,spec/whois/parsers/whois_g_m_leftover_registry_safety_spec.rb,spec/whois/parsers/whois_g_m_leftover_registry_safety_spec.rb,"Parser regression and safety coverage for the IANA-listed host is in spec/whois/parsers/whois_g_m_leftover_registry_safety_spec.rb; the parser suite exercises registered, authoritative absence, and denial/contradiction cases for .link. Parser test fixtures use minimal synthetic field/marker shapes; bounded live observations, where made, are summarized separately in the audit prose and are not fixture contents.",whois.uniregistry.net,https://rdap.uniregistry.net/rdap/,whois_and_rdap,200,2026-06-26,2026-09-28T21:44:08Z,iana_host_matches_library_route,Whois::Server::Adapters::Standard,Whois::Parsers::WhoisUniregistryNet,Whois::Parsers::WhoisUniregistryNet,"",The source SQL keeps only the final label. Multi-label registration namespaces such as co.uk/com.au collapse into this root-label bucket and cannot be split from this snapshot.,none,"","","",""
homes,40,14,0,final_label_aggregate,delegated_in_iana_tlds_alpha,iana_whois_and_rdap,https://www.iana.org/domains/root/db/homes.html,"",whois.afilias-srs.net,Whois::Parsers::WhoisNicHomes,fixture_pair,"Exercise the IANA-listed whois.nic.homes parser for .homes with minimal synthetic registered and authoritative-absence shapes, plus contradiction, denial, throttle, and incomplete-response safeguards in the referenced parser spec. Bounded live observations are summarized separately in the audit report.",spec/whois/parsers/g_m_registry_host_migrations_spec.rb,spec/whois/parsers/g_m_registry_host_migrations_spec.rb,spec/whois/parsers/g_m_registry_host_migrations_spec.rb,"Class and route fields describe structure; the evidence state and IANA fields define WHOIS treatment. Parser behavior is documented by the referenced tests where applicable.   Standard-library client route: whois.afilias-srs.net; not official protocol evidence.  The source query strips all domain labels except the final root suffix; no registrable multi-label suffix frequency can be inferred from this CSV. Parser test fixtures use minimal synthetic field/marker shapes; bounded live observations, where made, are summarized separately in the audit prose and are not fixture contents.",whois.nic.homes,https://rdap.centralnic.com/homes/,whois_and_rdap,200,2025-08-12,2026-09-28T21:44:09Z,library_route_differs_from_iana_whois_host,Whois::Server::Adapters::Standard,Whois::Parsers::WhoisAfiliasSrsNet,Whois::Parsers::WhoisNicHomes,"",The source SQL keeps only the final label. Multi-label registration namespaces such as co.uk/com.au collapse into this root-label bucket and cannot be split from this snapshot.,installed_library_route_differs_from_current_iana_host,"","","",""
quest,40,19,0,final_label_aggregate,delegated_in_iana_tlds_alpha,iana_whois_and_rdap,https://www.iana.org/domains/root/db/quest.html,"",whois.nic.quest,Whois::Parsers::WhoisNicQuest,fixture_pair,"Exercise quest registered, authoritative absence, and ambiguity/denial cases in spec/whois/parsers/domscan_ns_suffix_truth_spec.rb; direct target host and the installed library route are recorded independently.",spec/whois/parsers/domscan_ns_suffix_truth_spec.rb,spec/whois/parsers/domscan_ns_suffix_truth_spec.rb,spec/whois/parsers/domscan_ns_suffix_truth_spec.rb,Class and route fields describe structure; the evidence state and IANA fields define WHOIS treatment. Parser behavior is documented by the referenced tests where applicable.   Standard-library client route: whois.nic.quest; not official protocol evidence.  The source query strips all domain labels except the final root suffix; no registrable multi-label suffix frequency can be inferred from this CSV.,whois.nic.quest,https://rdap.centralnic.com/quest/,whois_and_rdap,200,2025-08-12,2026-09-28T21:44:10Z,iana_host_matches_library_route,Whois::Server::Adapters::Standard,Whois::Parsers::WhoisNicQuest,Whois::Parsers::WhoisNicQuest,"",The source SQL keeps only the final label. Multi-label registration namespaces such as co.uk/com.au collapse into this root-label bucket and cannot be split from this snapshot.,none,"","","",""
to,40,25,0,final_label_aggregate,delegated_in_iana_tlds_alpha,iana_whois_and_rdap,https://www.iana.org/domains/root/db/to.html,"",whois.tonic.to,Whois::Parsers::WhoisTonicregistryTo,fixture_pair,"Exercise the IANA-listed whois.tonicregistry.to parser for .to with minimal synthetic registered and authoritative-absence shapes, plus contradiction, denial, throttle, and incomplete-response safeguards in the referenced parser spec. Bounded live observations are summarized separately in the audit report.",spec/whois/parsers/whois_tonicregistry_to_spec.rb,spec/whois/parsers/whois_tonicregistry_to_spec.rb,spec/whois/parsers/whois_tonicregistry_to_spec.rb,"spec/whois/parsers/whois_tonicregistry_to_spec.rb exercises synthetic registered, availability, and safety shapes for IANA host whois.tonicregistry.to. Bounded live probes are summarized separately in the audit report; the installed whois gem still routes to whois.tonic.to. Parser test fixtures use minimal synthetic field/marker shapes; bounded live observations, where made, are summarized separately in the audit prose and are not fixture contents.",whois.tonicregistry.to,https://rdap.tonicregistry.to/rdap/,whois_and_rdap,200,2026-01-07,2026-09-28T21:44:10Z,library_route_differs_from_iana_whois_host,Whois::Server::Adapters::Standard,Whois::Parsers::WhoisTonicTo,Whois::Parsers::WhoisTonicregistryTo,"",The source SQL keeps only the final label. Multi-label registration namespaces such as co.uk/com.au collapse into this root-label bucket and cannot be split from this snapshot.,installed_library_route_differs_from_current_iana_host,"","","",""
win,40,14,0,final_label_aggregate,delegated_in_iana_tlds_alpha,iana_whois_and_rdap,https://www.iana.org/domains/root/db/win.html,"",whois.nic.win,Whois::Parsers::WhoisNicWin,fixture_pair,"Exercise the IANA-listed whois.nic.win parser for .win with minimal synthetic registered and authoritative-absence shapes, plus contradiction, denial, throttle, and incomplete-response safeguards in the referenced parser spec. Bounded live observations are summarized separately in the audit report.",spec/whois/parsers/whois_t_z_structural_safety_spec.rb,spec/whois/parsers/whois_t_z_structural_safety_spec.rb,spec/whois/parsers/whois_t_z_structural_safety_spec.rb,"Class and route fields describe structure; the evidence state and IANA fields define WHOIS treatment. Parser behavior is documented by the referenced tests where applicable.   Standard-library client route: whois.nic.win; not official protocol evidence.  The source query strips all domain labels except the final root suffix; no registrable multi-label suffix frequency can be inferred from this CSV. Parser test fixtures use minimal synthetic field/marker shapes; bounded live observations, where made, are summarized separately in the audit prose and are not fixture contents.",whois.nic.win,https://rdap.nic.win/,whois_and_rdap,200,2024-05-11,2026-09-28T21:44:11Z,iana_host_matches_library_route,Whois::Server::Adapters::Standard,Whois::Parsers::WhoisNicWin,Whois::Parsers::WhoisNicWin,"",The source SQL keeps only the final label. Multi-label registration namespaces such as co.uk/com.au collapse into this root-label bucket and cannot be split from this snapshot.,none,"","","",""
it,37,37,37,final_label_aggregate,delegated_in_iana_tlds_alpha,traditional_whois_observed,https://www.iana.org/domains/root/db/it.html,whois.nic.it,whois.nic.it,Whois::Parsers::WhoisNicIt,fixture_pair,"parse the named registered and authoritative-absence fixtures; keep denials, throttles, and ambiguous replies unknown",spec/whois/parsers/responses/whois.nic.it/it/status_registered_spec.rb,spec/whois/parsers/responses/whois.nic.it/it/property_status_available_spec.rb;spec/whois/parsers/responses/whois.nic.it/it/status_available_spec.rb,spec/whois/parsers/responses/whois.nic.it/it/property_status_unassignable_spec.rb;spec/whois/parsers/responses/whois.nic.it/it/response_unavailable_spec.rb;spec/whois/parsers/responses/whois.nic.it/it/status_available_spec.rb;spec/whois/parsers/responses/whois.nic.it/it/status_registered_spec.rb;spec/whois/parsers/responses/whois.nic.it/it/status_unavailable_spec.rb,Fixture-backed parser evidence from the referenced tests; this is not a fresh production sample unless the linked report says so. Observed DomScan host: whois.nic.it.   The source query strips all domain labels except the final root suffix; no registrable multi-label suffix frequency can be inferred from this CSV.,whois.nic.it,"",whois_only,200,2025-12-17,2026-09-28T21:44:12Z,observed_domscan_host_matches_current_iana,Whois::Server::Adapters::Standard,Whois::Parsers::WhoisNicIt,Whois::Parsers::WhoisNicIt,Whois::Parsers::WhoisNicIt,The source SQL keeps only the final label. Multi-label registration namespaces such as co.uk/com.au collapse into this root-label bucket and cannot be split from this snapshot.,none,"","","",""
money,37,2,0,final_label_aggregate,delegated_in_iana_tlds_alpha,rdap_only_iana,https://www.iana.org/domains/root/db/money.html,"",whois.nic.money,"",rdap_only,"IANA lists RDAP and no WHOIS server; no traditional WHOIS use is recorded in this snapshot, so this parser package makes no port-43 classification claim.","","","",Class and route fields describe structure; the evidence state and IANA fields define WHOIS treatment. Parser behavior is documented by the referenced tests where applicable.   Standard-library client route: whois.nic.money; not official protocol evidence.  The source query strips all domain labels except the final root suffix; no registrable multi-label suffix frequency can be inferred from this CSV.,"",https://rdap.identitydigital.services/rdap/,rdap_only,200,2025-10-07,2026-09-28T21:44:13Z,stale_library_whois_route_for_iana_rdap_only,Whois::Server::Adapters::Standard,Whois::Parsers::WhoisNicMoney,"","",The source SQL keeps only the final label. Multi-label registration namespaces such as co.uk/com.au collapse into this root-label bucket and cannot be split from this snapshot.,rdap_only_suffix_still_has_installed_whois_route,"","","",""
bet,35,11,0,final_label_aggregate,delegated_in_iana_tlds_alpha,rdap_only_iana,https://www.iana.org/domains/root/db/bet.html,"",whois.afilias.net,"",rdap_only,"IANA lists RDAP and no WHOIS server; no traditional WHOIS use is recorded in this snapshot, so this parser package makes no port-43 classification claim.","","","",Class and route fields describe structure; the evidence state and IANA fields define WHOIS treatment. Parser behavior is documented by the referenced tests where applicable.   Standard-library client route: whois.afilias.net; not official protocol evidence.  The source query strips all domain labels except the final root suffix; no registrable multi-label suffix frequency can be inferred from this CSV.,"",https://rdap.identitydigital.services/rdap/,rdap_only,200,2025-09-04,2026-09-28T21:44:14Z,stale_library_whois_route_for_iana_rdap_only,Whois::Server::Adapters::Standard,Whois::Parsers::WhoisAfiliasNet,"","",The source SQL keeps only the final label. Multi-label registration namespaces such as co.uk/com.au collapse into this root-label bucket and cannot be split from this snapshot.,rdap_only_suffix_still_has_installed_whois_route,"","","",""
casino,35,6,0,final_label_aggregate,delegated_in_iana_tlds_alpha,rdap_only_iana,https://www.iana.org/domains/root/db/casino.html,"",whois.nic.casino,"",rdap_only,"IANA lists RDAP and no WHOIS server; no traditional WHOIS use is recorded in this snapshot, so this parser package makes no port-43 classification claim.","","","",Classification is based on the dated IANA source and does not assert a registration or availability result.   Standard-library client route: whois.nic.casino; not official protocol evidence.  The source query strips all domain labels except the final root suffix; no registrable multi-label suffix frequency can be inferred from this CSV.,"",https://rdap.identitydigital.services/rdap/,rdap_only,200,2025-10-07,2026-09-28T21:44:14Z,stale_library_whois_route_for_iana_rdap_only,Whois::Server::Adapters::Standard,"","","",The source SQL keeps only the final label. Multi-label registration namespaces such as co.uk/com.au collapse into this root-label bucket and cannot be split from this snapshot.,rdap_only_suffix_still_has_installed_whois_route,"","","",""
day,35,1,0,final_label_aggregate,delegated_in_iana_tlds_alpha,rdap_only_iana,https://www.iana.org/domains/root/db/day.html,"",whois.nic.google,"",rdap_only,"IANA lists RDAP and no WHOIS server; no traditional WHOIS use is recorded in this snapshot, so this parser package makes no port-43 classification claim.","","","",Classification is based on the dated IANA source and does not assert a registration or availability result.   Standard-library client route: whois.nic.google; not official protocol evidence.  The source query strips all domain labels except the final root suffix; no registrable multi-label suffix frequency can be inferred from this CSV.,"",https://pubapi.registry.google/rdap/,rdap_only,200,2025-04-11,2026-09-28T21:44:15Z,stale_library_whois_route_for_iana_rdap_only,Whois::Server::Adapters::Standard,"","","",The source SQL keeps only the final label. Multi-label registration namespaces such as co.uk/com.au collapse into this root-label bucket and cannot be split from this snapshot.,rdap_only_suffix_still_has_installed_whois_route,"","","",""
mobi,35,11,0,final_label_aggregate,delegated_in_iana_tlds_alpha,rdap_only_iana,https://www.iana.org/domains/root/db/mobi.html,"",whois.afilias.net,"",rdap_only,"IANA lists RDAP and no WHOIS server; no traditional WHOIS use is recorded in this snapshot, so this parser package makes no port-43 classification claim.","","","",Class and route fields describe structure; the evidence state and IANA fields define WHOIS treatment. Parser behavior is documented by the referenced tests where applicable.   Standard-library client route: whois.afilias.net; not official protocol evidence.  The source query strips all domain labels except the final root suffix; no registrable multi-label suffix frequency can be inferred from this CSV.,"",https://rdap.identitydigital.services/rdap/,rdap_only,200,2025-09-04,2026-09-28T21:44:16Z,stale_library_whois_route_for_iana_rdap_only,Whois::Server::Adapters::Standard,Whois::Parsers::WhoisAfiliasNet,"","",The source SQL keeps only the final label. Multi-label registration namespaces such as co.uk/com.au collapse into this root-label bucket and cannot be split from this snapshot.,rdap_only_suffix_still_has_installed_whois_route,"","","",""
network,35,1,0,final_label_aggregate,delegated_in_iana_tlds_alpha,rdap_only_iana,https://www.iana.org/domains/root/db/network.html,"",whois.nic.network,"",rdap_only,"IANA lists RDAP and no WHOIS server; no traditional WHOIS use is recorded in this snapshot, so this parser package makes no port-43 classification claim.","","","",Class and route fields describe structure; the evidence state and IANA fields define WHOIS treatment. Parser behavior is documented by the referenced tests where applicable.   Standard-library client route: whois.nic.network; not official protocol evidence.  The source query strips all domain labels except the final root suffix; no registrable multi-label suffix frequency can be inferred from this CSV.,"",https://rdap.identitydigital.services/rdap/,rdap_only,200,2025-10-07,2026-09-28T21:44:17Z,stale_library_whois_route_for_iana_rdap_only,Whois::Server::Adapters::Standard,Whois::Parsers::WhoisNicNetwork,"","",The source SQL keeps only the final label. Multi-label registration namespaces such as co.uk/com.au collapse into this root-label bucket and cannot be split from this snapshot.,rdap_only_suffix_still_has_installed_whois_route,"","","",""
gives,34,0,0,final_label_aggregate,delegated_in_iana_tlds_alpha,iana_whois_and_rdap,https://www.iana.org/domains/root/db/gives.html,"",whois.nic.gives,Whois::Parsers::WhoisNicGives,fixture_pair,"Exercise the IANA-listed whois.nic.gives parser for .gives with minimal synthetic registered and authoritative-absence shapes, plus contradiction, denial, throttle, and incomplete-response safeguards in the referenced parser spec. Bounded live observations are summarized separately in the audit report.",spec/whois/parsers/whois_nic_gives_spec.rb,spec/whois/parsers/whois_nic_gives_spec.rb,spec/whois/parsers/whois_nic_gives_spec.rb,"Class and route fields describe structure; the evidence state and IANA fields define WHOIS treatment. Parser behavior is documented by the referenced tests where applicable.   Standard-library client route: whois.nic.gives; not official protocol evidence.  The source query strips all domain labels except the final root suffix; no registrable multi-label suffix frequency can be inferred from this CSV. Parser test fixtures use minimal synthetic field/marker shapes; bounded live observations, where made, are summarized separately in the audit prose and are not fixture contents.",whois.nic.gives,https://rdap.publicinterestregistry.org/rdap/,whois_and_rdap,200,2025-08-14,2026-09-28T21:44:18Z,iana_host_matches_library_route,Whois::Server::Adapters::Standard,Whois::Parsers::WhoisNicGives,Whois::Parsers::WhoisNicGives,"",The source SQL keeps only the final label. Multi-label registration namespaces such as co.uk/com.au collapse into this root-label bucket and cannot be split from this snapshot.,none,"","","",""
resource,33,33,0,final_label_aggregate,not_in_iana_tlds_alpha,not_delegated,https://data.iana.org/TLD/tlds-alpha-by-domain.txt,"","","",undelegated,do not attach a public-registry parser or infer registered or available,"","",spec/audits/domscan_whois_coverage_spec.rb,Classification is based on the dated IANA source and does not assert a registration or availability result.    The source query strips all domain labels except the final root suffix; no registrable multi-label suffix frequency can be inferred from this CSV.,"","",not_in_root_zone_tld_file,"","",2026-09-28T21:43:00Z,not_applicable_undelegated,"","","","",The source SQL keeps only the final label. Multi-label registration namespaces such as co.uk/com.au collapse into this root-label bucket and cannot be split from this snapshot.,none,"","","",""
studio,33,29,0,final_label_aggregate,delegated_in_iana_tlds_alpha,rdap_only_iana,https://www.iana.org/domains/root/db/studio.html,"",whois.nic.studio,"",rdap_only,"IANA lists RDAP and no WHOIS server; no traditional WHOIS use is recorded in this snapshot, so this parser package makes no port-43 classification claim.","","","",Class and route fields describe structure; the evidence state and IANA fields define WHOIS treatment. Parser behavior is documented by the referenced tests where applicable.   Standard-library client route: whois.nic.studio; not official protocol evidence.  The source query strips all domain labels except the final root suffix; no registrable multi-label suffix frequency can be inferred from this CSV.,"",https://rdap.identitydigital.services/rdap/,rdap_only,200,2025-10-07,2026-09-28T21:44:18Z,stale_library_whois_route_for_iana_rdap_only,Whois::Server::Adapters::Standard,Whois::Parsers::WhoisNicStudio,"","",The source SQL keeps only the final label. Multi-label registration namespaces such as co.uk/com.au collapse into this root-label bucket and cannot be split from this snapshot.,rdap_only_suffix_still_has_installed_whois_route,"","","",""
support,33,33,0,final_label_aggregate,delegated_in_iana_tlds_alpha,rdap_only_iana,https://www.iana.org/domains/root/db/support.html,"",whois.nic.support,"",rdap_only,"IANA lists RDAP and no WHOIS server; no traditional WHOIS use is recorded in this snapshot, so this parser package makes no port-43 classification claim.","","","",Class and route fields describe structure; the evidence state and IANA fields define WHOIS treatment. Parser behavior is documented by the referenced tests where applicable.   Standard-library client route: whois.nic.support; not official protocol evidence.  The source query strips all domain labels except the final root suffix; no registrable multi-label suffix frequency can be inferred from this CSV.,"",https://rdap.identitydigital.services/rdap/,rdap_only,200,2025-10-07,2026-09-28T21:44:19Z,stale_library_whois_route_for_iana_rdap_only,Whois::Server::Adapters::Standard,Whois::Parsers::WhoisNicSupport,"","",The source SQL keeps only the final label. Multi-label registration namespaces such as co.uk/com.au collapse into this root-label bucket and cannot be split from this snapshot.,rdap_only_suffix_still_has_installed_whois_route,"","","",""
icu,30,28,0,final_label_aggregate,delegated_in_iana_tlds_alpha,iana_whois_and_rdap,https://www.iana.org/domains/root/db/icu.html,"",whois.nic.icu,Whois::Parsers::WhoisNicIcu,fixture_pair,"Exercise the IANA-listed whois.nic.icu parser for .icu with minimal synthetic registered and authoritative-absence shapes, plus contradiction, denial, throttle, and incomplete-response safeguards in the referenced parser spec. Bounded live observations are summarized separately in the audit report.",spec/whois/parsers/whois_g_m_leftover_registry_safety_spec.rb,spec/whois/parsers/whois_g_m_leftover_registry_safety_spec.rb,spec/whois/parsers/whois_g_m_leftover_registry_safety_spec.rb,"Parser regression and safety coverage for the IANA-listed host is in spec/whois/parsers/whois_g_m_leftover_registry_safety_spec.rb; the parser suite exercises registered, authoritative absence, and denial/contradiction cases for .icu. Parser test fixtures use minimal synthetic field/marker shapes; bounded live observations, where made, are summarized separately in the audit prose and are not fixture contents.",whois.nic.icu,https://rdap.centralnic.com/icu,whois_and_rdap,200,2024-06-19,2026-09-28T21:44:20Z,iana_host_matches_library_route,Whois::Server::Adapters::Standard,Whois::Parsers::WhoisNicIcu,Whois::Parsers::WhoisNicIcu,"",The source SQL keeps only the final label. Multi-label registration namespaces such as co.uk/com.au collapse into this root-label bucket and cannot be split from this snapshot.,none,"","","",""
jp,30,24,24,final_label_aggregate,delegated_in_iana_tlds_alpha,traditional_whois_observed,https://www.iana.org/domains/root/db/jp.html,whois.jprs.jp,whois.jprs.jp,Whois::Parsers::WhoisJprsJp,fixture_pair,"parse the named registered and authoritative-absence fixtures; keep denials, throttles, and ambiguous replies unknown",spec/whois/parsers/responses/whois.jprs.jp/jp/status_registered_spec.rb,spec/whois/parsers/responses/whois.jprs.jp/jp/status_available_spec.rb,"",Fixture-backed parser evidence from the referenced tests; this is not a fresh production sample unless the linked report says so. Observed DomScan host: whois.jprs.jp.   The source query strips all domain labels except the final root suffix; no registrable multi-label suffix frequency can be inferred from this CSV.,whois.jprs.jp,"",whois_only,200,2025-11-06,2026-09-28T21:44:21Z,observed_domscan_host_matches_current_iana,Whois::Server::Adapters::Formatted,Whois::Parsers::WhoisJprsJp,Whois::Parsers::WhoisJprsJp,Whois::Parsers::WhoisJprsJp,The source SQL keeps only the final label. Multi-label registration namespaces such as co.uk/com.au collapse into this root-label bucket and cannot be split from this snapshot.,none,"","","",""
mt,29,29,0,final_label_aggregate,delegated_in_iana_tlds_alpha,no_whois_or_rdap_listed_iana,https://www.iana.org/domains/root/db/mt.html,"","","",delegated_no_whois,"IANA delegation page lists neither a WHOIS nor an RDAP endpoint, and no traditional WHOIS call was recorded; no port-43 parser claim is made.","","","",Classification is based on the dated IANA source and does not assert a registration or availability result.    The source query strips all domain labels except the final root suffix; no registrable multi-label suffix frequency can be inferred from this CSV.,"","",no_server_listed,200,2020-01-23,2026-09-28T21:44:22Z,no_library_route_and_no_iana_service,Whois::Server::Adapters::Web,"","","",The source SQL keeps only the final label. Multi-label registration namespaces such as co.uk/com.au collapse into this root-label bucket and cannot be split from this snapshot.,none,"","","",""
online,29,29,0,final_label_aggregate,delegated_in_iana_tlds_alpha,iana_whois_and_rdap,https://www.iana.org/domains/root/db/online.html,"",whois.nic.online,Whois::Parsers::WhoisNicOnline,fixture_pair,"Exercise online registered, authoritative absence, and ambiguity/denial cases in spec/whois/parsers/domscan_ns_suffix_truth_spec.rb; direct target host and the installed library route are recorded independently.",spec/whois/parsers/domscan_ns_suffix_truth_spec.rb,spec/whois/parsers/domscan_ns_suffix_truth_spec.rb,spec/whois/parsers/domscan_ns_suffix_truth_spec.rb,Class and route fields describe structure; the evidence state and IANA fields define WHOIS treatment. Parser behavior is documented by the referenced tests where applicable.   Standard-library client route: whois.nic.online; not official protocol evidence.  The source query strips all domain labels except the final root suffix; no registrable multi-label suffix frequency can be inferred from this CSV.,whois.nic.online,https://rdap.radix.host/rdap/,whois_and_rdap,200,2026-04-27,2026-09-28T21:44:22Z,iana_host_matches_library_route,Whois::Server::Adapters::Standard,Whois::Parsers::WhoisNicOnline,Whois::Parsers::WhoisNicOnline,"",The source SQL keeps only the final label. Multi-label registration namespaces such as co.uk/com.au collapse into this root-label bucket and cannot be split from this snapshot.,none,"","","",""
life,27,3,0,final_label_aggregate,delegated_in_iana_tlds_alpha,rdap_only_iana,https://www.iana.org/domains/root/db/life.html,"",whois.nic.life,"",rdap_only,"IANA lists RDAP and no WHOIS server; no traditional WHOIS use is recorded in this snapshot, so this parser package makes no port-43 classification claim.","","","",Class and route fields describe structure; the evidence state and IANA fields define WHOIS treatment. Parser behavior is documented by the referenced tests where applicable.   Standard-library client route: whois.nic.life; not official protocol evidence.  The source query strips all domain labels except the final root suffix; no registrable multi-label suffix frequency can be inferred from this CSV.,"",https://rdap.identitydigital.services/rdap/,rdap_only,200,2025-10-07,2026-09-28T21:44:23Z,stale_library_whois_route_for_iana_rdap_only,Whois::Server::Adapters::Standard,Whois::Parsers::WhoisNicLife,"","",The source SQL keeps only the final label. Multi-label registration namespaces such as co.uk/com.au collapse into this root-label bucket and cannot be split from this snapshot.,rdap_only_suffix_still_has_installed_whois_route,"","","",""
services,27,25,0,final_label_aggregate,delegated_in_iana_tlds_alpha,rdap_only_iana,https://www.iana.org/domains/root/db/services.html,"",whois.nic.services,"",rdap_only,"IANA lists RDAP and no WHOIS server; no traditional WHOIS use is recorded in this snapshot, so this parser package makes no port-43 classification claim.","","","",Class and route fields describe structure; the evidence state and IANA fields define WHOIS treatment. Parser behavior is documented by the referenced tests where applicable.   Standard-library client route: whois.nic.services; not official protocol evidence.  The source query strips all domain labels except the final root suffix; no registrable multi-label suffix frequency can be inferred from this CSV.,"",https://rdap.identitydigital.services/rdap/,rdap_only,200,2025-10-07,2026-09-28T21:44:24Z,stale_library_whois_route_for_iana_rdap_only,Whois::Server::Adapters::Standard,Whois::Parsers::WhoisNicServices,"","",The source SQL keeps only the final label. Multi-label registration namespaces such as co.uk/com.au collapse into this root-label bucket and cannot be split from this snapshot.,rdap_only_suffix_still_has_installed_whois_route,"","","",""
space,27,10,0,final_label_aggregate,delegated_in_iana_tlds_alpha,iana_whois_and_rdap,https://www.iana.org/domains/root/db/space.html,"",whois.nic.space,Whois::Parsers::WhoisNicSpace,fixture_pair,"parse the named registered and authoritative-absence fixtures; keep denials, throttles, and ambiguous replies unknown",spec/whois/parsers/responses/whois.nic.space/space/status_registered_spec.rb,spec/whois/parsers/responses/whois.nic.space/space/status_available_spec.rb,spec/whois/parsers/topdomains_176_200_spec.rb,Fixture-backed parser evidence from the referenced tests; this is not a fresh production sample unless the linked report says so.   Standard-library client route: whois.nic.space; not official protocol evidence.  The source query strips all domain labels except the final root suffix; no registrable multi-label suffix frequency can be inferred from this CSV.,whois.nic.space,https://rdap.radix.host/rdap/,whois_and_rdap,200,2026-04-21,2026-09-28T21:44:25Z,iana_host_matches_library_route,Whois::Server::Adapters::Standard,Whois::Parsers::WhoisNicSpace,Whois::Parsers::WhoisNicSpace,"",The source SQL keeps only the final label. Multi-label registration namespaces such as co.uk/com.au collapse into this root-label bucket and cannot be split from this snapshot.,none,"","","",""
br,26,12,0,final_label_aggregate,delegated_in_iana_tlds_alpha,iana_whois_and_rdap,https://www.iana.org/domains/root/db/br.html,"",whois.registro.br,Whois::Parsers::WhoisRegistroBr,fixture_pair,"parse the named registered and authoritative-absence fixtures; keep denials, throttles, and ambiguous replies unknown",spec/whois/parsers/responses/whois.registro.br/br/status_registered_spec.rb,spec/whois/parsers/responses/whois.registro.br/br/status_available_spec.rb,"",Fixture-backed parser evidence from the referenced tests; this is not a fresh production sample unless the linked report says so.   Standard-library client route: whois.registro.br; not official protocol evidence.  The source query strips all domain labels except the final root suffix; no registrable multi-label suffix frequency can be inferred from this CSV.,whois.registro.br,https://rdap.registro.br/,whois_and_rdap,200,2023-11-14,2026-09-28T21:44:25Z,iana_host_matches_library_route,Whois::Server::Adapters::Standard,Whois::Parsers::WhoisRegistroBr,Whois::Parsers::WhoisRegistroBr,"",The source SQL keeps only the final label. Multi-label registration namespaces such as co.uk/com.au collapse into this root-label bucket and cannot be split from this snapshot.,none,"","","",""
oo,26,26,0,final_label_aggregate,not_in_iana_tlds_alpha,not_delegated,https://data.iana.org/TLD/tlds-alpha-by-domain.txt,"","","",undelegated,do not attach a public-registry parser or infer registered or available,"","",spec/audits/domscan_whois_coverage_spec.rb,Classification is based on the dated IANA source and does not assert a registration or availability result.    The source query strips all domain labels except the final root suffix; no registrable multi-label suffix frequency can be inferred from this CSV.,"","",not_in_root_zone_tld_file,"","",2026-09-28T21:43:00Z,not_applicable_undelegated,"","","","",The source SQL keeps only the final label. Multi-label registration namespaces such as co.uk/com.au collapse into this root-label bucket and cannot be split from this snapshot.,none,"","","",""
photography,23,22,0,final_label_aggregate,delegated_in_iana_tlds_alpha,rdap_only_iana,https://www.iana.org/domains/root/db/photography.html,"",whois.nic.photography,"",rdap_only,"IANA lists RDAP and no WHOIS server; no traditional WHOIS use is recorded in this snapshot, so this parser package makes no port-43 classification claim.","","","",Class and route fields describe structure; the evidence state and IANA fields define WHOIS treatment. Parser behavior is documented by the referenced tests where applicable.   Standard-library client route: whois.nic.photography; not official protocol evidence.  The source query strips all domain labels except the final root suffix; no registrable multi-label suffix frequency can be inferred from this CSV.,"",https://rdap.identitydigital.services/rdap/,rdap_only,200,2025-10-07,2026-09-28T21:44:26Z,stale_library_whois_route_for_iana_rdap_only,Whois::Server::Adapters::Standard,Whois::Parsers::WhoisNicPhotography,"","",The source SQL keeps only the final label. Multi-label registration namespaces such as co.uk/com.au collapse into this root-label bucket and cannot be split from this snapshot.,rdap_only_suffix_still_has_installed_whois_route,"","","",""
ro,23,23,23,final_label_aggregate,delegated_in_iana_tlds_alpha,traditional_whois_observed,https://www.iana.org/domains/root/db/ro.html,whois.rotld.ro,whois.rotld.ro,Whois::Parsers::WhoisRotldRo,fixture_pair,"parse the named registered and authoritative-absence fixtures; keep denials, throttles, and ambiguous replies unknown",spec/whois/parsers/responses/whois.rotld.ro/ro/status_registered_spec.rb,spec/whois/parsers/responses/whois.rotld.ro/ro/status_available_spec.rb,"",Fixture-backed parser evidence from the referenced tests; this is not a fresh production sample unless the linked report says so. Observed DomScan host: whois.rotld.ro.   The source query strips all domain labels except the final root suffix; no registrable multi-label suffix frequency can be inferred from this CSV.,whois.rotld.ro,"",whois_only,200,2026-09-28,2026-09-28T21:44:27Z,observed_domscan_host_matches_current_iana,Whois::Server::Adapters::Standard,Whois::Parsers::WhoisRotldRo,Whois::Parsers::WhoisRotldRo,Whois::Parsers::WhoisRotldRo,The source SQL keeps only the final label. Multi-label registration namespaces such as co.uk/com.au collapse into this root-label bucket and cannot be split from this snapshot.,none,"","","",""
sg,23,14,0,final_label_aggregate,delegated_in_iana_tlds_alpha,iana_whois_and_rdap,https://www.iana.org/domains/root/db/sg.html,"",whois.sgnic.sg,Whois::Parsers::WhoisSgnicSg,fixture_pair,"parse the named registered and authoritative-absence fixtures; keep denials, throttles, and ambiguous replies unknown",spec/whois/parsers/responses/whois.sgnic.sg/sg/status_registered_spec.rb,spec/whois/parsers/responses/whois.sgnic.sg/sg/status_available_spec.rb,spec/whois/parsers/registry_response_safety_spec.rb,Fixture-backed parser evidence from the referenced tests; this is not a fresh production sample unless the linked report says so.   Standard-library client route: whois.sgnic.sg; not official protocol evidence.  The source query strips all domain labels except the final root suffix; no registrable multi-label suffix frequency can be inferred from this CSV.,whois.sgnic.sg,https://rdap.sgnic.sg/rdap/,whois_and_rdap,200,2026-02-04,2026-09-28T21:44:27Z,iana_host_matches_library_route,Whois::Server::Adapters::Standard,Whois::Parsers::WhoisSgnicSg,Whois::Parsers::WhoisSgnicSg,"",The source SQL keeps only the final label. Multi-label registration namespaces such as co.uk/com.au collapse into this root-label bucket and cannot be split from this snapshot.,none,"","","",""
world,23,6,0,final_label_aggregate,delegated_in_iana_tlds_alpha,rdap_only_iana,https://www.iana.org/domains/root/db/world.html,"",whois.nic.world,"",rdap_only,"IANA lists RDAP and no WHOIS server; no traditional WHOIS use is recorded in this snapshot, so this parser package makes no port-43 classification claim.","","","",Class and route fields describe structure; the evidence state and IANA fields define WHOIS treatment. Parser behavior is documented by the referenced tests where applicable.   Standard-library client route: whois.nic.world; not official protocol evidence.  The source query strips all domain labels except the final root suffix; no registrable multi-label suffix frequency can be inferred from this CSV.,"",https://rdap.identitydigital.services/rdap/,rdap_only,200,2025-10-07,2026-09-28T21:44:28Z,stale_library_whois_route_for_iana_rdap_only,Whois::Server::Adapters::Standard,Whois::Parsers::WhoisNicWorld,"","",The source SQL keeps only the final label. Multi-label registration namespaces such as co.uk/com.au collapse into this root-label bucket and cannot be split from this snapshot.,rdap_only_suffix_still_has_installed_whois_route,"","","",""
bio,22,22,0,final_label_aggregate,delegated_in_iana_tlds_alpha,rdap_only_iana,https://www.iana.org/domains/root/db/bio.html,"",whois.afilias.net,"",rdap_only,"IANA lists RDAP and no WHOIS server; no traditional WHOIS use is recorded in this snapshot, so this parser package makes no port-43 classification claim.","","","",Class and route fields describe structure; the evidence state and IANA fields define WHOIS treatment. Parser behavior is documented by the referenced tests where applicable.   Standard-library client route: whois.afilias.net; not official protocol evidence.  The source query strips all domain labels except the final root suffix; no registrable multi-label suffix frequency can be inferred from this CSV.,"",https://rdap.identitydigital.services/rdap/,rdap_only,200,2025-09-04,2026-09-28T21:44:29Z,stale_library_whois_route_for_iana_rdap_only,Whois::Server::Adapters::Standard,Whois::Parsers::WhoisAfiliasNet,"","",The source SQL keeps only the final label. Multi-label registration namespaces such as co.uk/com.au collapse into this root-label bucket and cannot be split from this snapshot.,rdap_only_suffix_still_has_installed_whois_route,"","","",""
ly,22,22,0,final_label_aggregate,delegated_in_iana_tlds_alpha,iana_whois_and_rdap,https://www.iana.org/domains/root/db/ly.html,"",whois.nic.ly,Whois::Parsers::WhoisNicLy,fixture_pair,"parse the named registered and authoritative-absence fixtures; keep denials, throttles, and ambiguous replies unknown",spec/whois/parsers/responses/whois.nic.ly/ly/status_registered_spec.rb,spec/whois/parsers/responses/whois.nic.ly/ly/status_available_spec.rb,spec/whois/parsers/audit_101_125_spec.rb,Fixture-backed parser evidence from the referenced tests; this is not a fresh production sample unless the linked report says so.   Standard-library client route: whois.nic.ly; not official protocol evidence.  The source query strips all domain labels except the final root suffix; no registrable multi-label suffix frequency can be inferred from this CSV.,whois.nic.ly,https://rdap.nic.ly,whois_and_rdap,200,2025-11-01,2026-09-28T21:44:30Z,iana_host_matches_library_route,Whois::Server::Adapters::Standard,Whois::Parsers::WhoisNicLy,Whois::Parsers::WhoisNicLy,"",The source SQL keeps only the final label. Multi-label registration namespaces such as co.uk/com.au collapse into this root-label bucket and cannot be split from this snapshot.,none,"","","",""
news,21,19,1,final_label_aggregate,delegated_in_iana_tlds_alpha,historical_traditional_whois_observed_current_iana_rdap_only,https://www.iana.org/domains/root/db/news.html,whois.nic.news,whois.nic.news,Whois::Parsers::WhoisNicNews,unsupported_only,Keep the historical whois.nic.news unsupported response non-classifying in spec/whois/parsers/audit_101_125_spec.rb; current IANA protocol is RDAP-only and DomScan skips the stale WHOIS route.,"","",spec/whois/parsers/audit_101_125_spec.rb,"IANA currently lists RDAP only; the pinned snapshot records one historical WHOIS call to whois.nic.news. The historical unsupported-TLD response is covered by spec/whois/parsers/audit_101_125_spec.rb; this is legacy response safety, not current WHOIS support. DomScan should skip the stale WHOIS route.","",https://rdap.identitydigital.services/rdap/,rdap_only,200,2025-10-07,2026-09-28T21:44:30Z,historical_legacy_host_returns_unsupported,Whois::Server::Adapters::Standard,Whois::Parsers::WhoisNicNews,"",Whois::Parsers::WhoisNicNews,The source SQL keeps only the final label. Multi-label registration namespaces such as co.uk/com.au collapse into this root-label bucket and cannot be split from this snapshot.,rdap_only_legacy_route_requires_application_skip,"","","",""
company,20,19,0,final_label_aggregate,delegated_in_iana_tlds_alpha,rdap_only_iana,https://www.iana.org/domains/root/db/company.html,"",whois.nic.company,"",rdap_only,"IANA lists RDAP and no WHOIS server; no traditional WHOIS use is recorded in this snapshot, so this parser package makes no port-43 classification claim.","","","",Classification is based on the dated IANA source and does not assert a registration or availability result.   Standard-library client route: whois.nic.company; not official protocol evidence.  The source query strips all domain labels except the final root suffix; no registrable multi-label suffix frequency can be inferred from this CSV.,"",https://rdap.identitydigital.services/rdap/,rdap_only,200,2025-10-07,2026-09-28T21:44:31Z,stale_library_whois_route_for_iana_rdap_only,Whois::Server::Adapters::Standard,"","","",The source SQL keeps only the final label. Multi-label registration namespaces such as co.uk/com.au collapse into this root-label bucket and cannot be split from this snapshot.,rdap_only_suffix_still_has_installed_whois_route,"","","",""
pdf,20,20,0,final_label_aggregate,not_in_iana_tlds_alpha,not_delegated,https://data.iana.org/TLD/tlds-alpha-by-domain.txt,"","","",undelegated,do not attach a public-registry parser or infer registered or available,"","",spec/audits/domscan_whois_coverage_spec.rb,Classification is based on the dated IANA source and does not assert a registration or availability result.    The source query strips all domain labels except the final root suffix; no registrable multi-label suffix frequency can be inferred from this CSV.,"","",not_in_root_zone_tld_file,"","",2026-09-28T21:43:00Z,not_applicable_undelegated,"","","","",The source SQL keeps only the final label. Multi-label registration namespaces such as co.uk/com.au collapse into this root-label bucket and cannot be split from this snapshot.,none,"","","",""
cfd,19,9,0,final_label_aggregate,delegated_in_iana_tlds_alpha,iana_whois_and_rdap,https://www.iana.org/domains/root/db/cfd.html,"",whois.nic.cfd,Whois::Parsers::WhoisNicCfd,fixture_pair,"Exercise the IANA-listed whois.nic.cfd parser for .cfd with minimal synthetic registered and authoritative-absence shapes, plus contradiction, denial, throttle, and incomplete-response safeguards in the referenced parser spec. Bounded live observations are summarized separately in the audit report.",spec/whois/parsers/domscan_first_class_structural_a_f_spec.rb,spec/whois/parsers/domscan_first_class_structural_a_f_spec.rb,spec/whois/parsers/domscan_first_class_structural_a_f_spec.rb,"Class and route fields describe structure; the evidence state and IANA fields define WHOIS treatment. Parser behavior is documented by the referenced tests where applicable.   Standard-library client route: whois.nic.cfd; not official protocol evidence.  The source query strips all domain labels except the final root suffix; no registrable multi-label suffix frequency can be inferred from this CSV. Parser test fixtures use minimal synthetic field/marker shapes; bounded live observations, where made, are summarized separately in the audit prose and are not fixture contents.",whois.nic.cfd,https://rdap.centralnic.com/cfd/,whois_and_rdap,200,2024-04-29,2026-09-28T21:44:32Z,iana_host_matches_library_route,Whois::Server::Adapters::Standard,Whois::Parsers::WhoisNicCfd,Whois::Parsers::WhoisNicCfd,"",The source SQL keeps only the final label. Multi-label registration namespaces such as co.uk/com.au collapse into this root-label bucket and cannot be split from this snapshot.,none,"","","",""
email,19,19,0,final_label_aggregate,delegated_in_iana_tlds_alpha,rdap_only_iana,https://www.iana.org/domains/root/db/email.html,"",whois.nic.email,"",rdap_only,"IANA lists RDAP and no WHOIS server; no traditional WHOIS use is recorded in this snapshot, so this parser package makes no port-43 classification claim.","","","",Class and route fields describe structure; the evidence state and IANA fields define WHOIS treatment. Parser behavior is documented by the referenced tests where applicable.   Standard-library client route: whois.nic.email; not official protocol evidence.  The source query strips all domain labels except the final root suffix; no registrable multi-label suffix frequency can be inferred from this CSV.,"",https://rdap.identitydigital.services/rdap/,rdap_only,200,2025-10-07,2026-09-28T21:44:33Z,stale_library_whois_route_for_iana_rdap_only,Whois::Server::Adapters::Standard,Whois::Parsers::WhoisNicEmail,"","",The source SQL keeps only the final label. Multi-label registration namespaces such as co.uk/com.au collapse into this root-label bucket and cannot be split from this snapshot.,rdap_only_suffix_still_has_installed_whois_route,"","","",""
foundation,19,2,0,final_label_aggregate,delegated_in_iana_tlds_alpha,iana_whois_and_rdap,https://www.iana.org/domains/root/db/foundation.html,"",whois.nic.foundation,Whois::Parsers::WhoisNicFoundation,fixture_pair,"Exercise the IANA-listed whois.nic.foundation parser for .foundation with minimal synthetic registered and authoritative-absence shapes, plus contradiction, denial, throttle, and incomplete-response safeguards in the referenced parser spec. Bounded live observations are summarized separately in the audit report.",spec/whois/parsers/domscan_first_class_structural_a_f_spec.rb,spec/whois/parsers/domscan_first_class_structural_a_f_spec.rb,spec/whois/parsers/domscan_first_class_structural_a_f_spec.rb,"Class and route fields describe structure; the evidence state and IANA fields define WHOIS treatment. Parser behavior is documented by the referenced tests where applicable.   Standard-library client route: whois.nic.foundation; not official protocol evidence.  The source query strips all domain labels except the final root suffix; no registrable multi-label suffix frequency can be inferred from this CSV. Parser test fixtures use minimal synthetic field/marker shapes; bounded live observations, where made, are summarized separately in the audit prose and are not fixture contents.",whois.nic.foundation,https://rdap.publicinterestregistry.org/rdap/,whois_and_rdap,200,2025-08-14,2026-09-28T21:44:34Z,iana_host_matches_library_route,Whois::Server::Adapters::Standard,Whois::Parsers::WhoisNicFoundation,Whois::Parsers::WhoisNicFoundation,"",The source SQL keeps only the final label. Multi-label registration namespaces such as co.uk/com.au collapse into this root-label bucket and cannot be split from this snapshot.,none,"","","",""
ms,19,2,0,final_label_aggregate,delegated_in_iana_tlds_alpha,iana_whois_and_rdap,https://www.iana.org/domains/root/db/ms.html,"",whois.nic.ms,Whois::Parsers::WhoisNicMs,fixture_pair,"parse the named registered and authoritative-absence fixtures; keep denials, throttles, and ambiguous replies unknown",spec/whois/parsers/responses/whois.nic.ms/ms/status_registered_spec.rb,spec/whois/parsers/responses/whois.nic.ms/ms/status_available_spec.rb,"",Fixture-backed parser evidence from the referenced tests; this is not a fresh production sample unless the linked report says so.   Standard-library client route: whois.nic.ms; not official protocol evidence.  The source query strips all domain labels except the final root suffix; no registrable multi-label suffix frequency can be inferred from this CSV.,whois.nic.ms,https://rdap.nic.ms,whois_and_rdap,200,2026-08-05,2026-09-28T21:44:34Z,iana_host_matches_library_route,Whois::Server::Adapters::Standard,Whois::Parsers::WhoisNicMs,Whois::Parsers::WhoisNicMs,"",The source SQL keeps only the final label. Multi-label registration namespaces such as co.uk/com.au collapse into this root-label bucket and cannot be split from this snapshot.,none,"","","",""
best,18,1,0,final_label_aggregate,delegated_in_iana_tlds_alpha,iana_whois_and_rdap,https://www.iana.org/domains/root/db/best.html,"",whois.nic.best,Whois::Parsers::WhoisNicBest,fixture_pair,"Exercise the IANA-listed whois.nic.best parser for .best with minimal synthetic registered and authoritative-absence shapes, plus contradiction, denial, throttle, and incomplete-response safeguards in the referenced parser spec. Bounded live observations are summarized separately in the audit report.",spec/whois/parsers/domscan_first_class_structural_a_f_spec.rb,spec/whois/parsers/domscan_first_class_structural_a_f_spec.rb,spec/whois/parsers/domscan_first_class_structural_a_f_spec.rb,"Class and route fields describe structure; the evidence state and IANA fields define WHOIS treatment. Parser behavior is documented by the referenced tests where applicable.   Standard-library client route: whois.nic.best; not official protocol evidence.  The source query strips all domain labels except the final root suffix; no registrable multi-label suffix frequency can be inferred from this CSV. Parser test fixtures use minimal synthetic field/marker shapes; bounded live observations, where made, are summarized separately in the audit prose and are not fixture contents.",whois.nic.best,https://rdap.centralnic.com/best/,whois_and_rdap,200,2026-02-11,2026-09-28T21:44:35Z,iana_host_matches_library_route,Whois::Server::Adapters::Standard,Whois::Parsers::WhoisNicBest,Whois::Parsers::WhoisNicBest,"",The source SQL keeps only the final label. Multi-label registration namespaces such as co.uk/com.au collapse into this root-label bucket and cannot be split from this snapshot.,none,"","","",""
business,18,16,0,final_label_aggregate,delegated_in_iana_tlds_alpha,rdap_only_iana,https://www.iana.org/domains/root/db/business.html,"",whois.nic.business,"",rdap_only,"IANA lists RDAP and no WHOIS server; no traditional WHOIS use is recorded in this snapshot, so this parser package makes no port-43 classification claim.","","","",Class and route fields describe structure; the evidence state and IANA fields define WHOIS treatment. Parser behavior is documented by the referenced tests where applicable.   Standard-library client route: whois.nic.business; not official protocol evidence.  The source query strips all domain labels except the final root suffix; no registrable multi-label suffix frequency can be inferred from this CSV.,"",https://rdap.identitydigital.services/rdap/,rdap_only,200,2025-10-07,2026-09-28T21:44:36Z,stale_library_whois_route_for_iana_rdap_only,Whois::Server::Adapters::Standard,Whois::Parsers::WhoisNicBusiness,"","",The source SQL keeps only the final label. Multi-label registration namespaces such as co.uk/com.au collapse into this root-label bucket and cannot be split from this snapshot.,rdap_only_suffix_still_has_installed_whois_route,"","","",""
fi,18,12,0,final_label_aggregate,delegated_in_iana_tlds_alpha,iana_whois_and_rdap,https://www.iana.org/domains/root/db/fi.html,"",whois.fi,Whois::Parsers::WhoisFi,fixture_pair,"parse the named registered and authoritative-absence fixtures; keep denials, throttles, and ambiguous replies unknown",spec/whois/parsers/responses/whois.fi/fi/status_registered_spec.rb,spec/whois/parsers/responses/whois.fi/fi/status_available_spec.rb,"",Fixture-backed parser evidence from the referenced tests; this is not a fresh production sample unless the linked report says so.   Standard-library client route: whois.fi; not official protocol evidence.  The source query strips all domain labels except the final root suffix; no registrable multi-label suffix frequency can be inferred from this CSV.,whois.fi,https://rdap.fi/rdap/rdap/,whois_and_rdap,200,2025-09-15,2026-09-28T21:44:37Z,iana_host_matches_library_route,Whois::Server::Adapters::Standard,Whois::Parsers::WhoisFi,Whois::Parsers::WhoisFi,"",The source SQL keeps only the final label. Multi-label registration namespaces such as co.uk/com.au collapse into this root-label bucket and cannot be split from this snapshot.,none,"","","",""
if,18,18,0,final_label_aggregate,not_in_iana_tlds_alpha,not_delegated,https://data.iana.org/TLD/tlds-alpha-by-domain.txt,"","","",undelegated,do not attach a public-registry parser or infer registered or available,"","",spec/audits/domscan_whois_coverage_spec.rb,Classification is based on the dated IANA source and does not assert a registration or availability result.    The source query strips all domain labels except the final root suffix; no registrable multi-label suffix frequency can be inferred from this CSV.,"","",not_in_root_zone_tld_file,"","",2026-09-28T21:43:00Z,not_applicable_undelegated,"","","","",The source SQL keeps only the final label. Multi-label registration namespaces such as co.uk/com.au collapse into this root-label bucket and cannot be split from this snapshot.,none,"","","",""
local,18,18,0,final_label_aggregate,special_use,private_special_use,https://www.iana.org/assignments/special-use-domain-names,"","","",special_use,exclude private special-use names from global WHOIS registration and availability claims,"","",spec/audits/domscan_whois_coverage_spec.rb,Classification is based on the dated IANA source and does not assert a registration or availability result.    The source query strips all domain labels except the final root suffix; no registrable multi-label suffix frequency can be inferred from this CSV.,"","",special_use_not_root_delegation,"","",2026-09-28T21:43:00Z,not_applicable_special_use,"","","","",The source SQL keeps only the final label. Multi-label registration namespaces such as co.uk/com.au collapse into this root-label bucket and cannot be split from this snapshot.,none,"","","",""
open,18,16,0,final_label_aggregate,delegated_in_iana_tlds_alpha,iana_whois_and_rdap_restricted_registration_record_only_unknown_other,https://www.iana.org/domains/root/db/open.html,"","",Whois::Parsers::WhoisNicOpen,restricted_registry_record_only,"Use WhoisNicOpen to report registered only for the complete exact nic.open registry record. Published tests use minimal synthetic registered and No Data Found shapes, not copied raw replies. No Data Found, partial or mismatched records remain unknown; do not claim public availability or authoritative absence under the restricted policy.",spec/whois/parsers/whois_nic_open_spec.rb,"",spec/whois/parsers/whois_nic_open_spec.rb,"Bounded WHOIS observation at whois.nic.open on 2026-09-29 returned the registry-owned nic.open record with Domain Name, Registry Domain ID D511-OPEN, Amex registrar/IANA ID 9999, dates, statuses, and nameservers. A bounded WHOIS query for google.open returned No Data Found and policy text; it remains unknown. RDAP returned HTTP 200 for nic.open. Published tests use minimal synthetic registered_synthetic.txt and no_data_synthetic.txt shapes; no copied or redacted raw WHOIS bodies are distributed. Sampled RDAP 404 responses are not treated as authoritative absence.",whois.nic.open,https://rdap.nic.open/,whois_and_rdap,200,2024-05-11,2026-09-28T21:44:38Z,iana_whois_host_missing_from_library_route,Whois::Server::Adapters::None,"",Whois::Parsers::WhoisNicOpen,"",The source SQL keeps only the final label. Multi-label registration namespaces such as co.uk/com.au collapse into this root-label bucket and cannot be split from this snapshot.,iana_whois_service_has_no_installed_library_route,"","",https://web.aexp-static.com/content/dam/amex/us/staticassets/pdf/nic/Registry-Policies-OPEN.pdf,"Official Amex registry policy limits registration and control to the operator, qualifying affiliates, and trademark licensees. The parser recognizes only the exact registry-owned nic.open record; No Data Found remains unknown and does not imply public availability."
solutions,18,18,0,final_label_aggregate,delegated_in_iana_tlds_alpha,rdap_only_iana,https://www.iana.org/domains/root/db/solutions.html,"",whois.nic.solutions,"",rdap_only,"IANA lists RDAP and no WHOIS server; no traditional WHOIS use is recorded in this snapshot, so this parser package makes no port-43 classification claim.","","","",Class and route fields describe structure; the evidence state and IANA fields define WHOIS treatment. Parser behavior is documented by the referenced tests where applicable.   Standard-library client route: whois.nic.solutions; not official protocol evidence.  The source query strips all domain labels except the final root suffix; no registrable multi-label suffix frequency can be inferred from this CSV.,"",https://rdap.identitydigital.services/rdap/,rdap_only,200,2025-10-07,2026-09-28T21:44:38Z,stale_library_whois_route_for_iana_rdap_only,Whois::Server::Adapters::Standard,Whois::Parsers::WhoisNicSolutions,"","",The source SQL keeps only the final label. Multi-label registration namespaces such as co.uk/com.au collapse into this root-label bucket and cannot be split from this snapshot.,rdap_only_suffix_still_has_installed_whois_route,"","","",""
team,18,1,0,final_label_aggregate,delegated_in_iana_tlds_alpha,rdap_only_iana,https://www.iana.org/domains/root/db/team.html,"",whois.nic.team,"",rdap_only,"IANA lists RDAP and no WHOIS server; no traditional WHOIS use is recorded in this snapshot, so this parser package makes no port-43 classification claim.","","","",Class and route fields describe structure; the evidence state and IANA fields define WHOIS treatment. Parser behavior is documented by the referenced tests where applicable.   Standard-library client route: whois.nic.team; not official protocol evidence.  The source query strips all domain labels except the final root suffix; no registrable multi-label suffix frequency can be inferred from this CSV.,"",https://rdap.identitydigital.services/rdap/,rdap_only,200,2025-10-07,2026-09-28T21:44:39Z,stale_library_whois_route_for_iana_rdap_only,Whois::Server::Adapters::Standard,Whois::Parsers::WhoisNicTeam,"","",The source SQL keeps only the final label. Multi-label registration namespaces such as co.uk/com.au collapse into this root-label bucket and cannot be split from this snapshot.,rdap_only_suffix_still_has_installed_whois_route,"","","",""
fr,17,17,2,final_label_aggregate,delegated_in_iana_tlds_alpha,traditional_whois_observed,https://www.iana.org/domains/root/db/fr.html,whois.nic.fr,whois.nic.fr,Whois::Parsers::WhoisNicFr,fixture_pair,"parse the named registered and authoritative-absence fixtures; keep denials, throttles, and ambiguous replies unknown",spec/whois/parsers/responses/whois.nic.fr/fr/property_status_active_spec.rb;spec/whois/parsers/responses/whois.nic.fr/fr/property_status_registered_spec.rb;spec/whois/parsers/responses/whois.nic.fr/fr/status_registered_spec.rb,spec/whois/parsers/responses/whois.nic.fr/fr/status_available_spec.rb,spec/whois/parsers/responses/whois.nic.fr/fr/response_throttled_spec.rb;spec/whois/parsers/topdomains_package_4_spec.rb,Fixture-backed parser evidence from the referenced tests; this is not a fresh production sample unless the linked report says so. Observed DomScan host: whois.nic.fr.   The source query strips all domain labels except the final root suffix; no registrable multi-label suffix frequency can be inferred from this CSV.,whois.nic.fr,https://rdap.nic.fr/,whois_and_rdap,200,2025-07-31,2026-09-28T21:44:40Z,observed_domscan_host_matches_current_iana,Whois::Server::Adapters::Standard,Whois::Parsers::WhoisNicFr,Whois::Parsers::WhoisNicFr,Whois::Parsers::WhoisNicFr,The source SQL keeps only the final label. Multi-label registration namespaces such as co.uk/com.au collapse into this root-label bucket and cannot be split from this snapshot.,none,"","","",""
one,17,17,0,final_label_aggregate,delegated_in_iana_tlds_alpha,iana_whois_and_rdap,https://www.iana.org/domains/root/db/one.html,"",whois.nic.one,Whois::Parsers::WhoisNicOne,fixture_pair,"Exercise one registered, authoritative absence, and ambiguity/denial cases in spec/whois/parsers/domscan_ns_suffix_truth_spec.rb; direct target host and the installed library route are recorded independently.",spec/whois/parsers/domscan_ns_suffix_truth_spec.rb,spec/whois/parsers/domscan_ns_suffix_truth_spec.rb,spec/whois/parsers/domscan_ns_suffix_truth_spec.rb,Class and route fields describe structure; the evidence state and IANA fields define WHOIS treatment. Parser behavior is documented by the referenced tests where applicable.   Standard-library client route: whois.nic.one; not official protocol evidence.  The source query strips all domain labels except the final root suffix; no registrable multi-label suffix frequency can be inferred from this CSV.,whois.nic.one,https://rdap.nic.one/,whois_and_rdap,200,2026-05-19,2026-09-28T21:44:41Z,iana_host_matches_library_route,Whois::Server::Adapters::Standard,Whois::Parsers::WhoisNicOne,Whois::Parsers::WhoisNicOne,"",The source SQL keeps only the final label. Multi-label registration namespaces such as co.uk/com.au collapse into this root-label bucket and cannot be split from this snapshot.,none,"","","",""
at,16,16,14,final_label_aggregate,delegated_in_iana_tlds_alpha,traditional_whois_observed,https://www.iana.org/domains/root/db/at.html,whois.nic.at,whois.nic.at,Whois::Parsers::WhoisNicAt,fixture_pair,"parse the named registered and authoritative-absence fixtures; keep denials, throttles, and ambiguous replies unknown",spec/whois/parsers/responses/whois.nic.at/at/status_registered_spec.rb,spec/whois/parsers/responses/whois.nic.at/at/status_available_spec.rb,"",Fixture-backed parser evidence from the referenced tests; this is not a fresh production sample unless the linked report says so. Observed DomScan host: whois.nic.at.   The source query strips all domain labels except the final root suffix; no registrable multi-label suffix frequency can be inferred from this CSV.,whois.nic.at,"",whois_only,200,2025-05-14,2026-09-28T21:44:42Z,observed_domscan_host_matches_current_iana,Whois::Server::Adapters::Standard,Whois::Parsers::WhoisNicAt,Whois::Parsers::WhoisNicAt,Whois::Parsers::WhoisNicAt,The source SQL keeps only the final label. Multi-label registration namespaces such as co.uk/com.au collapse into this root-label bucket and cannot be split from this snapshot.,none,"","","",""
gr,16,16,0,final_label_aggregate,delegated_in_iana_tlds_alpha,no_whois_or_rdap_listed_iana,https://www.iana.org/domains/root/db/gr.html,"","","",delegated_no_whois,"IANA delegation page lists neither a WHOIS nor an RDAP endpoint, and no traditional WHOIS call was recorded; no port-43 parser claim is made.","","","",Classification is based on the dated IANA source and does not assert a registration or availability result.    The source query strips all domain labels except the final root suffix; no registrable multi-label suffix frequency can be inferred from this CSV.,"","",no_server_listed,200,2026-09-23,2026-09-28T21:44:43Z,no_library_route_and_no_iana_service,Whois::Server::Adapters::Web,"","","",The source SQL keeps only the final label. Multi-label registration namespaces such as co.uk/com.au collapse into this root-label bucket and cannot be split from this snapshot.,none,"","","",""
gg,15,15,15,final_label_aggregate,delegated_in_iana_tlds_alpha,traditional_whois_observed,https://www.iana.org/domains/root/db/gg.html,whois.gg,whois.gg,Whois::Parsers::WhoisGg,fixture_pair,"parse the named registered and authoritative-absence fixtures; keep denials, throttles, and ambiguous replies unknown",spec/whois/parsers/responses/whois.gg/gg/status_registered_spec.rb,spec/whois/parsers/responses/whois.gg/gg/status_available_spec.rb,"",Fixture-backed parser evidence from the referenced tests; this is not a fresh production sample unless the linked report says so. Observed DomScan host: whois.gg.   The source query strips all domain labels except the final root suffix; no registrable multi-label suffix frequency can be inferred from this CSV.,whois.gg,"",whois_only,200,2025-07-07,2026-09-28T21:44:43Z,observed_domscan_host_matches_current_iana,Whois::Server::Adapters::Standard,Whois::Parsers::WhoisGg,Whois::Parsers::WhoisGg,Whois::Parsers::WhoisGg,The source SQL keeps only the final label. Multi-label registration namespaces such as co.uk/com.au collapse into this root-label bucket and cannot be split from this snapshot.,none,"","","",""
la,14,14,14,final_label_aggregate,delegated_in_iana_tlds_alpha,traditional_whois_observed,https://www.iana.org/domains/root/db/la.html,whois.nic.la,whois.nic.la,Whois::Parsers::WhoisNicLa,fixture_pair,"parse the named registered and authoritative-absence fixtures; keep denials, throttles, and ambiguous replies unknown",spec/whois/parsers/responses/whois.nic.la/la/status_registered_spec.rb,spec/whois/parsers/responses/whois.nic.la/la/status_available_spec.rb,"",Fixture-backed parser evidence from the referenced tests; this is not a fresh production sample unless the linked report says so. Observed DomScan host: whois.nic.la.   The source query strips all domain labels except the final root suffix; no registrable multi-label suffix frequency can be inferred from this CSV.,whois.nic.la,"",whois_only,200,2025-08-21,2026-09-28T21:44:44Z,observed_domscan_host_matches_current_iana,Whois::Server::Adapters::Standard,Whois::Parsers::WhoisNicLa,Whois::Parsers::WhoisNicLa,Whois::Parsers::WhoisNicLa,The source SQL keeps only the final label. Multi-label registration namespaces such as co.uk/com.au collapse into this root-label bucket and cannot be split from this snapshot.,none,"","","",""
we,14,14,0,final_label_aggregate,not_in_iana_tlds_alpha,not_delegated,https://data.iana.org/TLD/tlds-alpha-by-domain.txt,"","","",undelegated,do not attach a public-registry parser or infer registered or available,"","",spec/audits/domscan_whois_coverage_spec.rb,Classification is based on the dated IANA source and does not assert a registration or availability result.    The source query strips all domain labels except the final root suffix; no registrable multi-label suffix frequency can be inferred from this CSV.,"","",not_in_root_zone_tld_file,"","",2026-09-28T21:43:00Z,not_applicable_undelegated,"","","","",The source SQL keeps only the final label. Multi-label registration namespaces such as co.uk/com.au collapse into this root-label bucket and cannot be split from this snapshot.,none,"","","",""
xn--p1ai,14,14,14,final_label_aggregate,delegated_in_iana_tlds_alpha,traditional_whois_observed,https://www.iana.org/domains/root/db/xn--p1ai.html,whois.tcinet.ru,whois.tcinet.ru,Whois::Parsers::WhoisTcinetRu,fixture_pair,"parse the named registered and authoritative-absence fixtures; keep denials, throttles, and ambiguous replies unknown",spec/whois/parsers/responses/whois.tcinet.ru/xn--p1ai/status_registered_spec.rb,spec/whois/parsers/responses/whois.tcinet.ru/xn--p1ai/status_available_spec.rb,spec/whois/parsers/whois_tcinet_ru_safety_spec.rb,Fixture-backed parser evidence from the referenced tests; this is not a fresh production sample unless the linked report says so. Observed DomScan host: whois.tcinet.ru.   The source query strips all domain labels except the final root suffix; no registrable multi-label suffix frequency can be inferred from this CSV.,whois.tcinet.ru,"",whois_only,200,2026-08-21,2026-09-28T21:44:45Z,observed_domscan_host_matches_current_iana,Whois::Server::Adapters::Standard,Whois::Parsers::WhoisTcinetRu,Whois::Parsers::WhoisTcinetRu,Whois::Parsers::WhoisTcinetRu,The source SQL keeps only the final label. Multi-label registration namespaces such as co.uk/com.au collapse into this root-label bucket and cannot be split from this snapshot.,none,"","","",""
ch,13,13,4,final_label_aggregate,delegated_in_iana_tlds_alpha,traditional_whois_observed,https://www.iana.org/domains/root/db/ch.html,whois.nic.ch,whois.nic.ch,Whois::Parsers::WhoisNicCh,fixture_pair,"parse the named registered and authoritative-absence fixtures; keep denials, throttles, and ambiguous replies unknown",spec/whois/parsers/responses/whois.nic.ch/ch/status_registered_spec.rb,spec/whois/parsers/responses/whois.nic.ch/ch/status_available_spec.rb,spec/whois/parsers/topdomains_226_250_spec.rb;spec/whois/parsers/topdomains_package_4_spec.rb;spec/whois/parsers/whois_nic_ch_safety_spec.rb,Fixture-backed parser evidence from the referenced tests; this is not a fresh production sample unless the linked report says so. Observed DomScan host: whois.nic.ch.   The source query strips all domain labels except the final root suffix; no registrable multi-label suffix frequency can be inferred from this CSV.,whois.nic.ch,"",whois_only,200,2026-07-01,2026-09-28T21:44:46Z,observed_domscan_host_matches_current_iana,Whois::Server::Adapters::Standard,Whois::Parsers::WhoisNicCh,Whois::Parsers::WhoisNicCh,Whois::Parsers::WhoisNicCh,The source SQL keeps only the final label. Multi-label registration namespaces such as co.uk/com.au collapse into this root-label bucket and cannot be split from this snapshot.,none,"","","",""
ng,13,12,0,final_label_aggregate,delegated_in_iana_tlds_alpha,iana_whois_and_rdap,https://www.iana.org/domains/root/db/ng.html,"",whois.nic.net.ng,Whois::Parsers::WhoisNicNetNg,fixture_pair,"parse the named registered and authoritative-absence fixtures; keep denials, throttles, and ambiguous replies unknown",spec/whois/parsers/responses/whois.nic.net.ng/ng/status_registered_spec.rb,spec/whois/parsers/responses/whois.nic.net.ng/ng/property_status_available_spec.rb;spec/whois/parsers/responses/whois.nic.net.ng/ng/status_available_spec.rb,"",Fixture-backed parser evidence from the referenced tests; this is not a fresh production sample unless the linked report says so.   Standard-library client route: whois.nic.net.ng; not official protocol evidence.  The source query strips all domain labels except the final root suffix; no registrable multi-label suffix frequency can be inferred from this CSV.,whois.nic.net.ng,https://rdap.nic.net.ng,whois_and_rdap,200,2026-08-05,2026-09-28T21:44:47Z,iana_host_matches_library_route,Whois::Server::Adapters::Standard,Whois::Parsers::WhoisNicNetNg,Whois::Parsers::WhoisNicNetNg,"",The source SQL keeps only the final label. Multi-label registration namespaces such as co.uk/com.au collapse into this root-label bucket and cannot be split from this snapshot.,none,"","","",""
market,12,12,0,final_label_aggregate,delegated_in_iana_tlds_alpha,rdap_only_iana,https://www.iana.org/domains/root/db/market.html,"",whois.nic.market,"",rdap_only,"IANA lists RDAP and no WHOIS server; no traditional WHOIS use is recorded in this snapshot, so this parser package makes no port-43 classification claim.","","","",Class and route fields describe structure; the evidence state and IANA fields define WHOIS treatment. Parser behavior is documented by the referenced tests where applicable.   Standard-library client route: whois.nic.market; not official protocol evidence.  The source query strips all domain labels except the final root suffix; no registrable multi-label suffix frequency can be inferred from this CSV.,"",https://rdap.identitydigital.services/rdap/,rdap_only,200,2025-10-07,2026-09-28T21:44:48Z,stale_library_whois_route_for_iana_rdap_only,Whois::Server::Adapters::Standard,Whois::Parsers::WhoisNicMarket,"","",The source SQL keeps only the final label. Multi-label registration namespaces such as co.uk/com.au collapse into this root-label bucket and cannot be split from this snapshot.,rdap_only_suffix_still_has_installed_whois_route,"","","",""
education,11,10,0,final_label_aggregate,delegated_in_iana_tlds_alpha,rdap_only_iana,https://www.iana.org/domains/root/db/education.html,"",whois.nic.education,"",rdap_only,"IANA lists RDAP and no WHOIS server; no traditional WHOIS use is recorded in this snapshot, so this parser package makes no port-43 classification claim.","","","",Class and route fields describe structure; the evidence state and IANA fields define WHOIS treatment. Parser behavior is documented by the referenced tests where applicable.   Standard-library client route: whois.nic.education; not official protocol evidence.  The source query strips all domain labels except the final root suffix; no registrable multi-label suffix frequency can be inferred from this CSV.,"",https://rdap.identitydigital.services/rdap/,rdap_only,200,2025-10-07,2026-09-28T21:44:48Z,stale_library_whois_route_for_iana_rdap_only,Whois::Server::Adapters::Standard,Whois::Parsers::WhoisNicEducation,"","",The source SQL keeps only the final label. Multi-label registration namespaces such as co.uk/com.au collapse into this root-label bucket and cannot be split from this snapshot.,rdap_only_suffix_still_has_installed_whois_route,"","","",""
media,11,10,0,final_label_aggregate,delegated_in_iana_tlds_alpha,rdap_only_iana,https://www.iana.org/domains/root/db/media.html,"",whois.nic.media,"",rdap_only,"IANA lists RDAP and no WHOIS server; no traditional WHOIS use is recorded in this snapshot, so this parser package makes no port-43 classification claim.","","","",Class and route fields describe structure; the evidence state and IANA fields define WHOIS treatment. Parser behavior is documented by the referenced tests where applicable.   Standard-library client route: whois.nic.media; not official protocol evidence.  The source query strips all domain labels except the final root suffix; no registrable multi-label suffix frequency can be inferred from this CSV.,"",https://rdap.identitydigital.services/rdap/,rdap_only,200,2025-10-07,2026-09-28T21:44:49Z,stale_library_whois_route_for_iana_rdap_only,Whois::Server::Adapters::Standard,Whois::Parsers::WhoisNicMedia,"","",The source SQL keeps only the final label. Multi-label registration namespaces such as co.uk/com.au collapse into this root-label bucket and cannot be split from this snapshot.,rdap_only_suffix_still_has_installed_whois_route,"","","",""
ws,11,8,4,final_label_aggregate,delegated_in_iana_tlds_alpha,traditional_whois_observed,https://www.iana.org/domains/root/db/ws.html,whois.website.ws,whois.website.ws,Whois::Parsers::WhoisWebsiteWs,fixture_pair,"parse the named registered and authoritative-absence fixtures; keep denials, throttles, and ambiguous replies unknown",spec/whois/parsers/responses/whois.website.ws/ws/status_registered_spec.rb,spec/whois/parsers/responses/whois.website.ws/ws/status_available_spec.rb,spec/whois/parsers/registry_response_safety_spec.rb,Fixture-backed parser evidence from the referenced tests; this is not a fresh production sample unless the linked report says so. Observed DomScan host: whois.website.ws.   The source query strips all domain labels except the final root suffix; no registrable multi-label suffix frequency can be inferred from this CSV.,whois.website.ws,"",whois_only,200,2021-05-26,2026-09-28T21:44:50Z,observed_domscan_host_matches_current_iana,Whois::Server::Adapters::Standard,Whois::Parsers::WhoisWebsiteWs,Whois::Parsers::WhoisWebsiteWs,Whois::Parsers::WhoisWebsiteWs,The source SQL keeps only the final label. Multi-label registration namespaces such as co.uk/com.au collapse into this root-label bucket and cannot be split from this snapshot.,none,"","","",""
you,11,11,0,final_label_aggregate,delegated_in_iana_tlds_alpha,rdap_only_iana,https://www.iana.org/domains/root/db/you.html,"",whois.nic.you,"",rdap_only,"IANA lists RDAP and no WHOIS server; no traditional WHOIS use is recorded in this snapshot, so this parser package makes no port-43 classification claim.","","","",Classification is based on the dated IANA source and does not assert a registration or availability result.   Standard-library client route: whois.nic.you; not official protocol evidence.  The source query strips all domain labels except the final root suffix; no registrable multi-label suffix frequency can be inferred from this CSV.,"",https://rdap.nominet.uk/you/,rdap_only,200,2025-02-14,2026-09-28T21:44:51Z,stale_library_whois_route_for_iana_rdap_only,Whois::Server::Adapters::Standard,"","","",The source SQL keeps only the final label. Multi-label registration namespaces such as co.uk/com.au collapse into this root-label bucket and cannot be split from this snapshot.,rdap_only_suffix_still_has_installed_whois_route,"","","",""
builders,10,2,0,final_label_aggregate,delegated_in_iana_tlds_alpha,rdap_only_iana,https://www.iana.org/domains/root/db/builders.html,"",whois.nic.builders,"",rdap_only,"IANA lists RDAP and no WHOIS server; no traditional WHOIS use is recorded in this snapshot, so this parser package makes no port-43 classification claim.","","","",Class and route fields describe structure; the evidence state and IANA fields define WHOIS treatment. Parser behavior is documented by the referenced tests where applicable.   Standard-library client route: whois.nic.builders; not official protocol evidence.  The source query strips all domain labels except the final root suffix; no registrable multi-label suffix frequency can be inferred from this CSV.,"",https://rdap.identitydigital.services/rdap/,rdap_only,200,2025-10-07,2026-09-28T21:44:51Z,stale_library_whois_route_for_iana_rdap_only,Whois::Server::Adapters::Standard,Whois::Parsers::WhoisNicBuilders,"","",The source SQL keeps only the final label. Multi-label registration namespaces such as co.uk/com.au collapse into this root-label bucket and cannot be split from this snapshot.,rdap_only_suffix_still_has_installed_whois_route,"","","",""
dk,10,10,10,final_label_aggregate,delegated_in_iana_tlds_alpha,traditional_whois_observed,https://www.iana.org/domains/root/db/dk.html,whois.dk-hostmaster.dk,whois.dk-hostmaster.dk,Whois::Parsers::WhoisPunktumDk,fixture_pair,"Exercise the IANA-listed whois.punktum.dk parser on registered, authoritative absence, and mixed/denied replies; the installed whois gem still routes .dk to whois.dk-hostmaster.dk and remains a separate runtime route blocker.",spec/whois/parsers/domscan_iana_org_dk_hosts_spec.rb,spec/whois/parsers/domscan_iana_org_dk_hosts_spec.rb,spec/whois/parsers/domscan_iana_org_dk_hosts_spec.rb,"Parser regressions for the IANA-listed host and safety tests are in spec/whois/parsers/domscan_iana_org_dk_hosts_spec.rb. The installed route still uses whois.dk-hostmaster.dk, while IANA lists whois.punktum.dk; retain this as a runtime route blocker.",whois.punktum.dk,"",whois_only,200,2026-06-17,2026-09-28T21:44:52Z,observed_domscan_host_matches_library_route_but_differs_from_iana,Whois::Server::Adapters::Formatted,Whois::Parsers::WhoisDkHostmasterDk,Whois::Parsers::WhoisPunktumDk,Whois::Parsers::WhoisDkHostmasterDk,The source SQL keeps only the final label. Multi-label registration namespaces such as co.uk/com.au collapse into this root-label bucket and cannot be split from this snapshot.,installed_library_route_differs_from_current_iana_host,"","","",""
edu,10,10,10,final_label_aggregate,delegated_in_iana_tlds_alpha,traditional_whois_observed,https://www.iana.org/domains/root/db/edu.html,whois.educause.edu,whois.educause.edu,Whois::Parsers::WhoisEducauseEdu,fixture_pair,"parse the named registered and authoritative-absence fixtures; keep denials, throttles, and ambiguous replies unknown",spec/whois/parsers/responses/whois.educause.edu/edu/status_registered_spec.rb,spec/whois/parsers/responses/whois.educause.edu/edu/status_available_spec.rb;spec/whois/parsers/responses/whois.educause.edu/edu/status_not_found_spec.rb,spec/whois/parsers/responses/whois.educause.edu/edu/property_updated_on_unknown_spec.rb,Fixture-backed parser evidence from the referenced tests; this is not a fresh production sample unless the linked report says so. Observed DomScan host: whois.educause.edu.   The source query strips all domain labels except the final root suffix; no registrable multi-label suffix frequency can be inferred from this CSV.,whois.educause.edu,"",whois_only,200,2026-08-04,2026-09-28T21:44:53Z,observed_domscan_host_matches_current_iana,Whois::Server::Adapters::Standard,Whois::Parsers::WhoisEducauseEdu,Whois::Parsers::WhoisEducauseEdu,Whois::Parsers::WhoisEducauseEdu,The source SQL keeps only the final label. Multi-label registration namespaces such as co.uk/com.au collapse into this root-label bucket and cannot be split from this snapshot.,none,"","","",""
or,10,10,0,final_label_aggregate,not_in_iana_tlds_alpha,not_delegated,https://data.iana.org/TLD/tlds-alpha-by-domain.txt,"","","",undelegated,do not attach a public-registry parser or infer registered or available,"","",spec/audits/domscan_whois_coverage_spec.rb,Classification is based on the dated IANA source and does not assert a registration or availability result.    The source query strips all domain labels except the final root suffix; no registrable multi-label suffix frequency can be inferred from this CSV.,"","",not_in_root_zone_tld_file,"","",2026-09-28T21:43:00Z,not_applicable_undelegated,"","","","",The source SQL keeps only the final label. Multi-label registration namespaces such as co.uk/com.au collapse into this root-label bucket and cannot be split from this snapshot.,none,"","","",""
com0,9,9,0,final_label_aggregate,not_in_iana_tlds_alpha,not_delegated,https://data.iana.org/TLD/tlds-alpha-by-domain.txt,"","","",undelegated,do not attach a public-registry parser or infer registered or available,"","",spec/audits/domscan_whois_coverage_spec.rb,Classification is based on the dated IANA source and does not assert a registration or availability result.    The source query strips all domain labels except the final root suffix; no registrable multi-label suffix frequency can be inferred from this CSV.,"","",not_in_root_zone_tld_file,"","",2026-09-28T21:43:00Z,not_applicable_undelegated,"","","","",The source SQL keeps only the final label. Multi-label registration namespaces such as co.uk/com.au collapse into this root-label bucket and cannot be split from this snapshot.,none,"","","",""
how,9,9,0,final_label_aggregate,delegated_in_iana_tlds_alpha,rdap_only_iana,https://www.iana.org/domains/root/db/how.html,"",whois.nic.google,"",rdap_only,"IANA lists RDAP and no WHOIS server; no traditional WHOIS use is recorded in this snapshot, so this parser package makes no port-43 classification claim.","","","",Classification is based on the dated IANA source and does not assert a registration or availability result.   Standard-library client route: whois.nic.google; not official protocol evidence.  The source query strips all domain labels except the final root suffix; no registrable multi-label suffix frequency can be inferred from this CSV.,"",https://pubapi.registry.google/rdap/,rdap_only,200,2025-04-11,2026-09-28T21:44:53Z,stale_library_whois_route_for_iana_rdap_only,Whois::Server::Adapters::Standard,"","","",The source SQL keeps only the final label. Multi-label registration namespaces such as co.uk/com.au collapse into this root-label bucket and cannot be split from this snapshot.,rdap_only_suffix_still_has_installed_whois_route,"","","",""
no,9,9,4,final_label_aggregate,delegated_in_iana_tlds_alpha,traditional_whois_observed,https://www.iana.org/domains/root/db/no.html,whois.norid.no,whois.norid.no,Whois::Parsers::WhoisNoridNo,fixture_pair,"parse the named registered and authoritative-absence fixtures; keep denials, throttles, and ambiguous replies unknown",spec/whois/parsers/responses/whois.norid.no/no/status_registered_spec.rb,spec/whois/parsers/responses/whois.norid.no/no/status_available_spec.rb,"",Fixture-backed parser evidence from the referenced tests; this is not a fresh production sample unless the linked report says so. Observed DomScan host: whois.norid.no.   The source query strips all domain labels except the final root suffix; no registrable multi-label suffix frequency can be inferred from this CSV.,whois.norid.no,https://rdap.norid.no/,whois_and_rdap,200,2022-01-14,2026-09-28T21:44:54Z,observed_domscan_host_matches_current_iana,Whois::Server::Adapters::Standard,Whois::Parsers::WhoisNoridNo,Whois::Parsers::WhoisNoridNo,Whois::Parsers::WhoisNoridNo,The source SQL keeps only the final label. Multi-label registration namespaces such as co.uk/com.au collapse into this root-label bucket and cannot be split from this snapshot.,none,"","","",""
the,9,9,0,final_label_aggregate,not_in_iana_tlds_alpha,not_delegated,https://data.iana.org/TLD/tlds-alpha-by-domain.txt,"","","",undelegated,do not attach a public-registry parser or infer registered or available,"","",spec/audits/domscan_whois_coverage_spec.rb,Classification is based on the dated IANA source and does not assert a registration or availability result.    The source query strips all domain labels except the final root suffix; no registrable multi-label suffix frequency can be inferred from this CSV.,"","",not_in_root_zone_tld_file,"","",2026-09-28T21:43:00Z,not_applicable_undelegated,"","","","",The source SQL keeps only the final label. Multi-label registration namespaces such as co.uk/com.au collapse into this root-label bucket and cannot be split from this snapshot.,none,"","","",""
digital,8,8,0,final_label_aggregate,delegated_in_iana_tlds_alpha,rdap_only_iana,https://www.iana.org/domains/root/db/digital.html,"",whois.nic.digital,"",rdap_only,"IANA lists RDAP and no WHOIS server; no traditional WHOIS use is recorded in this snapshot, so this parser package makes no port-43 classification claim.","","","",Class and route fields describe structure; the evidence state and IANA fields define WHOIS treatment. Parser behavior is documented by the referenced tests where applicable.   Standard-library client route: whois.nic.digital; not official protocol evidence.  The source query strips all domain labels except the final root suffix; no registrable multi-label suffix frequency can be inferred from this CSV.,"",https://rdap.identitydigital.services/rdap/,rdap_only,200,2025-10-07,2026-09-28T21:44:55Z,stale_library_whois_route_for_iana_rdap_only,Whois::Server::Adapters::Standard,Whois::Parsers::WhoisNicDigital,"","",The source SQL keeps only the final label. Multi-label registration namespaces such as co.uk/com.au collapse into this root-label bucket and cannot be split from this snapshot.,rdap_only_suffix_still_has_installed_whois_route,"","","",""
hn,8,8,0,final_label_aggregate,delegated_in_iana_tlds_alpha,iana_whois_and_rdap,https://www.iana.org/domains/root/db/hn.html,"",whois.nic.hn,Whois::Parsers::WhoisNicHn,fixture_pair,"parse the named registered and authoritative-absence fixtures; keep denials, throttles, and ambiguous replies unknown",spec/whois/parsers/responses/whois.nic.hn/hn/status_registered_spec.rb,spec/whois/parsers/responses/whois.nic.hn/hn/status_available_spec.rb,spec/whois/parsers/audit_126_150_spec.rb;spec/whois/parsers/audit_20260925_hn_spec.rb,Fixture-backed parser evidence from the referenced tests; this is not a fresh production sample unless the linked report says so.   Standard-library client route: whois.nic.hn; not official protocol evidence.  The source query strips all domain labels except the final root suffix; no registrable multi-label suffix frequency can be inferred from this CSV.,whois.nic.hn,https://rdap.nic.hn/,whois_and_rdap,200,2024-07-24,2026-09-28T21:44:56Z,iana_host_matches_library_route,Whois::Server::Adapters::Standard,Whois::Parsers::WhoisNicHn,Whois::Parsers::WhoisNicHn,"",The source SQL keeps only the final label. Multi-label registration namespaces such as co.uk/com.au collapse into this root-label bucket and cannot be split from this snapshot.,none,"","","",""
lat,8,8,0,final_label_aggregate,delegated_in_iana_tlds_alpha,iana_whois_and_rdap,https://www.iana.org/domains/root/db/lat.html,"",whois.nic.lat,Whois::Parsers::WhoisNicLat,fixture_pair,"Exercise the IANA-listed whois.nic.lat parser for .lat with minimal synthetic registered and authoritative-absence shapes, plus contradiction, denial, throttle, and incomplete-response safeguards in the referenced parser spec. Bounded live observations are summarized separately in the audit report.",spec/whois/parsers/whois_g_m_leftover_registry_safety_spec.rb,spec/whois/parsers/whois_g_m_leftover_registry_safety_spec.rb,spec/whois/parsers/whois_g_m_leftover_registry_safety_spec.rb,"Parser regression and safety coverage for the IANA-listed host is in spec/whois/parsers/whois_g_m_leftover_registry_safety_spec.rb; the parser suite exercises registered, authoritative absence, and denial/contradiction cases for .lat. Parser test fixtures use minimal synthetic field/marker shapes; bounded live observations, where made, are summarized separately in the audit prose and are not fixture contents.",whois.nic.lat,https://rdap.centralnic.com/lat/,whois_and_rdap,200,2025-08-12,2026-09-28T21:44:57Z,iana_host_matches_library_route,Whois::Server::Adapters::Standard,Whois::Parsers::WhoisNicLat,Whois::Parsers::WhoisNicLat,"",The source SQL keeps only the final label. Multi-label registration namespaces such as co.uk/com.au collapse into this root-label bucket and cannot be split from this snapshot.,none,"","","",""
pk,8,8,6,final_label_aggregate,delegated_in_iana_tlds_alpha,traditional_whois_observed,https://www.iana.org/domains/root/db/pk.html,whois.pknic.net.pk,"",Whois::Parsers::WhoisPknicNetPk,fixture_pair,"Exercise pk registered, authoritative absence, and ambiguity/denial cases in spec/whois/parsers/domscan_ns_suffix_truth_spec.rb; direct target host and the installed library route are recorded independently.",spec/whois/parsers/domscan_ns_suffix_truth_spec.rb,spec/whois/parsers/domscan_ns_suffix_truth_spec.rb,spec/whois/parsers/domscan_ns_suffix_truth_spec.rb,The pinned DomScan host-mapping audit records whois.pknic.net.pk for this suffix and the matching parser class. This existing application route covers the installed library mismatch; the direct IANA/observed-host parser evidence remains in the referenced specs.,whois.pknic.net.pk,"",whois_only,200,2022-07-06,2026-09-28T21:44:58Z,observed_domscan_host_matches_current_iana,Whois::Server::Adapters::Web,"",Whois::Parsers::WhoisPknicNetPk,Whois::Parsers::WhoisPknicNetPk,The source SQL keeps only the final label. Multi-label registration namespaces such as co.uk/com.au collapse into this root-label bucket and cannot be split from this snapshot.,covered_by_existing_domscan_route_mapping,"","","",""
py,8,6,0,final_label_aggregate,delegated_in_iana_tlds_alpha,library_web_adapter_iana_lists_no_whois_or_rdap,https://www.iana.org/domains/root/db/py.html,"","","",web_adapter_only,IANA lists no WHOIS or RDAP endpoint and the current client uses its Web adapter; this parser package claims no port-43 response coverage.,"","",spec/audits/domscan_whois_coverage_spec.rb,Classification is based on the dated IANA source and does not assert a registration or availability result.    The source query strips all domain labels except the final root suffix; no registrable multi-label suffix frequency can be inferred from this CSV.,"","",no_server_listed,200,2023-01-18,2026-09-28T21:44:58Z,web_adapter_without_iana_port43_service,Whois::Server::Adapters::Web,"","","",The source SQL keeps only the final label. Multi-label registration namespaces such as co.uk/com.au collapse into this root-label bucket and cannot be split from this snapshot.,none,"","","",""
africa,7,7,1,final_label_aggregate,delegated_in_iana_tlds_alpha,traditional_whois_observed,https://www.iana.org/domains/root/db/africa.html,whois.nic.africa,africa-whois.registry.net.za,Whois::Parsers::WhoisNicAfrica,fixture_pair,"Exercise the IANA-listed whois.nic.africa parser for .africa with minimal synthetic registered and authoritative-absence shapes, plus contradiction, denial, throttle, and incomplete-response safeguards in the referenced parser spec. Bounded live observations are summarized separately in the audit report.",spec/whois/parsers/domscan_first_class_structural_a_f_spec.rb,spec/whois/parsers/domscan_first_class_structural_a_f_spec.rb,spec/whois/parsers/domscan_first_class_structural_a_f_spec.rb,"The pinned DomScan host-mapping audit records whois.nic.africa for this suffix and the matching parser class. This existing application route covers the installed library mismatch; the direct IANA/observed-host parser evidence remains in the referenced specs. Parser test fixtures use minimal synthetic field/marker shapes; bounded live observations, where made, are summarized separately in the audit prose and are not fixture contents.",whois.nic.africa,https://rdap.nic.africa/rdap/,whois_and_rdap,200,2025-08-05,2026-09-28T21:44:59Z,observed_domscan_host_matches_current_iana,Whois::Server::Adapters::Standard,"",Whois::Parsers::WhoisNicAfrica,Whois::Parsers::WhoisNicAfrica,The source SQL keeps only the final label. Multi-label registration namespaces such as co.uk/com.au collapse into this root-label bucket and cannot be split from this snapshot.,covered_by_existing_domscan_route_mapping,"","","",""
dollars,7,7,0,final_label_aggregate,not_in_iana_tlds_alpha,not_delegated,https://data.iana.org/TLD/tlds-alpha-by-domain.txt,"","","",undelegated,do not attach a public-registry parser or infer registered or available,"","",spec/audits/domscan_whois_coverage_spec.rb,Classification is based on the dated IANA source and does not assert a registration or availability result.    The source query strips all domain labels except the final root suffix; no registrable multi-label suffix frequency can be inferred from this CSV.,"","",not_in_root_zone_tld_file,"","",2026-09-28T21:43:00Z,not_applicable_undelegated,"","","","",The source SQL keeps only the final label. Multi-label registration namespaces such as co.uk/com.au collapse into this root-label bucket and cannot be split from this snapshot.,none,"","","",""
hk,7,7,7,final_label_aggregate,delegated_in_iana_tlds_alpha,traditional_whois_observed,https://www.iana.org/domains/root/db/hk.html,whois.hkirc.hk,whois.hkirc.hk,Whois::Parsers::WhoisHkircHk,fixture_pair,"parse the named registered and authoritative-absence fixtures; keep denials, throttles, and ambiguous replies unknown",spec/whois/parsers/responses/whois.hkirc.hk/hk/status_registered_spec.rb,spec/whois/parsers/responses/whois.hkirc.hk/hk/status_available_spec.rb,"",Fixture-backed parser evidence from the referenced tests; this is not a fresh production sample unless the linked report says so. Observed DomScan host: whois.hkirc.hk.   The source query strips all domain labels except the final root suffix; no registrable multi-label suffix frequency can be inferred from this CSV.,whois.hkirc.hk,"",whois_only,200,2026-01-07,2026-09-28T21:45:00Z,observed_domscan_host_matches_current_iana,Whois::Server::Adapters::Standard,Whois::Parsers::WhoisHkircHk,Whois::Parsers::WhoisHkircHk,Whois::Parsers::WhoisHkircHk,The source SQL keeps only the final label. Multi-label registration namespaces such as co.uk/com.au collapse into this root-label bucket and cannot be split from this snapshot.,none,"","","",""
mohammadi,7,7,0,final_label_aggregate,not_in_iana_tlds_alpha,not_delegated,https://data.iana.org/TLD/tlds-alpha-by-domain.txt,"","","",undelegated,do not attach a public-registry parser or infer registered or available,"","",spec/audits/domscan_whois_coverage_spec.rb,Classification is based on the dated IANA source and does not assert a registration or availability result.    The source query strips all domain labels except the final root suffix; no registrable multi-label suffix frequency can be inferred from this CSV.,"","",not_in_root_zone_tld_file,"","",2026-09-28T21:43:00Z,not_applicable_undelegated,"","","","",The source SQL keeps only the final label. Multi-label registration namespaces such as co.uk/com.au collapse into this root-label bucket and cannot be split from this snapshot.,none,"","","",""
pl,7,7,0,final_label_aggregate,delegated_in_iana_tlds_alpha,iana_whois_and_rdap,https://www.iana.org/domains/root/db/pl.html,"",whois.dns.pl,Whois::Parsers::WhoisDnsPl,fixture_pair,"parse the named registered and authoritative-absence fixtures; keep denials, throttles, and ambiguous replies unknown",spec/whois/parsers/responses/whois.dns.pl/pl/status_registered_spec.rb,spec/whois/parsers/responses/whois.dns.pl/pl/status_available_spec.rb,spec/whois/parsers/responses/whois.dns.pl/pl/response_throttled_spec.rb;spec/whois/parsers/responses/whois.dns.pl/pl/status_registered_spec.rb,Fixture-backed parser evidence from the referenced tests; this is not a fresh production sample unless the linked report says so.   Standard-library client route: whois.dns.pl; not official protocol evidence.  The source query strips all domain labels except the final root suffix; no registrable multi-label suffix frequency can be inferred from this CSV.,whois.dns.pl,https://rdap.dns.pl,whois_and_rdap,200,2026-04-24,2026-09-28T21:45:01Z,iana_host_matches_library_route,Whois::Server::Adapters::Standard,Whois::Parsers::WhoisDnsPl,Whois::Parsers::WhoisDnsPl,"",The source SQL keeps only the final label. Multi-label registration namespaces such as co.uk/com.au collapse into this root-label bucket and cannot be split from this snapshot.,none,"","","",""
sh,7,7,7,final_label_aggregate,delegated_in_iana_tlds_alpha,traditional_whois_observed,https://www.iana.org/domains/root/db/sh.html,whois.nic.sh,whois.nic.sh,Whois::Parsers::WhoisNicSh,fixture_pair,"parse the named registered and authoritative-absence fixtures; keep denials, throttles, and ambiguous replies unknown",spec/whois/parsers/responses/whois.nic.sh/sh/status_registered_spec.rb,spec/whois/parsers/responses/whois.nic.sh/sh/status_available_spec.rb,"",Fixture-backed parser evidence from the referenced tests; this is not a fresh production sample unless the linked report says so. Observed DomScan host: whois.nic.sh.   The source query strips all domain labels except the final root suffix; no registrable multi-label suffix frequency can be inferred from this CSV.,whois.nic.sh,"",whois_only,200,2026-08-05,2026-09-28T21:45:01Z,observed_domscan_host_matches_current_iana,Whois::Server::Adapters::Standard,Whois::Parsers::WhoisNicSh,Whois::Parsers::WhoisNicSh,Whois::Parsers::WhoisNicSh,The source SQL keeps only the final label. Multi-label registration namespaces such as co.uk/com.au collapse into this root-label bucket and cannot be split from this snapshot.,none,"","","",""
wiki,7,7,0,final_label_aggregate,delegated_in_iana_tlds_alpha,iana_whois_and_rdap,https://www.iana.org/domains/root/db/wiki.html,"",whois.nic.wiki,Whois::Parsers::WhoisNicWiki,fixture_pair,"Exercise the IANA-listed whois.nic.wiki parser for .wiki with minimal synthetic registered and authoritative-absence shapes, plus contradiction, denial, throttle, and incomplete-response safeguards in the referenced parser spec. Bounded live observations are summarized separately in the audit report.",spec/whois/parsers/whois_t_z_structural_safety_spec.rb,spec/whois/parsers/whois_t_z_structural_safety_spec.rb,spec/whois/parsers/whois_t_z_structural_safety_spec.rb,"Class and route fields describe structure; the evidence state and IANA fields define WHOIS treatment. Parser behavior is documented by the referenced tests where applicable.   Standard-library client route: whois.nic.wiki; not official protocol evidence.  The source query strips all domain labels except the final root suffix; no registrable multi-label suffix frequency can be inferred from this CSV. Parser test fixtures use minimal synthetic field/marker shapes; bounded live observations, where made, are summarized separately in the audit prose and are not fixture contents.",whois.nic.wiki,https://rdap.nic.wiki/,whois_and_rdap,200,2024-04-17,2026-09-28T21:45:02Z,iana_host_matches_library_route,Whois::Server::Adapters::Standard,Whois::Parsers::WhoisNicWiki,Whois::Parsers::WhoisNicWiki,"",The source SQL keeps only the final label. Multi-label registration namespaces such as co.uk/com.au collapse into this root-label bucket and cannot be split from this snapshot.,none,"","","",""
for,6,6,0,final_label_aggregate,not_in_iana_tlds_alpha,not_delegated,https://data.iana.org/TLD/tlds-alpha-by-domain.txt,"","","",undelegated,do not attach a public-registry parser or infer registered or available,"","",spec/audits/domscan_whois_coverage_spec.rb,Classification is based on the dated IANA source and does not assert a registration or availability result.    The source query strips all domain labels except the final root suffix; no registrable multi-label suffix frequency can be inferred from this CSV.,"","",not_in_root_zone_tld_file,"","",2026-09-28T21:43:00Z,not_applicable_undelegated,"","","","",The source SQL keeps only the final label. Multi-label registration namespaces such as co.uk/com.au collapse into this root-label bucket and cannot be split from this snapshot.,none,"","","",""
hu,6,6,6,final_label_aggregate,delegated_in_iana_tlds_alpha,traditional_whois_observed,https://www.iana.org/domains/root/db/hu.html,whois.nic.hu,whois.nic.hu,Whois::Parsers::WhoisNicHu,fixture_pair,"parse the named registered and authoritative-absence fixtures; keep denials, throttles, and ambiguous replies unknown",spec/whois/parsers/responses/whois.nic.hu/hu/status_registered_spec.rb,spec/whois/parsers/responses/whois.nic.hu/hu/status_available_spec.rb,"",Fixture-backed parser evidence from the referenced tests; this is not a fresh production sample unless the linked report says so. Observed DomScan host: whois.nic.hu.   The source query strips all domain labels except the final root suffix; no registrable multi-label suffix frequency can be inferred from this CSV.,whois.nic.hu,"",whois_only,200,2026-08-04,2026-09-28T21:45:03Z,observed_domscan_host_matches_current_iana,Whois::Server::Adapters::Standard,Whois::Parsers::WhoisNicHu,Whois::Parsers::WhoisNicHu,Whois::Parsers::WhoisNicHu,The source SQL keeps only the final label. Multi-label registration namespaces such as co.uk/com.au collapse into this root-label bucket and cannot be split from this snapshot.,none,"","","",""
is,6,6,2,final_label_aggregate,delegated_in_iana_tlds_alpha,traditional_whois_observed,https://www.iana.org/domains/root/db/is.html,whois.isnic.is,whois.isnic.is,Whois::Parsers::WhoisIsnicIs,fixture_pair,"parse the named registered and authoritative-absence fixtures; keep denials, throttles, and ambiguous replies unknown",spec/whois/parsers/responses/whois.isnic.is/is/status_registered_spec.rb,spec/whois/parsers/responses/whois.isnic.is/is/status_available_spec.rb,"",Fixture-backed parser evidence from the referenced tests; this is not a fresh production sample unless the linked report says so. Observed DomScan host: whois.isnic.is.   The source query strips all domain labels except the final root suffix; no registrable multi-label suffix frequency can be inferred from this CSV.,whois.isnic.is,https://rdap.isnic.is/rdap/,whois_and_rdap,200,2026-02-18,2026-09-28T21:45:04Z,observed_domscan_host_matches_current_iana,Whois::Server::Adapters::Standard,Whois::Parsers::WhoisIsnicIs,Whois::Parsers::WhoisIsnicIs,Whois::Parsers::WhoisIsnicIs,The source SQL keeps only the final label. Multi-label registration namespaces such as co.uk/com.au collapse into this root-label bucket and cannot be split from this snapshot.,none,"","","",""
ma,6,6,5,final_label_aggregate,delegated_in_iana_tlds_alpha,traditional_whois_observed,https://www.iana.org/domains/root/db/ma.html,whois.registre.ma,whois.registre.ma,Whois::Parsers::WhoisRegistreMa,fixture_pair,"parse the named registered and authoritative-absence fixtures; keep denials, throttles, and ambiguous replies unknown",spec/whois/parsers/responses/whois.registre.ma/ma/status_registered_spec.rb,spec/whois/parsers/responses/whois.registre.ma/ma/status_available_spec.rb,spec/whois/parsers/audit_20260925_ma_spec.rb;spec/whois/parsers/status_safety_spec.rb,Fixture-backed parser evidence from the referenced tests; this is not a fresh production sample unless the linked report says so. Observed DomScan host: whois.registre.ma.   The source query strips all domain labels except the final root suffix; no registrable multi-label suffix frequency can be inferred from this CSV.,whois.registre.ma,"",whois_only,200,2025-06-08,2026-09-28T21:45:04Z,observed_domscan_host_matches_current_iana,Whois::Server::Adapters::Standard,Whois::Parsers::WhoisRegistreMa,Whois::Parsers::WhoisRegistreMa,Whois::Parsers::WhoisRegistreMa,The source SQL keeps only the final label. Multi-label registration namespaces such as co.uk/com.au collapse into this root-label bucket and cannot be split from this snapshot.,none,"","","",""
red,6,5,0,final_label_aggregate,delegated_in_iana_tlds_alpha,rdap_only_iana,https://www.iana.org/domains/root/db/red.html,"",whois.afilias.net,"",rdap_only,"IANA lists RDAP and no WHOIS server; no traditional WHOIS use is recorded in this snapshot, so this parser package makes no port-43 classification claim.","","","",Class and route fields describe structure; the evidence state and IANA fields define WHOIS treatment. Parser behavior is documented by the referenced tests where applicable.   Standard-library client route: whois.afilias.net; not official protocol evidence.  The source query strips all domain labels except the final root suffix; no registrable multi-label suffix frequency can be inferred from this CSV.,"",https://rdap.identitydigital.services/rdap/,rdap_only,200,2025-09-04,2026-09-28T21:45:05Z,stale_library_whois_route_for_iana_rdap_only,Whois::Server::Adapters::Standard,Whois::Parsers::WhoisAfiliasNet,"","",The source SQL keeps only the final label. Multi-label registration namespaces such as co.uk/com.au collapse into this root-label bucket and cannot be split from this snapshot.,rdap_only_suffix_still_has_installed_whois_route,"","","",""
reviews,6,6,0,final_label_aggregate,delegated_in_iana_tlds_alpha,rdap_only_iana,https://www.iana.org/domains/root/db/reviews.html,"",whois.nic.reviews,"",rdap_only,"IANA lists RDAP and no WHOIS server; no traditional WHOIS use is recorded in this snapshot, so this parser package makes no port-43 classification claim.","","","",Classification is based on the dated IANA source and does not assert a registration or availability result.   Standard-library client route: whois.nic.reviews; not official protocol evidence.  The source query strips all domain labels except the final root suffix; no registrable multi-label suffix frequency can be inferred from this CSV.,"",https://rdap.identitydigital.services/rdap/,rdap_only,200,2025-10-07,2026-09-28T21:45:06Z,stale_library_whois_route_for_iana_rdap_only,Whois::Server::Adapters::Standard,"","","",The source SQL keeps only the final label. Multi-label registration namespaces such as co.uk/com.au collapse into this root-label bucket and cannot be split from this snapshot.,rdap_only_suffix_still_has_installed_whois_route,"","","",""
