source_rank,tld,source_status,evidence_state,evidence_date,report_ref,fixture_ref,fixture_scope,evidence_note,follow_up_state,follow_up_date,follow_up_report_ref,follow_up_fixture_ref,follow_up_note
1,com,delegated,unknown,2026-09-19,docs/audits/top-100-tlds-2026-09-19.md,"",not_reported,Healthy,"","","","",""
2,net,delegated,unknown,2026-09-19,docs/audits/top-100-tlds-2026-09-19.md,"",not_reported,Healthy,"","","","",""
3,org,delegated,unknown,2026-09-19,docs/audits/top-100-tlds-2026-09-19.md,"",not_reported,Fixed,"","","","",""
4,arpa,delegated,classification_only,2026-09-19,docs/audits/top-100-tlds-2026-09-19.md,"",not_reported,Infrastructure; excluded from registrable-domain parser scope,"","","","",""
5,uk,delegated,unknown,2026-09-19,docs/audits/top-100-tlds-2026-09-19.md,"",not_reported,Healthy,"","","","",""
6,info,delegated,unknown,2026-09-19,docs/audits/top-100-tlds-2026-09-19.md,"",not_reported,Unsupported,"","","","",""
7,io,delegated,unknown,2026-09-19,docs/audits/top-100-tlds-2026-09-19.md,"",not_reported,Fixed,"","","","",""
8,xyz,delegated,unknown,2026-09-19,docs/audits/top-100-tlds-2026-09-19.md,"",not_reported,Fixed,"","","","",""
9,de,delegated,unknown,2026-09-19,docs/audits/top-100-tlds-2026-09-19.md,"",not_reported,Fixed,"","","","",""
10,biz,delegated,unknown,2026-09-19,docs/audits/top-100-tlds-2026-09-19.md,"",not_reported,Healthy,"","","","",""
11,local,special-use,classification_only,2026-09-19,docs/audits/top-100-tlds-2026-09-19.md,"",not_reported,Special-use; no parser or availability inference,"","","","",""
12,cn,delegated,unknown,2026-09-19,docs/audits/top-100-tlds-2026-09-19.md,"",not_reported,Fixed,"","","","",""
13,edu,delegated,unknown,2026-09-19,docs/audits/top-100-tlds-2026-09-19.md,"",not_reported,Fixed,"","","","",""
14,cz,delegated,unknown,2026-09-19,docs/audits/top-100-tlds-2026-09-19.md,"",not_reported,Healthy,"","","","",""
15,co,delegated,unknown,2026-09-19,docs/audits/top-100-tlds-2026-09-19.md,"",not_reported,Fixed,"","","","",""
16,me,delegated,unknown,2026-09-19,docs/audits/top-100-tlds-2026-09-19.md,"",not_reported,Fixed,"","","","",""
17,eu,delegated,unknown,2026-09-19,docs/audits/top-100-tlds-2026-09-19.md,"",not_reported,Healthy,"","","","",""
18,site,delegated,unknown,2026-09-19,docs/audits/top-100-tlds-2026-09-19.md,"",not_reported,Fixed,"","","","",""
19,google,delegated,unknown,2026-09-19,docs/audits/top-100-tlds-2026-09-19.md,"",not_reported,Restricted or non-public,"","","","",""
20,fr,delegated,unknown,2026-09-19,docs/audits/top-100-tlds-2026-09-19.md,"",not_reported,Healthy,"","","","",""
21,microsoft,delegated,unknown,2026-09-19,docs/audits/top-100-tlds-2026-09-19.md,"",not_reported,Restricted or non-public,"","","","",""
22,kr,delegated,unknown,2026-09-19,docs/audits/top-100-tlds-2026-09-19.md,"",not_reported,Fixed,"","","","",""
23,ru,delegated,unknown,2026-09-19,docs/audits/top-100-tlds-2026-09-19.md,"",not_reported,Healthy,"","","","",""
24,us,delegated,unknown,2026-09-19,docs/audits/top-100-tlds-2026-09-19.md,"",not_reported,Ambiguous (Top-100 summary label only),registered_only,2026-09-25,docs/audits/top-us-current-2026-09-25.md,spec/fixtures/responses/whois.nic.us/us/status_registered_current.txt;spec/fixtures/responses/whois.nic.us/us/status_no_record_current.txt,"A registered record was observed. The generated-name reply was No Data Found, which the registry disclaimer says does not indicate availability."
25,it,delegated,unknown,2026-09-19,docs/audits/top-100-tlds-2026-09-19.md,"",not_reported,Healthy,"","","","",""
26,jp,delegated,unknown,2026-09-19,docs/audits/top-100-tlds-2026-09-19.md,"",not_reported,Healthy,"","","","",""
27,internal,undelegated,classification_only,2026-09-19,docs/audits/top-100-tlds-2026-09-19.md,"",not_reported,Special-use; no parser or availability inference,"","","","",""
28,ai,delegated,unknown,2026-09-19,docs/audits/top-100-tlds-2026-09-19.md,"",not_reported,Fixed,"","","","",""
29,br,delegated,unknown,2026-09-19,docs/audits/top-100-tlds-2026-09-19.md,"",not_reported,Healthy,"","","","",""
30,tr,delegated,unknown,2026-09-19,docs/audits/top-100-tlds-2026-09-19.md,"",not_reported,Fixed,"","","","",""
31,in,delegated,unknown,2026-09-19,docs/audits/top-100-tlds-2026-09-19.md,"",not_reported,Fixed,"","","","",""
32,online,delegated,unknown,2026-09-19,docs/audits/top-100-tlds-2026-09-19.md,"",not_reported,Fixed,"","","","",""
33,ch,delegated,unknown,2026-09-19,docs/audits/top-100-tlds-2026-09-19.md,"",not_reported,Refuses port-43,unknown,2026-09-25,docs/audits/top-1000-effective-coverage-scorecard-2026-09-25.md,"",The current response denied this client access. Denial does not establish registration or absence.
34,cloud,delegated,unknown,2026-09-19,docs/audits/top-100-tlds-2026-09-19.md,"",not_reported,Fixed,"","","","",""
35,nl,delegated,unknown,2026-09-19,docs/audits/top-100-tlds-2026-09-19.md,"",not_reported,Fixed,"","","","",""
36,pl,delegated,unknown,2026-09-19,docs/audits/top-100-tlds-2026-09-19.md,"",not_reported,Healthy,"","","","",""
37,ca,delegated,unknown,2026-09-19,docs/audits/top-100-tlds-2026-09-19.md,"",not_reported,Fixed,"","","","",""
38,club,delegated,unknown,2026-09-19,docs/audits/top-100-tlds-2026-09-19.md,"",not_reported,Fixed,"","","","",""
39,ms,delegated,unknown,2026-09-19,docs/audits/top-100-tlds-2026-09-19.md,"",not_reported,Fixed,"","","","",""
40,tech,delegated,unknown,2026-09-19,docs/audits/top-100-tlds-2026-09-19.md,"",not_reported,Fixed,"","","","",""
41,tv,delegated,unknown,2026-09-19,docs/audits/top-100-tlds-2026-09-19.md,"",not_reported,Fixed,"","","","",""
42,se,delegated,unknown,2026-09-19,docs/audits/top-100-tlds-2026-09-19.md,"",not_reported,Healthy,"","","","",""
43,dev,delegated,unknown,2026-09-19,docs/audits/top-100-tlds-2026-09-19.md,"",not_reported,Unavailable,rdap_only_no_whois,2026-09-25,docs/audits/top1000-es-pk-shop-dev-app-2026-09-25.md,"",IANA lists Google Registry RDAP and no WHOIS server; no WHOIS result is inferred.
44,au,delegated,unknown,2026-09-19,docs/audits/top-100-tlds-2026-09-19.md,"",not_reported,Fixed,"","","","",""
45,be,delegated,unknown,2026-09-19,docs/audits/top-100-tlds-2026-09-19.md,"",not_reported,Healthy,"","","","",""
46,goog,delegated,unknown,2026-09-19,docs/audits/top-100-tlds-2026-09-19.md,"",not_reported,Non-public,"","","","",""
47,app,delegated,unknown,2026-09-19,docs/audits/top-100-tlds-2026-09-19.md,"",not_reported,Unavailable,rdap_only_no_whois,2026-09-25,docs/audits/top1000-es-pk-shop-dev-app-2026-09-25.md,"",IANA lists Google Registry RDAP and no WHOIS server; no WHOIS result is inferred.
48,at,delegated,unknown,2026-09-19,docs/audits/top-100-tlds-2026-09-19.md,"",not_reported,Fixed,"","","","",""
49,no,delegated,unknown,2026-09-19,docs/audits/top-100-tlds-2026-09-19.md,"",not_reported,Healthy,"","","","",""
50,to,delegated,unknown,2026-09-19,docs/audits/top-100-tlds-2026-09-19.md,"",not_reported,Fixed,"","","","",""
51,media,delegated,unknown,2026-09-19,docs/audits/top-100-tlds-2026-09-19.md,"",not_reported,Unsupported,"","","","",""
52,es,delegated,unknown,2026-09-19,docs/audits/top-100-tlds-2026-09-19.md,"",not_reported,Transient refusal,unknown,2026-09-25,docs/audits/top1000-es-pk-shop-dev-app-2026-09-25.md,"",The registry limits port-43 access to approved IP addresses; no unauthorized query was attempted and no WHOIS result is inferred.
53,mx,delegated,unknown,2026-09-19,docs/audits/top-100-tlds-2026-09-19.md,"",not_reported,Fixed,"","","","",""
54,ua,delegated,unknown,2026-09-19,docs/audits/top-100-tlds-2026-09-19.md,"",not_reported,Fixed,"","","","",""
55,fi,delegated,unknown,2026-09-19,docs/audits/top-100-tlds-2026-09-19.md,"",not_reported,Fixed,"","","","",""
56,cc,delegated,unknown,2026-09-19,docs/audits/top-100-tlds-2026-09-19.md,"",not_reported,Healthy,"","","","",""
57,gov,delegated,unknown,2026-09-19,docs/audits/top-100-tlds-2026-09-19.md,"",not_reported,Fixed,"","","","",""
58,tw,delegated,unknown,2026-09-19,docs/audits/top-100-tlds-2026-09-19.md,"",not_reported,Healthy,"","","","",""
59,vn,delegated,unknown,2026-09-19,docs/audits/top-100-tlds-2026-09-19.md,"",not_reported,Restricted,"","","","",""
60,id,delegated,unknown,2026-09-19,docs/audits/top-100-tlds-2026-09-19.md,"",not_reported,Fixed,"","","","",""
61,services,delegated,unknown,2026-09-19,docs/audits/top-100-tlds-2026-09-19.md,"",not_reported,Unsupported,"","","","",""
62,sk,delegated,unknown,2026-09-19,docs/audits/top-100-tlds-2026-09-19.md,"",not_reported,Fixed,"","","","",""
63,ar,delegated,unknown,2026-09-19,docs/audits/top-100-tlds-2026-09-19.md,"",not_reported,Fixed,"","","","",""
64,hk,delegated,unknown,2026-09-19,docs/audits/top-100-tlds-2026-09-19.md,"",not_reported,Fixed,"","","","",""
65,sg,delegated,unknown,2026-09-19,docs/audits/top-100-tlds-2026-09-19.md,"",not_reported,Fixed,"","","","",""
66,localdomain,undelegated,classification_only,2026-09-19,docs/audits/top-100-tlds-2026-09-19.md,"",not_reported,Undelegated/non-public; no parser or availability inference,"","","","",""
67,azure-dns-info,undelegated,classification_only,2026-09-19,docs/audits/top-100-tlds-2026-09-19.md,"",not_reported,Undelegated/non-public; no parser or availability inference,"","","","",""
68,za,delegated,unknown,2026-09-19,docs/audits/top-100-tlds-2026-09-19.md,"",not_reported,Restricted,"","","","",""
69,pt,delegated,unknown,2026-09-19,docs/audits/top-100-tlds-2026-09-19.md,"",not_reported,Fixed,"","","","",""
70,dk,delegated,unknown,2026-09-19,docs/audits/top-100-tlds-2026-09-19.md,"",not_reported,Healthy,"","","","",""
71,network,delegated,unknown,2026-09-19,docs/audits/top-100-tlds-2026-09-19.md,"",not_reported,Unsupported,"","","","",""
72,gr,delegated,unknown,2026-09-19,docs/audits/top-100-tlds-2026-09-19.md,"",not_reported,Restricted,"","","","",""
73,gg,delegated,unknown,2026-09-19,docs/audits/top-100-tlds-2026-09-19.md,"",not_reported,Fixed,"","","","",""
74,live,delegated,unknown,2026-09-19,docs/audits/top-100-tlds-2026-09-19.md,"",not_reported,Unsupported,"","","","",""
75,ro,delegated,unknown,2026-09-19,docs/audits/top-100-tlds-2026-09-19.md,"",not_reported,Healthy,"","","","",""
76,cl,delegated,unknown,2026-09-19,docs/audits/top-100-tlds-2026-09-19.md,"",not_reported,Fixed,"","","","",""
77,la,delegated,unknown,2026-09-19,docs/audits/top-100-tlds-2026-09-19.md,"",not_reported,Fixed,"","","","",""
78,th,delegated,unknown,2026-09-19,docs/audits/top-100-tlds-2026-09-19.md,"",not_reported,Fixed,"","","","",""
79,nz,delegated,unknown,2026-09-19,docs/audits/top-100-tlds-2026-09-19.md,"",not_reported,Fixed,"","","","",""
80,is,delegated,unknown,2026-09-19,docs/audits/top-100-tlds-2026-09-19.md,"",not_reported,Healthy,"","","","",""
81,il,delegated,unknown,2026-09-19,docs/audits/top-100-tlds-2026-09-19.md,"",not_reported,Healthy,"","","","",""
82,hu,delegated,unknown,2026-09-19,docs/audits/top-100-tlds-2026-09-19.md,"",not_reported,Healthy,"","","","",""
83,im,delegated,unknown,2026-09-19,docs/audits/top-100-tlds-2026-09-19.md,"",not_reported,Fixed,"","","","",""
84,pk,delegated,unknown,2026-09-19,docs/audits/top-100-tlds-2026-09-19.md,"",not_reported,Unresolved,port43_parser_pair_not_standard_route,2026-09-25,docs/audits/top1000-es-pk-shop-dev-app-2026-09-25.md,spec/fixtures/responses/whois.pknic.net.pk,"Registered and explicit-availability response evidence exists at PKNIC, but the standard whois client selects a legacy web adapter for .pk."
85,sh,delegated,unknown,2026-09-19,docs/audits/top-100-tlds-2026-09-19.md,"",not_reported,Healthy,"","","","",""
86,ae,delegated,unknown,2026-09-19,docs/audits/top-100-tlds-2026-09-19.md,"",not_reported,Fixed,"","","","",""
87,bg,delegated,unknown,2026-09-19,docs/audits/top-100-tlds-2026-09-19.md,"",not_reported,Fixed,"","","","",""
88,kz,delegated,unknown,2026-09-19,docs/audits/top-100-tlds-2026-09-19.md,"",not_reported,Fixed,"","","","",""
89,my,delegated,unknown,2026-09-19,docs/audits/top-100-tlds-2026-09-19.md,"",not_reported,Fixed,"","","","",""
90,pro,delegated,unknown,2026-09-19,docs/audits/top-100-tlds-2026-09-19.md,"",not_reported,Unsupported,"","","","",""
91,lt,delegated,unknown,2026-09-19,docs/audits/top-100-tlds-2026-09-19.md,"",not_reported,Healthy,"","","","",""
92,ee,delegated,unknown,2026-09-19,docs/audits/top-100-tlds-2026-09-19.md,"",not_reported,Healthy,"","","","",""
93,ws,delegated,unknown,2026-09-19,docs/audits/top-100-tlds-2026-09-19.md,"",not_reported,Fixed,"","","","",""
94,si,delegated,unknown,2026-09-19,docs/audits/top-100-tlds-2026-09-19.md,"",not_reported,Fixed,"","","","",""
95,ph,delegated,unknown,2026-09-19,docs/audits/top-100-tlds-2026-09-19.md,"",not_reported,Web-only; no port-43 parser or availability inference,"","","","",""
96,rs,delegated,unknown,2026-09-19,docs/audits/top-100-tlds-2026-09-19.md,"",not_reported,Fixed,"","","","",""
97,ie,delegated,unknown,2026-09-19,docs/audits/top-100-tlds-2026-09-19.md,"",not_reported,Fixed,"","","","",""
98,pe,delegated,unknown,2026-09-19,docs/audits/top-100-tlds-2026-09-19.md,"",not_reported,Fixed,"","","","",""
99,fm,delegated,unknown,2026-09-19,docs/audits/top-100-tlds-2026-09-19.md,"",not_reported,Healthy,"","","","",""
100,link,delegated,unknown,2026-09-19,docs/audits/top-100-tlds-2026-09-19.md,"",not_reported,Fixed,"","","","",""
101,apple,delegated,explicit_unsupported,2026-09-19,docs/audits/top-101-125-tlds-2026-09-19.md,spec/fixtures/responses/audit_20260919_ranks101_125,report_collection,"whois.afilias-srs.net | Registry says TLD is not supported | Standard mapping, no dedicated parser; denial remains non-result","","","","",""
102,zone,delegated,explicit_unsupported,2026-09-19,docs/audits/top-101-125-tlds-2026-09-19.md,spec/fixtures/responses/audit_20260919_ranks101_125,report_collection,"whois.nic.zone | Registry says TLD is not supported | Standard mapping, no dedicated parser; denial remains non-result","","","","",""
103,top,delegated,registered_only,2026-09-19,docs/audits/top-101-125-tlds-2026-09-19.md,spec/fixtures/responses/audit_20260919_ranks101_125,report_collection,"whois.nic.top | Registered response returned for the probe | Standard mapping, no dedicated parser",paired,2026-09-25,docs/audits/top-us-current-2026-09-25.md,spec/fixtures/responses/whois.nic.top/top/status_registered_current.txt;spec/fixtures/responses/whois.nic.top/top/status_absent_current.txt,A later bounded report records registered and exact authoritative absence evidence; the pinned row remains registered-only.
104,uz,delegated,registered_only,2026-09-19,docs/audits/top-101-125-tlds-2026-09-19.md,spec/fixtures/responses/audit_20260919_ranks101_125,report_collection,"whois.cctld.uz | Current registered and exact generated-name no-entry responses returned | Tightened parser to full-line, .uz-anchored evidence",paired,2026-09-25,docs/audits/top-101-125-tlds-2026-09-19.md,spec/fixtures/responses/audit_20260925_ranks104_105,A later bounded report adds registered and exact generated-name no-entry evidence; the pinned row remains registered-only.
105,sa,delegated,registered_only,2026-09-19,docs/audits/top-101-125-tlds-2026-09-19.md,spec/fixtures/responses/audit_20260919_ranks101_125,report_collection,"whois.nic.net.sa | Current registered and exact generated-name no-match responses returned | Tightened parser to full-line, .sa-anchored evidence",paired,2026-09-25,docs/audits/top-101-125-tlds-2026-09-19.md,spec/fixtures/responses/audit_20260925_ranks104_105,A later bounded report adds registered and exact generated-name no-match evidence; the pinned row remains registered-only.
106,lan,undelegated,classification_only,2026-09-19,docs/audits/top-101-125-tlds-2026-09-19.md,spec/fixtures/responses/audit_20260919_ranks101_125,report_collection,No adapter | Source row has no delegation status; no WHOIS server | No parser or availability inference,"","","","",""
107,works,delegated,explicit_unsupported,2026-09-19,docs/audits/top-101-125-tlds-2026-09-19.md,spec/fixtures/responses/audit_20260919_ranks101_125,report_collection,whois.nic.works | Registry says TLD is not supported | Existing typed unavailable parser,"","","","",""
108,gt,delegated,unknown,2026-09-19,docs/audits/top-101-125-tlds-2026-09-19.md,spec/fixtures/responses/audit_20260919_ranks101_125,report_collection,Web-only | No port-43 WHOIS server | No parser change,"","","","",""
109,systems,delegated,explicit_unsupported,2026-09-19,docs/audits/top-101-125-tlds-2026-09-19.md,spec/fixtures/responses/audit_20260919_ranks101_125,report_collection,whois.nic.systems | Registry says TLD is not supported | Existing typed unavailable parser,"","","","",""
110,lv,delegated,paired,2026-09-19,docs/audits/top-101-125-tlds-2026-09-19.md,spec/fixtures/responses/audit_20260919_ranks101_125,report_collection,whois.nic.lv | Registered and free responses parse | Healthy,"","","","",""
111,bz,delegated,paired,2026-09-19,docs/audits/top-101-125-tlds-2026-09-19.md,spec/fixtures/responses/audit_20260919_ranks101_125,report_collection,whois.afilias-grs.info | Registered and free responses parse | Healthy,"","","","",""
112,so,delegated,paired,2026-09-19,docs/audits/top-101-125-tlds-2026-09-19.md,spec/fixtures/responses/audit_20260919_ranks101_125,report_collection,whois.nic.so | Registered and no-object responses parse | Healthy,"","","","",""
113,one,delegated,paired,2026-09-19,docs/audits/top-101-125-tlds-2026-09-19.md,spec/fixtures/responses/audit_20260919_ranks101_125,report_collection,whois.nic.one | ICANN-shaped registered and No Data Found responses parse | Existing parser,"","","","",""
114,ke,delegated,paired,2026-09-19,docs/audits/top-101-125-tlds-2026-09-19.md,spec/fixtures/responses/audit_20260919_ranks101_125,report_collection,whois.kenic.or.ke | Active EPP status and no-object responses parse | Fixed status handling,"","","","",""
115,hr,delegated,paired,2026-09-19,docs/audits/top-101-125-tlds-2026-09-19.md,spec/fixtures/responses/audit_20260919_ranks101_125,report_collection,whois.dns.hr | Current notice-prefixed registered and no-entry responses parse | Fixed scanner and evidence handling,"","","","",""
116,md,delegated,absence_only,2026-09-19,docs/audits/top-101-125-tlds-2026-09-19.md,spec/fixtures/responses/audit_20260919_ranks101_125,report_collection,whois.nic.md | Current double-space label and no-match responses parse | Fixed current markers,"","","","",""
117,st,delegated,paired,2026-09-19,docs/audits/top-101-125-tlds-2026-09-19.md,spec/fixtures/responses/audit_20260919_ranks101_125,report_collection,whois.nic.st | Registered and no-entry responses parse | Healthy,"","","","",""
118,ly,delegated,absence_only,2026-09-19,docs/audits/top-101-125-tlds-2026-09-19.md,spec/fixtures/responses/audit_20260919_ranks101_125,report_collection,whois.nic.ly | Current no-object response parses as available | Fixed absence marker and unknown fallback,"","","","",""
119,business,delegated,explicit_unsupported,2026-09-19,docs/audits/top-101-125-tlds-2026-09-19.md,spec/fixtures/responses/audit_20260919_ranks101_125,report_collection,whois.nic.business | Registry says TLD is not supported | Existing typed unavailable parser,"","","","",""
120,np,delegated,unknown,2026-09-19,docs/audits/top-101-125-tlds-2026-09-19.md,spec/fixtures/responses/audit_20260919_ranks101_125,report_collection,Web-only | No port-43 WHOIS server | No parser change,"","","","",""
121,am,delegated,paired,2026-09-19,docs/audits/top-101-125-tlds-2026-09-19.md,spec/fixtures/responses/audit_20260919_ranks101_125,report_collection,"whois.amnic.net | Current active, registrar locked and no-match responses parse | Fixed status handling","","","","",""
122,ge,delegated,unknown,2026-09-19,docs/audits/top-101-125-tlds-2026-09-19.md,spec/fixtures/responses/audit_20260919_ranks101_125,report_collection,"whois.registration.ge | Port-43 query timed out during audit | Unresolved, no availability inference",paired,2026-09-25,docs/audits/top-101-125-tlds-2026-09-19.md,spec/fixtures/responses/audit_20260925_rank122_ge/whois.nic.ge,"A later pair was captured from IANA-listed whois.nic.ge. The default whois client still routes .ge to whois.registration.ge, so the pair does not establish default-route coverage."
123,ba,delegated,unknown,2026-09-19,docs/audits/top-101-125-tlds-2026-09-19.md,spec/fixtures/responses/audit_20260919_ranks101_125,report_collection,Web-only | No port-43 WHOIS server | No parser change,"","","","",""
124,news,delegated,explicit_unsupported,2026-09-19,docs/audits/top-101-125-tlds-2026-09-19.md,spec/fixtures/responses/audit_20260919_ranks101_125,report_collection,whois.nic.news | Registry says TLD is not supported | Existing typed unavailable parser,"","","","",""
125,et,delegated,unknown,2026-09-19,docs/audits/top-101-125-tlds-2026-09-19.md,spec/fixtures/responses/audit_20260919_ranks101_125,report_collection,No adapter | Whois client reports no WHOIS server | No parser change,"","","","",""
126,invalid,special-use,classification_only,2026-09-19,docs/audits/top-126-150-tlds-2026-09-19.md,spec/fixtures/responses/audit-126-150-2026-09-19,report_collection,"Special-use name, no WHOIS server | Unsupported, safe","","","","",""
127,ne,delegated,unknown,2026-09-19,docs/audits/top-126-150-tlds-2026-09-19.md,spec/fixtures/responses/audit-126-150-2026-09-19,report_collection,"No adapter in the client | Unsupported, safe","","","","",""
128,technology,delegated,explicit_unsupported,2026-09-19,docs/audits/top-126-150-tlds-2026-09-19.md,spec/fixtures/responses/audit-126-150-2026-09-19,report_collection,"whois.nic.technology says TLD is not supported. | Unsupported, safe","","","","",""
129,hn,delegated,absence_only,2026-09-19,docs/audits/top-126-150-tlds-2026-09-19.md,spec/fixtures/responses/audit-126-150-2026-09-19,report_collection,Port 43 returns The queried object does not exist: No Object Found | Fixed,paired,2026-09-25,docs/audits/top-126-150-tlds-2026-09-19.md,spec/fixtures/responses/audit_20260925_rank129_hn/whois.nic.hn,A later report adds a registered response to the earlier no-object observation; current denial and ambiguous cases remain unknown.
130,lu,delegated,absence_only,2026-09-19,docs/audits/top-126-150-tlds-2026-09-19.md,spec/fixtures/responses/audit-126-150-2026-09-19,report_collection,Port 43 returns the existing % No such domain marker | Healthy,"","","","",""
131,ma,delegated,unknown,2026-09-19,docs/audits/top-126-150-tlds-2026-09-19.md,spec/fixtures/responses/audit-126-150-2026-09-19,report_collection,"whois.registre.ma timed out during the audit | Unresolved, safe",paired,2026-09-25,docs/audits/top-126-150-tlds-2026-09-19.md,spec/fixtures/responses/audit_20260925_rank131_ma/whois.registre.ma,"A later bounded report records registered and exact no-object evidence at whois.registre.ma; denied, throttled, and ambiguous replies remain unknown."
132,do,delegated,unknown,2026-09-19,docs/audits/top-126-150-tlds-2026-09-19.md,spec/fixtures/responses/audit-126-150-2026-09-19,report_collection,Web adapter only | Web-only,"","","","",""
133,mobi,delegated,explicit_unsupported,2026-09-19,docs/audits/top-126-150-tlds-2026-09-19.md,spec/fixtures/responses/audit-126-150-2026-09-19,report_collection,"Current Afilias endpoint says TLD is not supported. | Unsupported, safe","","","","",""
134,bd,delegated,unknown,2026-09-19,docs/audits/top-126-150-tlds-2026-09-19.md,spec/fixtures/responses/audit-126-150-2026-09-19,report_collection,Web adapter only | Web-only,"","","","",""
135,host,delegated,absence_only,2026-09-19,docs/audits/top-126-150-tlds-2026-09-19.md,spec/fixtures/responses/audit-126-150-2026-09-19,report_collection,Port 43 uses standard ICANN fields and the Radix availability marker | Fixed,"","","","",""
136,tn,delegated,absence_only,2026-09-19,docs/audits/top-126-150-tlds-2026-09-19.md,spec/fixtures/responses/audit-126-150-2026-09-19,report_collection,Port 43 returns NO OBJECT FOUND! for an absent name | Fixed,"","","","",""
137,li,delegated,unknown,2026-09-19,docs/audits/top-126-150-tlds-2026-09-19.md,spec/fixtures/responses/audit-126-150-2026-09-19,report_collection,Port 43 denies this client and points to the web service | Fixed denial safety,"","","","",""
138,ec,delegated,absence_only,2026-09-19,docs/audits/top-126-150-tlds-2026-09-19.md,spec/fixtures/responses/audit-126-150-2026-09-19,report_collection,Port 43 returns a current no-object response | Healthy,"","","","",""
139,by,delegated,absence_only,2026-09-19,docs/audits/top-126-150-tlds-2026-09-19.md,spec/fixtures/responses/audit-126-150-2026-09-19,report_collection,Port 43 returns lower-case object does not exist | Fixed,"","","","",""
140,kh,delegated,unknown,2026-09-19,docs/audits/top-126-150-tlds-2026-09-19.md,spec/fixtures/responses/audit-126-150-2026-09-19,report_collection,"No adapter in the client | Unsupported, safe","","","","",""
141,nu,delegated,absence_only,2026-09-19,docs/audits/top-126-150-tlds-2026-09-19.md,spec/fixtures/responses/audit-126-150-2026-09-19,report_collection,Port 43 returns domain ... not found. | Healthy,"","","","",""
142,tk,delegated,unknown,2026-09-19,docs/audits/top-126-150-tlds-2026-09-19.md,spec/fixtures/responses/audit-126-150-2026-09-19,report_collection,"Port 43 timed out | Unresolved, safe","","","","",""
143,ng,delegated,unknown,2026-09-19,docs/audits/top-126-150-tlds-2026-09-19.md,spec/fixtures/responses/audit-126-150-2026-09-19,report_collection,"Port 43 timed out | Unresolved, safe","","","","",""
144,global,delegated,explicit_unsupported,2026-09-19,docs/audits/top-126-150-tlds-2026-09-19.md,spec/fixtures/responses/audit-126-150-2026-09-19,report_collection,"whois.nic.global says TLD is not supported. | Unsupported, safe","","","","",""
145,bo,delegated,unknown,2026-09-19,docs/audits/top-126-150-tlds-2026-09-19.md,spec/fixtures/responses/audit-126-150-2026-09-19,report_collection,Port 43 returned a registry error rather than domain evidence | Fixed denial safety; availability remains unresolved,"","","","",""
146,cr,delegated,paired,2026-09-19,docs/audits/top-126-150-tlds-2026-09-19.md,spec/fixtures/responses/audit-126-150-2026-09-19,report_collection,Port 43 returns standard no entries found and domain records | Fixed,"","","","",""
147,ir,delegated,paired,2026-09-19,docs/audits/top-126-150-tlds-2026-09-19.md,spec/fixtures/responses/audit-126-150-2026-09-19,report_collection,Port 43 returns standard no entries found and domain: records | Fixed safety,"","","","",""
148,ve,delegated,paired,2026-09-19,docs/audits/top-126-150-tlds-2026-09-19.md,spec/fixtures/responses/audit-126-150-2026-09-19,report_collection,Port 43 now uses no entries found and domain: records | Fixed,"","","","",""
149,uy,delegated,unknown,2026-09-19,docs/audits/top-126-150-tlds-2026-09-19.md,spec/fixtures/responses/audit-126-150-2026-09-19,report_collection,"Port 43 timed out | Unresolved, safe","","","","",""
150,unifi,undelegated,classification_only,2026-09-19,docs/audits/top-126-150-tlds-2026-09-19.md,spec/fixtures/responses/audit-126-150-2026-09-19,report_collection,"No root delegation or WHOIS server | Unsupported, safe","","","","",""
151,eg,delegated,unknown,2026-09-19,docs/audits/topdomains-151-175-2026-09-19.md,spec/fixtures/responses/topdomains_151_175,report_collection,"Web adapter, no port-43 host | Web-only | No parser change","","","","",""
152,qa,delegated,unknown,2026-09-19,docs/audits/topdomains-151-175-2026-09-19.md,spec/fixtures/responses/topdomains_151_175,report_collection,"whois.registry.qa | Empty response for both probes | Unknown, no parser change","","","","",""
153,bi,delegated,unknown,2026-09-19,docs/audits/topdomains-151-175-2026-09-19.md,spec/fixtures/responses/topdomains_151_175,report_collection,"whois1.nic.bi | Empty response for both probes | Unknown, no parser change","","","","",""
154,py,delegated,unknown,2026-09-19,docs/audits/topdomains-151-175-2026-09-19.md,spec/fixtures/responses/topdomains_151_175,report_collection,"Web adapter, no port-43 host | Web-only | No parser change","","","","",""
155,mz,delegated,unknown,2026-09-19,docs/audits/topdomains-151-175-2026-09-19.md,spec/fixtures/responses/topdomains_151_175,report_collection,"whois.nic.mz | Empty response for both probes | Unknown, no parser change","","","","",""
156,aws,delegated,unknown,2026-09-19,docs/audits/topdomains-151-175-2026-09-19.md,spec/fixtures/responses/topdomains_151_175,report_collection,"whois.nic.aws | Timed out on both probes | Unknown, no parser change","","","","",""
157,shop,delegated,rdap_only,2026-09-19,docs/audits/topdomains-151-175-2026-09-19.md,spec/fixtures/responses/topdomains_151_175,report_collection,"whois.nic.shop | WHOIS retired, RDAP only | No parser; do not classify the notice",rdap_only_no_whois,2026-09-25,docs/audits/top1000-es-pk-shop-dev-app-2026-09-25.md,"",The legacy WHOIS endpoint returns a retirement notice; current service evidence is through the official RDAP endpoint.
158,cat,delegated,paired,2026-09-19,docs/audits/topdomains-151-175-2026-09-19.md,spec/fixtures/responses/topdomains_151_175,report_collection,whois.nic.cat | Registered and absent responses parse | Added current host mapping and absence marker,"","","","",""
159,lk,delegated,unknown,2026-09-19,docs/audits/topdomains-151-175-2026-09-19.md,spec/fixtures/responses/topdomains_151_175,report_collection,"whois.nic.lk | Timed out on both probes | Unknown, no parser change","","","","",""
160,kg,delegated,unknown,2026-09-19,docs/audits/topdomains-151-175-2026-09-19.md,spec/fixtures/responses/topdomains_151_175,report_collection,"whois.kg | Empty response for both probes | Unknown, no parser change","","","","",""
161,tz,delegated,paired,2026-09-19,docs/audits/topdomains-151-175-2026-09-19.md,spec/fixtures/responses/topdomains_151_175,report_collection,whois.tznic.or.tz | Registered and absent responses parse | Fixed missing-status registered response,"","","","",""
162,ug,delegated,paired,2026-09-19,docs/audits/topdomains-151-175-2026-09-19.md,spec/fixtures/responses/topdomains_151_175,report_collection,whois.co.ug | Registered and absent responses parse | Added current domain and absence wording,"","","","",""
163,ci,delegated,unknown,2026-09-19,docs/audits/topdomains-151-175-2026-09-19.md,spec/fixtures/responses/topdomains_151_175,report_collection,"whois.nic.ci | Empty response for both probes | Unknown, no parser change","","","","",""
164,ps,delegated,unknown,2026-09-19,docs/audits/topdomains-151-175-2026-09-19.md,spec/fixtures/responses/topdomains_151_175,report_collection,"whois.pnina.ps | Connection refused | Unknown, no parser change","","","","",""
165,mk,delegated,paired,2026-09-19,docs/audits/topdomains-151-175-2026-09-19.md,spec/fixtures/responses/topdomains_151_175,report_collection,whois.marnet.mk | Registered and absent responses parse | Added host parser and missing-status mapping,"","","","",""
166,az,delegated,unknown,2026-09-19,docs/audits/topdomains-151-175-2026-09-19.md,spec/fixtures/responses/topdomains_151_175,report_collection,"Web adapter, no port-43 host | Web-only | No parser change","","","","",""
167,al,delegated,unknown,2026-09-19,docs/audits/topdomains-151-175-2026-09-19.md,spec/fixtures/responses/topdomains_151_175,report_collection,Adapter none | No WHOIS endpoint | No parser change,"","","","",""
168,example,special-use,classification_only,2026-09-19,docs/audits/topdomains-151-175-2026-09-19.md,spec/fixtures/responses/topdomains_151_175,report_collection,ICANN special-use string | Not a delegated TLD | Excluded from parser coverage,"","","","",""
169,gl,delegated,paired,2026-09-19,docs/audits/topdomains-151-175-2026-09-19.md,spec/fixtures/responses/topdomains_151_175,report_collection,whois.nic.gl | Registered and absent responses parse | Updated current CentralNic layout safely,"","","","",""
170,zw,delegated,unknown,2026-09-19,docs/audits/topdomains-151-175-2026-09-19.md,spec/fixtures/responses/topdomains_151_175,report_collection,Adapter none | No WHOIS endpoint | No parser change,"","","","",""
171,ni,delegated,unknown,2026-09-19,docs/audits/topdomains-151-175-2026-09-19.md,spec/fixtures/responses/topdomains_151_175,report_collection,"Web adapter, no port-43 host | Web-only | No parser change","","","","",""
172,mn,delegated,unknown,2026-09-19,docs/audits/topdomains-151-175-2026-09-19.md,spec/fixtures/responses/topdomains_151_175,report_collection,"whois.nic.mn | Empty response for both probes | Unknown, no parser change","","","","",""
173,vg,delegated,paired,2026-09-19,docs/audits/topdomains-151-175-2026-09-19.md,spec/fixtures/responses/topdomains_151_175,report_collection,whois.nic.vg | Registered and absent responses parse | Added current CentralNic host parser,"","","","",""
174,sn,delegated,paired,2026-09-19,docs/audits/topdomains-151-175-2026-09-19.md,spec/fixtures/responses/topdomains_151_175,report_collection,whois.nic.sn | Registered and absent responses parse | Recognised current %% NOT FOUND wording,"","","","",""
175,ki,delegated,unknown,2026-09-19,docs/audits/topdomains-151-175-2026-09-19.md,spec/fixtures/responses/topdomains_151_175,report_collection,"whois.nic.ki | Empty response for both probes | Unknown, no parser change","","","","",""
176,lb,delegated,unknown,2026-09-19,docs/audits/top-176-200-tlds-2026-09-19.md,spec/fixtures/responses/topdomains_176_200,report_collection,Web | Web-only | No port-43 adapter in whois; no parser change.,"","","","",""
177,om,delegated,paired,2026-09-19,docs/audits/top-176-200-tlds-2026-09-19.md,spec/fixtures/responses/topdomains_176_200,report_collection,whois.registry.om | Healthy | google.om registered and generated label returned No Data Found; existing parser covered both.,"","","","",""
178,gh,delegated,unknown,2026-09-19,docs/audits/top-176-200-tlds-2026-09-19.md,spec/fixtures/responses/topdomains_176_200,report_collection,Web | Web-only | No port-43 adapter in whois; no parser change.,"","","","",""
179,mt,delegated,unknown,2026-09-19,docs/audits/top-176-200-tlds-2026-09-19.md,spec/fixtures/responses/topdomains_176_200,report_collection,Web | Web-only | No port-43 adapter in whois; no parser change.,"","","","",""
180,cy,delegated,unknown,2026-09-19,docs/audits/top-176-200-tlds-2026-09-19.md,spec/fixtures/responses/topdomains_176_200,report_collection,Web | Web-only | No port-43 adapter in whois; no parser change.,"","","","",""
181,ac,delegated,absence_only,2026-09-19,docs/audits/top-176-200-tlds-2026-09-19.md,spec/fixtures/responses/topdomains_176_200,report_collection,whois.nic.ac | Fixed | Current absence wording is Domain not found.; the ICB parser now recognizes it alongside NOT FOUND.,"","","","",""
182,cf,delegated,unknown,2026-09-19,docs/audits/top-176-200-tlds-2026-09-19.md,spec/fixtures/responses/topdomains_176_200,report_collection,whois.dot.cf | Unreachable | Port 43 refused the connection; no registration or availability conclusion.,"","","","",""
183,digital,delegated,explicit_unsupported,2026-09-19,docs/audits/top-176-200-tlds-2026-09-19.md,spec/fixtures/responses/topdomains_176_200,report_collection,"whois.nic.digital | Unsupported | The registry returned TLD is not supported.; no parser was added, so the response remains unknown rather than registered or available.","","","","",""
184,kw,delegated,unknown,2026-09-19,docs/audits/top-176-200-tlds-2026-09-19.md,spec/fixtures/responses/topdomains_176_200,report_collection,Web | Web-only | No port-43 adapter in whois; no parser change.,"","","","",""
185,dz,delegated,paired,2026-09-19,docs/audits/top-176-200-tlds-2026-09-19.md,spec/fixtures/responses/topdomains_176_200,report_collection,whois.nic.dz | Fixed | Current registered output uses Domain Name: and absence uses % No match for domain; the parser now handles both.,"","","","",""
186,jo,delegated,unknown,2026-09-19,docs/audits/top-176-200-tlds-2026-09-19.md,spec/fixtures/responses/topdomains_176_200,report_collection,Web | Web-only | No port-43 adapter in whois; no parser change.,"","","","",""
187,vc,delegated,paired,2026-09-19,docs/audits/top-176-200-tlds-2026-09-19.md,spec/fixtures/responses/topdomains_176_200,report_collection,whois.afilias-grs.info | Fixed | Current Afilias block parsed after avoiding key/value headers as a disclaimer and stopping at the registry footer; registered and Domain not found. fixtures pass.,"","","","",""
188,pa,delegated,unknown,2026-09-19,docs/audits/top-176-200-tlds-2026-09-19.md,spec/fixtures/responses/topdomains_176_200,report_collection,Web | Web-only | No port-43 adapter in whois; no parser change.,"","","","",""
189,cu,delegated,unknown,2026-09-19,docs/audits/top-176-200-tlds-2026-09-19.md,spec/fixtures/responses/topdomains_176_200,report_collection,Web | Web-only | No port-43 adapter in whois; no parser change.,"","","","",""
190,space,delegated,absence_only,2026-09-19,docs/audits/top-176-200-tlds-2026-09-19.md,spec/fixtures/responses/topdomains_176_200,report_collection,whois.nic.space | Fixed | Current absence wording is >>> Domain <name> is available for registration; the CentralNic scanner now recognizes it in addition to DOMAIN NOT FOUND.,"","","","",""
191,sv,delegated,unknown,2026-09-19,docs/audits/top-176-200-tlds-2026-09-19.md,spec/fixtures/responses/topdomains_176_200,report_collection,Web | Web-only | No port-43 adapter in whois; no parser change.,"","","","",""
192,ag,delegated,registered_only,2026-09-19,docs/audits/top-176-200-tlds-2026-09-19.md,spec/fixtures/responses/topdomains_176_200,report_collection,whois.nic.ag | Fixed | Current registered Afilias output begins directly with key/value fields; the scanner no longer consumes that block as a disclaimer.,"","","","",""
193,cm,delegated,paired,2026-09-19,docs/audits/top-176-200-tlds-2026-09-19.md,spec/fixtures/responses/topdomains_176_200,report_collection,"whois.netcom.cm | Fixed | Current output uses Domain Name: and EPP status URLs, while absence uses The queried object does not exist: No Object Found; both now classify safely.","","","","",""
194,ml,delegated,unknown,2026-09-19,docs/audits/top-176-200-tlds-2026-09-19.md,spec/fixtures/responses/topdomains_176_200,report_collection,whois.dot.ml | Unresolved | The port-43 query timed out; no parser conclusion.,"","","","",""
195,ao,delegated,unknown,2026-09-19,docs/audits/top-176-200-tlds-2026-09-19.md,spec/fixtures/responses/topdomains_176_200,report_collection,None | No adapter | whois has no standard or web adapter for .ao; no parser conclusion.,"","","","",""
196,cv,delegated,unknown,2026-09-19,docs/audits/top-176-200-tlds-2026-09-19.md,spec/fixtures/responses/topdomains_176_200,report_collection,Web | Web-only | No port-43 adapter in whois; no parser change.,"","","","",""
197,click,delegated,explicit_unsupported,2026-09-19,docs/audits/top-176-200-tlds-2026-09-19.md,spec/fixtures/responses/topdomains_176_200,report_collection,whois.uniregistry.net | Fixed safety | The registry returned Tld not supported by this registry interface; the parser now raises ResponseIsUnavailable instead of falling through to registered.,"","","","",""
198,email,delegated,explicit_unsupported,2026-09-19,docs/audits/top-176-200-tlds-2026-09-19.md,spec/fixtures/responses/topdomains_176_200,report_collection,"whois.nic.email | Unsupported | The registry returned TLD is not supported.; no parser was added, so the response remains unknown rather than registered or available.","","","","",""
199,na,delegated,unknown,2026-09-19,docs/audits/top-176-200-tlds-2026-09-19.md,spec/fixtures/responses/topdomains_176_200,report_collection,whois.na-nic.com.na | Unreachable | DNS resolution for the configured host failed; no registration or availability conclusion.,"","","","",""
200,mw,delegated,paired,2026-09-19,docs/audits/top-176-200-tlds-2026-09-19.md,spec/fixtures/responses/topdomains_176_200,report_collection,whois.nic.mw | Fixed | Current whoisd output has no status key; the parser now uses the exact no-entries marker for availability and domain-key presence for registration.,"","","","",""
201,iq,delegated,unknown,2026-09-19,docs/audits/top-201-225-tlds-2026-09-19.md,spec/fixtures/responses/topdomains_201_225,report_collection,whois.cmc.iq / standard | Host does not resolve from the audit environment | No parser change; unknown,unknown,2026-09-25,docs/audits/top-201-250-current-host-followup-2026-09-25.md,"",The IANA-listed whois.cmc.iq host did not resolve from the audit environment; no parser classification is supported.
202,cd,delegated,paired,2026-09-19,docs/audits/top-201-225-tlds-2026-09-19.md,spec/fixtures/responses/topdomains_201_225,report_collection,whois.nic.cd / standard | Current registered and no-object responses parse correctly | Fixed registered evidence to accept Registry Domain ID,"","","","",""
203,mu,delegated,unknown,2026-09-19,docs/audits/top-201-225-tlds-2026-09-19.md,spec/fixtures/responses/topdomains_201_225,report_collection,whois.nic.mu / standard | Port 43 timed out for both probes | No parser change; unknown,paired,2026-09-25,docs/audits/top-201-250-current-host-followup-2026-09-25.md,spec/fixtures/responses/topdomains_201_250_current_20260925/whois.tld.mu,"A registered and generated-name pair was captured from IANA-listed whois.tld.mu. The standard whois client routes .mu elsewhere, so this does not establish default-route coverage."
204,asia,delegated,paired,2026-09-19,docs/audits/top-201-225-tlds-2026-09-19.md,spec/fixtures/responses/topdomains_201_225,report_collection,whois.nic.asia / standard | Current registered and Domain not found. responses parse | Added current Name Server label fallback and unknown safety,"","","","",""
205,ga,delegated,unknown,2026-09-19,docs/audits/top-201-225-tlds-2026-09-19.md,spec/fixtures/responses/topdomains_201_225,report_collection,whois.dot.ga / standard | Host does not resolve from the audit environment | No parser change; unknown,unknown,2026-09-25,docs/audits/top-201-250-current-host-followup-2026-09-25.md,"",IANA lists no WHOIS endpoint for .ga and the mapped host did not resolve; no WHOIS classification is inferred.
206,bn,delegated,registered_only,2026-09-19,docs/audits/top-201-225-tlds-2026-09-19.md,spec/fixtures/responses/topdomains_201_225,report_collection,"whois.bnnic.bn / standard | Current probes both returned Domain Not Found; legacy registered fixture remains covered | Registration now requires a domain record, otherwise unknown","","","","",""
207,life,delegated,explicit_unsupported,2026-09-19,docs/audits/top-201-225-tlds-2026-09-19.md,spec/fixtures/responses/topdomains_201_225,report_collection,whois.nic.life / standard | Registry returns TLD is not supported. | Added explicit unavailable classification,"","","","",""
208,bw,delegated,unknown,2026-09-19,docs/audits/top-201-225-tlds-2026-09-19.md,spec/fixtures/responses/topdomains_201_225,report_collection,whois.nic.net.bw / standard | Registry returns Prohibited String - Domain Cannot Be Registered for both probes | Added parser; policy response remains unknown,"","","","",""
209,rw,delegated,paired,2026-09-19,docs/audits/top-201-225-tlds-2026-09-19.md,spec/fixtures/responses/topdomains_201_225,report_collection,whois.ricta.org.rw / standard | Current registered and no-object responses parse correctly | Added CoCCA parser and mapping coverage,"","","","",""
210,mm,delegated,unknown,2026-09-19,docs/audits/top-201-225-tlds-2026-09-19.md,spec/fixtures/responses/topdomains_201_225,report_collection,no adapter | No port-43 path in current whois mapping | No parser change,"","","","",""
211,tj,delegated,unknown,2026-09-19,docs/audits/top-201-225-tlds-2026-09-19.md,spec/fixtures/responses/topdomains_201_225,report_collection,"web adapter | Web lookup only, no port-43 response | No parser change","","","","",""
212,africa,delegated,unknown,2026-09-19,docs/audits/top-201-225-tlds-2026-09-19.md,spec/fixtures/responses/topdomains_201_225,report_collection,africa-whois.registry.net.za / standard | Mapped host unreachable from the audit environment | No parser change; unknown,paired,2026-09-25,docs/audits/top-201-250-current-host-followup-2026-09-25.md,spec/fixtures/responses/topdomains_201_250_current_20260925/whois.nic.africa,"A registered and generated-name pair was captured from IANA-listed whois.nic.africa. The standard whois client routes .africa elsewhere, so this does not establish default-route coverage."
213,gy,delegated,paired,2026-09-19,docs/audits/top-201-225-tlds-2026-09-19.md,spec/fixtures/responses/topdomains_201_225,report_collection,whois.registry.gy / standard | Current registered and no-object responses parse correctly | Current no-object marker now maps to available,"","","","",""
214,world,delegated,explicit_unsupported,2026-09-19,docs/audits/top-201-225-tlds-2026-09-19.md,spec/fixtures/responses/topdomains_201_225,report_collection,whois.nic.world / standard | Registry returns TLD is not supported. | Added explicit unavailable classification,"","","","",""
215,ad,delegated,unknown,2026-09-19,docs/audits/top-201-225-tlds-2026-09-19.md,spec/fixtures/responses/topdomains_201_225,report_collection,no adapter | No port-43 path in current whois mapping | No parser change,"","","","",""
216,as,delegated,paired,2026-09-19,docs/audits/top-201-225-tlds-2026-09-19.md,spec/fixtures/responses/topdomains_201_225,report_collection,whois.nic.as / standard | Current registered and no-object responses parse correctly | Registration now requires record evidence; added current no-object marker,"","","","",""
217,tm,delegated,paired,2026-09-19,docs/audits/top-201-225-tlds-2026-09-19.md,spec/fixtures/responses/topdomains_201_225,report_collection,"whois.nic.tm / standard | Current registered and purchase-availability responses parse correctly | Healthy, no new change","","","","",""
218,sc,delegated,paired,2026-09-19,docs/audits/top-201-225-tlds-2026-09-19.md,spec/fixtures/responses/topdomains_201_225,report_collection,"whois.afilias-grs.info / Afilias | Current registered and Domain not found. responses parse correctly | Healthy, no new change","","","","",""
219,tt,delegated,unknown,2026-09-19,docs/audits/top-201-225-tlds-2026-09-19.md,spec/fixtures/responses/topdomains_201_225,report_collection,"web adapter | Web lookup only, no port-43 response | No parser change","","","","",""
220,mv,delegated,unknown,2026-09-19,docs/audits/top-201-225-tlds-2026-09-19.md,spec/fixtures/responses/topdomains_201_225,report_collection,no adapter | No port-43 path in current whois mapping | No parser change,"","","","",""
221,cg,delegated,unknown,2026-09-19,docs/audits/top-201-225-tlds-2026-09-19.md,spec/fixtures/responses/topdomains_201_225,report_collection,no adapter | No port-43 path in current whois mapping | No parser change,"","","","",""
222,af,delegated,paired,2026-09-19,docs/audits/top-201-225-tlds-2026-09-19.md,spec/fixtures/responses/topdomains_201_225,report_collection,whois.nic.af / standard | Current registered and no-object responses parse correctly | Current no-object marker now maps to available,"","","","",""
223,bh,delegated,unknown,2026-09-19,docs/audits/top-201-225-tlds-2026-09-19.md,spec/fixtures/responses/topdomains_201_225,report_collection,no adapter | No port-43 path in current whois mapping | No parser change,"","","","",""
224,store,delegated,paired,2026-09-19,docs/audits/top-201-225-tlds-2026-09-19.md,spec/fixtures/responses/topdomains_201_225,report_collection,whois.nic.store / standard | Current registered and Radix availability responses parse correctly | Added Radix parser and mapping coverage,"","","","",""
225,mg,delegated,paired,2026-09-19,docs/audits/top-201-225-tlds-2026-09-19.md,spec/fixtures/responses/topdomains_201_225,report_collection,whois.nic.mg / standard | Current registered and no-object responses parse correctly | Current no-object marker now maps to available,"","","","",""
226,zm,delegated,paired,2026-09-19,docs/audits/topdomains-226-250-2026-09-19.md,spec/fixtures/responses/topdomains_226_250,report_collection,whois.zicta.zm | Registered and authoritative no-object response | Existing ICANN parser coverage validated; .zm uses the reserved zicta.zm registered probe.,"","","","",""
227,vip,delegated,paired,2026-09-19,docs/audits/topdomains-226-250-2026-09-19.md,spec/fixtures/responses/topdomains_226_250,report_collection,whois.nic.vip | Registered and No Data Found absence | Existing ICANN parser coverage validated.,"","","","",""
228,tg,delegated,paired,2026-09-19,docs/audits/topdomains-226-250-2026-09-19.md,spec/fixtures/responses/topdomains_226_250,report_collection,whois.nic.tg | Registered and NO OBJECT FOUND! absence | Existing JWhoisServer parser coverage validated.,"","","","",""
229,tl,delegated,paired,2026-09-19,docs/audits/topdomains-226-250-2026-09-19.md,spec/fixtures/responses/topdomains_226_250,report_collection,whois.nic.tl | Registered and CoCCA no-object absence | Existing CoCCA parser coverage validated.,"","","","",""
230,sl,delegated,paired,2026-09-19,docs/audits/topdomains-226-250-2026-09-19.md,spec/fixtures/responses/topdomains_226_250,report_collection,whois.nic.sl | Registered and Domain Status: No Object Found absence | Existing parser coverage validated.,"","","","",""
231,video,delegated,explicit_unsupported,2026-09-19,docs/audits/topdomains-226-250-2026-09-19.md,spec/fixtures/responses/topdomains_226_250,report_collection,whois.nic.video | Explicit TLD is not supported. denial | Added an unavailable-only parser. The denial is never registration or availability evidence.,"","","","",""
232,sm,delegated,unknown,2026-09-19,docs/audits/topdomains-226-250-2026-09-19.md,spec/fixtures/responses/topdomains_226_250,report_collection,whois.nic.sm | Service unavailable | Existing parser raises ResponseIsUnavailable; no status conclusion.,"","","","",""
233,home,undelegated,classification_only,2026-09-19,docs/audits/topdomains-226-250-2026-09-19.md,spec/fixtures/responses/topdomains_226_250,report_collection,No adapter | No port-43 adapter | No parser conclusion.,"","","","",""
234,sb,delegated,paired,2026-09-19,docs/audits/topdomains-226-250-2026-09-19.md,spec/fixtures/responses/topdomains_226_250,report_collection,whois.nic.net.sb | Registered and CoCCA no-object absence | Existing CoCCA parser coverage validated.,"","","","",""
235,vu,delegated,unknown,2026-09-19,docs/audits/topdomains-226-250-2026-09-19.md,spec/fixtures/responses/topdomains_226_250,report_collection,vunic.vu | Invalid-query response for the probe | Existing parser raises ResponseIsUnavailable; no status conclusion.,"","","","",""
236,jm,delegated,unknown,2026-09-19,docs/audits/topdomains-226-250-2026-09-19.md,spec/fixtures/responses/topdomains_226_250,report_collection,No adapter | No port-43 adapter | No parser conclusion.,"","","","",""
237,fj,delegated,unknown,2026-09-19,docs/audits/topdomains-226-250-2026-09-19.md,spec/fixtures/responses/topdomains_226_250,report_collection,whois.usp.ac.fj | Endpoint unreachable during the audit | No registration or availability conclusion. Existing parser fixtures remain covered by the legacy suite.,"","","","",""
238,chat,delegated,explicit_unsupported,2026-09-19,docs/audits/topdomains-226-250-2026-09-19.md,spec/fixtures/responses/topdomains_226_250,report_collection,whois.nic.chat | Explicit TLD is not supported. denial | Added an unavailable-only parser. The denial is never registration or availability evidence.,"","","","",""
239,je,delegated,paired,2026-09-19,docs/audits/topdomains-226-250-2026-09-19.md,spec/fixtures/responses/topdomains_226_250,report_collection,whois.je | Registered and NOT FOUND absence | Existing current Jersey parser coverage validated.,"","","","",""
240,bs,delegated,unknown,2026-09-19,docs/audits/topdomains-226-250-2026-09-19.md,spec/fixtures/responses/topdomains_226_250,report_collection,Web adapter | Web-only | No port-43 parser conclusion.,"","","","",""
241,ls,delegated,unknown,2026-09-19,docs/audits/topdomains-226-250-2026-09-19.md,spec/fixtures/responses/topdomains_226_250,report_collection,Web adapter | Web-only | No port-43 parser conclusion.,"","","","",""
242,pr,delegated,paired,2026-09-19,docs/audits/topdomains-226-250-2026-09-19.md,spec/fixtures/responses/topdomains_226_250,report_collection,whois.afilias-srs.net | Registered and Domain not found. absence | Existing shared Afilias parser coverage validated against the current host mapping.,"","","","",""
243,gm,delegated,unknown,2026-09-19,docs/audits/topdomains-226-250-2026-09-19.md,spec/fixtures/responses/topdomains_226_250,report_collection,Web adapter | Web-only | No port-43 parser conclusion.,"","","","",""
244,bj,delegated,paired,2026-09-19,docs/audits/topdomains-226-250-2026-09-19.md,spec/fixtures/responses/topdomains_226_250,report_collection,whois.nic.bj | Registered and no-record absence | Existing parser and legacy fixtures remain covered.,"","","","",""
245,ht,delegated,paired,2026-09-19,docs/audits/topdomains-226-250-2026-09-19.md,spec/fixtures/responses/topdomains_226_250,report_collection,whois.nic.ht | Registered and CoCCA no-object absence | Existing CoCCA parser and legacy fixtures remain covered.,"","","","",""
246,su,delegated,paired,2026-09-19,docs/audits/topdomains-226-250-2026-09-19.md,spec/fixtures/responses/topdomains_226_250,report_collection,whois.tcinet.ru | Registered and authoritative no-entry response | Existing TCI parser and fixtures remain covered.,"","","","",""
247,pg,delegated,unknown,2026-09-19,docs/audits/topdomains-226-250-2026-09-19.md,spec/fixtures/responses/topdomains_226_250,report_collection,No adapter | No port-43 adapter | No parser conclusion.,"","","","",""
248,gp,delegated,unknown,2026-09-19,docs/audits/topdomains-226-250-2026-09-19.md,spec/fixtures/responses/topdomains_226_250,report_collection,Web adapter | Web-only | No port-43 parser conclusion.,"","","","",""
249,pn,delegated,unknown,2026-09-19,docs/audits/topdomains-226-250-2026-09-19.md,spec/fixtures/responses/topdomains_226_250,report_collection,Web adapter | Web-only | No port-43 parser conclusion.,"","","","",""
250,fun,delegated,paired,2026-09-19,docs/audits/topdomains-226-250-2026-09-19.md,spec/fixtures/responses/topdomains_226_250,report_collection,whois.nic.fun | Registered and exact availability sentence | Existing ICANN parser coverage validated.,"","","","",""
251,sr,delegated,unknown,2026-09-19,docs/audits/topdomains-251-275-2026-09-19.md,spec/fixtures/responses/topdomains_251_275,report_collection,No adapter | No port-43 adapter | No parser change,paired,2026-09-25,docs/audits/topdomains-251-275-sr-followup-2026-09-25.md,spec/fixtures/responses/topdomains_251_275/whois.sr,"A registered and generated-name pair was captured from IANA-listed whois.sr. The standard client has no .sr route, so this does not establish default-route coverage."
252,dj,delegated,unknown,2026-09-19,docs/audits/topdomains-251-275-2026-09-19.md,spec/fixtures/responses/topdomains_251_275,report_collection,Web adapter | Web-only | No parser change,"","","","",""
253,bf,delegated,unknown,2026-09-19,docs/audits/topdomains-251-275-2026-09-19.md,spec/fixtures/responses/topdomains_251_275,report_collection,No adapter | No port-43 adapter | No parser change,"","","","",""
254,vi,delegated,unknown,2026-09-19,docs/audits/topdomains-251-275-2026-09-19.md,spec/fixtures/responses/topdomains_251_275,report_collection,Web adapter | Web-only | No parser change,"","","","",""
255,td,delegated,unknown,2026-09-19,docs/audits/topdomains-251-275-2026-09-19.md,spec/fixtures/responses/topdomains_251_275,report_collection,Web adapter | Web-only | No parser change,"","","","",""
256,nf,delegated,paired,2026-09-19,docs/audits/topdomains-251-275-2026-09-19.md,spec/fixtures/responses/topdomains_251_275,report_collection,whois.nic.nf | Registered and authoritative no-object response | Added current no-object availability mapping,"","","","",""
257,ink,delegated,paired,2026-09-19,docs/audits/topdomains-251-275-2026-09-19.md,spec/fixtures/responses/topdomains_251_275,report_collection,whois.nic.ink | Registered and No Data Found absence | Added current ICANN parser and host mapping,"","","","",""
258,bt,delegated,unknown,2026-09-19,docs/audits/topdomains-251-275-2026-09-19.md,spec/fixtures/responses/topdomains_251_275,report_collection,Web adapter | Web-only | No parser change,"","","","",""
259,pw,delegated,paired,2026-09-19,docs/audits/topdomains-251-275-2026-09-19.md,spec/fixtures/responses/topdomains_251_275,report_collection,whois.nic.pw | Registered and available responses parse | Existing CentralNic parser validated,"","","","",""
260,ck,delegated,unknown,2026-09-19,docs/audits/topdomains-251-275-2026-09-19.md,spec/fixtures/responses/topdomains_251_275,report_collection,No adapter | No port-43 adapter | No parser change,"","","","",""
261,delivery,delegated,explicit_unsupported,2026-09-19,docs/audits/topdomains-251-275-2026-09-19.md,spec/fixtures/responses/topdomains_251_275,report_collection,whois.nic.delivery | Explicit TLD is not supported. denial | Added unavailable-only host parser,"","","","",""
262,mil,delegated,unknown,2026-09-19,docs/audits/topdomains-251-275-2026-09-19.md,spec/fixtures/responses/topdomains_251_275,report_collection,No adapter | No port-43 adapter | No parser change,"","","","",""
263,direct,delegated,explicit_unsupported,2026-09-19,docs/audits/topdomains-251-275-2026-09-19.md,spec/fixtures/responses/topdomains_251_275,report_collection,whois.nic.direct | Explicit TLD is not supported. denial | Added unavailable-only host parser,"","","","",""
264,work,delegated,unknown,2026-09-19,docs/audits/topdomains-251-275-2026-09-19.md,spec/fixtures/responses/topdomains_251_275,report_collection,whois.nic.work | Reserved response and No Data Found denial | Added conservative unknown/unavailable parser,"","","","",""
265,dm,delegated,registered_only,2026-09-19,docs/audits/topdomains-251-275-2026-09-19.md,spec/fixtures/responses/topdomains_251_275,report_collection,whois.nic.dm | Registered; generated label restricted by policy | Trimmed current footer and reject restricted response as unavailable,"","","","",""
266,games,delegated,explicit_unsupported,2026-09-19,docs/audits/topdomains-251-275-2026-09-19.md,spec/fixtures/responses/topdomains_251_275,report_collection,whois.nic.games | Explicit TLD is not supported. denial | Added unavailable-only host parser,"","","","",""
267,solutions,delegated,explicit_unsupported,2026-09-19,docs/audits/topdomains-251-275-2026-09-19.md,spec/fixtures/responses/topdomains_251_275,report_collection,whois.nic.solutions | Explicit TLD is not supported. denial | Added unavailable-only host parser,"","","","",""
268,software,delegated,explicit_unsupported,2026-09-19,docs/audits/topdomains-251-275-2026-09-19.md,spec/fixtures/responses/topdomains_251_275,report_collection,whois.nic.software | Explicit TLD is not supported. denial | Added unavailable-only host parser,"","","","",""
269,gi,delegated,paired,2026-09-19,docs/audits/topdomains-251-275-2026-09-19.md,spec/fixtures/responses/topdomains_251_275,report_collection,whois.afilias-grs.info | Registered and Domain not found. absence | Existing shared Afilias parser validated,"","","","",""
270,fo,delegated,paired,2026-09-19,docs/audits/topdomains-251-275-2026-09-19.md,spec/fixtures/responses/topdomains_251_275,report_collection,whois.nic.fo | Current ICANN-style registered and no-object responses | Added compatibility normalizer; legacy fixtures remain supported,"","","","",""
271,nr,delegated,unknown,2026-09-19,docs/audits/topdomains-251-275-2026-09-19.md,spec/fixtures/responses/topdomains_251_275,report_collection,Web adapter | Web-only | No parser change,"","","","",""
272,icu,delegated,paired,2026-09-19,docs/audits/topdomains-251-275-2026-09-19.md,spec/fixtures/responses/topdomains_251_275,report_collection,whois.nic.icu | Registered and DOMAIN NOT FOUND absence | Added current ICANN parser and host mapping,"","","","",""
273,tools,delegated,explicit_unsupported,2026-09-19,docs/audits/topdomains-251-275-2026-09-19.md,spec/fixtures/responses/topdomains_251_275,report_collection,whois.nic.tools | Explicit TLD is not supported. denial | Added unavailable-only host parser,"","","","",""
274,amazon,delegated,unknown,2026-09-19,docs/audits/topdomains-251-275-2026-09-19.md,spec/fixtures/responses/topdomains_251_275,report_collection,No server mapping | No standard or web adapter | No parser change,"","","","",""
275,hosting,delegated,explicit_unsupported,2026-09-19,docs/audits/topdomains-251-275-2026-09-19.md,spec/fixtures/responses/topdomains_251_275,report_collection,whois.uniregistry.net | Explicit TLD is not supported. denial | Extended shared denial wording safely,"","","","",""
276,page,delegated,unknown,2026-09-19,docs/audits/topdomains-276-300-2026-09-19.md,spec/fixtures/responses/topdomains_276_300,report_collection,"whois.nic.google | Host did not resolve from the audit environment | Unknown, no parser conclusion","","","","",""
277,re,delegated,paired,2026-09-19,docs/audits/topdomains-276-300-2026-09-19.md,spec/fixtures/responses/topdomains_276_300,report_collection,whois.nic.re | AFNIC registered and %% NOT FOUND responses | Added current absence marker,"","","","",""
278,plus,delegated,explicit_unsupported,2026-09-19,docs/audits/topdomains-276-300-2026-09-19.md,spec/fixtures/responses/topdomains_276_300,report_collection,whois.nic.plus | Identity Digital returned TLD is not supported. | Added explicit unavailable parser,"","","","",""
279,rocks,delegated,explicit_unsupported,2026-09-19,docs/audits/topdomains-276-300-2026-09-19.md,spec/fixtures/responses/topdomains_276_300,report_collection,whois.nic.rocks | Identity Digital returned TLD is not supported. | Added explicit unavailable parser,"","","","",""
280,website,delegated,paired,2026-09-19,docs/audits/topdomains-276-300-2026-09-19.md,spec/fixtures/responses/topdomains_276_300,report_collection,whois.nic.website | Radix registered and available responses | Added Radix host parser,"","","","",""
281,domains,delegated,explicit_unsupported,2026-09-19,docs/audits/topdomains-276-300-2026-09-19.md,spec/fixtures/responses/topdomains_276_300,report_collection,whois.nic.domains | Identity Digital returned TLD is not supported. | Added explicit unavailable parser,"","","","",""
282,wf,delegated,paired,2026-09-19,docs/audits/topdomains-276-300-2026-09-19.md,spec/fixtures/responses/topdomains_276_300,report_collection,whois.nic.wf | AFNIC registered and %% NOT FOUND responses | Added current absence marker,"","","","",""
283,name,delegated,paired,2026-09-19,docs/audits/topdomains-276-300-2026-09-19.md,spec/fixtures/responses/topdomains_276_300,report_collection,whois.nic.name | Verisign registered and No match for responses | Existing parser covered both,"","","","",""
284,ltd,delegated,explicit_unsupported,2026-09-19,docs/audits/topdomains-276-300-2026-09-19.md,spec/fixtures/responses/topdomains_276_300,report_collection,whois.nic.ltd | Identity Digital returned TLD is not supported. | Added explicit unavailable parser,"","","","",""
285,pub,delegated,explicit_unsupported,2026-09-19,docs/audits/topdomains-276-300-2026-09-19.md,spec/fixtures/responses/topdomains_276_300,report_collection,whois.nic.pub | Identity Digital returned TLD is not supported. | Added explicit unavailable parser,"","","","",""
286,design,delegated,paired,2026-09-19,docs/audits/topdomains-276-300-2026-09-19.md,spec/fixtures/responses/topdomains_276_300,report_collection,whois.nic.design | CentralNic registered and No Data Found responses | Added current absence marker,"","","","",""
287,ninja,delegated,explicit_unsupported,2026-09-19,docs/audits/topdomains-276-300-2026-09-19.md,spec/fixtures/responses/topdomains_276_300,report_collection,whois.nic.ninja | Identity Digital returned TLD is not supported. | Added explicit unavailable parser,"","","","",""
288,group,delegated,explicit_unsupported,2026-09-19,docs/audits/topdomains-276-300-2026-09-19.md,spec/fixtures/responses/topdomains_276_300,report_collection,whois.nic.group | Identity Digital returned TLD is not supported. | Added explicit unavailable parser,"","","","",""
289,server,undelegated,classification_only,2026-09-19,docs/audits/topdomains-276-300-2026-09-19.md,spec/fixtures/responses/topdomains_276_300,report_collection,No server mapping | Source marks the string undelegated | No parser coverage,"","","","",""
290,art,delegated,paired,2026-09-19,docs/audits/topdomains-276-300-2026-09-19.md,spec/fixtures/responses/topdomains_276_300,report_collection,whois.nic.art | CentralNic registered and DOMAIN NOT FOUND responses | Added CentralNic host parser,"","","","",""
291,studio,delegated,explicit_unsupported,2026-09-19,docs/audits/topdomains-276-300-2026-09-19.md,spec/fixtures/responses/topdomains_276_300,report_collection,whois.nic.studio | Identity Digital returned TLD is not supported. | Added explicit unavailable parser,"","","","",""
292,run,delegated,explicit_unsupported,2026-09-19,docs/audits/topdomains-276-300-2026-09-19.md,spec/fixtures/responses/topdomains_276_300,report_collection,whois.nic.run | Identity Digital returned TLD is not supported. | Added explicit unavailable parser,"","","","",""
293,lol,delegated,explicit_unsupported,2026-09-19,docs/audits/topdomains-276-300-2026-09-19.md,spec/fixtures/responses/topdomains_276_300,report_collection,whois.uniregistry.net | Tucows returned Tld not supported by this registry interface | Existing parser raises unavailable,"","","","",""
294,win,delegated,paired,2026-09-19,docs/audits/topdomains-276-300-2026-09-19.md,spec/fixtures/responses/topdomains_276_300,report_collection,whois.nic.win | CentralNic/MarkMonitor registered and No Data Found responses | Added host parser reusing .design behavior,"","","","",""
295,ovh,delegated,paired,2026-09-19,docs/audits/topdomains-276-300-2026-09-19.md,spec/fixtures/responses/topdomains_276_300,report_collection,whois.ovh.com | OVH registered and % 404 responses | Added OVH parser and absence marker,"","","","",""
296,best,delegated,paired,2026-09-19,docs/audits/topdomains-276-300-2026-09-19.md,spec/fixtures/responses/topdomains_276_300,report_collection,whois.nic.best | CentralNic registered and DOMAIN NOT FOUND responses | Added CentralNic host parser,"","","","",""
297,today,delegated,explicit_unsupported,2026-09-19,docs/audits/topdomains-276-300-2026-09-19.md,spec/fixtures/responses/topdomains_276_300,report_collection,whois.nic.today | Identity Digital returned TLD is not supported. | Added explicit unavailable parser,"","","","",""
298,cfd,delegated,paired,2026-09-19,docs/audits/topdomains-276-300-2026-09-19.md,spec/fixtures/responses/topdomains_276_300,report_collection,whois.nic.cfd | CentralNic registered and DOMAIN NOT FOUND responses | Added CentralNic host parser,"","","","",""
299,market,delegated,explicit_unsupported,2026-09-19,docs/audits/topdomains-276-300-2026-09-19.md,spec/fixtures/responses/topdomains_276_300,report_collection,whois.nic.market | Identity Digital returned TLD is not supported. | Added explicit unavailable parser,"","","","",""
300,help,delegated,explicit_unsupported,2026-09-19,docs/audits/topdomains-276-300-2026-09-19.md,spec/fixtures/responses/topdomains_276_300,report_collection,whois.uniregistry.net | Tucows returned Tld not supported by this registry interface | Existing parser raises unavailable,"","","","",""
301,blog,delegated,paired,2026-09-19,docs/audits/whois-parser-top1000-package-4-2026-09-19.md,spec/fixtures/responses/topdomains_package_4,report_collection,whois.nic.blog | Verified registered + Not found: | Added CIRA-family host adapter,"","","","",""
302,team,delegated,explicit_unsupported,2026-09-19,docs/audits/whois-parser-top1000-package-2-2026-09-19.md,spec/fixtures/responses/top1000_package_2,report_collection,[whois.nic.team] | parser_missing | verified_unavailable | Whois::Parsers::WhoisNicTeam | Port-43 explicit TLD is not supported sample google.team; SHA-256 0f67715fbfa825d9101ef17d33f65c499f77e6b8b807213b2e03842ee73d0d9d.,"","","","",""
303,support,delegated,explicit_unsupported,2026-09-19,docs/audits/whois-parser-top1000-package-2-2026-09-19.md,spec/fixtures/responses/top1000_package_2,report_collection,[whois.nic.support] | parser_missing | verified_unavailable | Whois::Parsers::WhoisNicSupport | Port-43 explicit TLD is not supported sample google.support; SHA-256 5e780d231d3175e843053a06ae1ba8ea024e9322289faf57650a2b7ee0a4189f.,"","","","",""
304,fox,delegated,unknown,2026-09-19,docs/audits/whois-parser-top1000-package-3-2026-09-19.md,spec/fixtures/responses/top1000_package3,report_collection,whois.nic.fox | verified | Added BaseTop1000Icann adapter with exact current markers,"","","","",""
305,cyou,delegated,paired,2026-09-19,docs/audits/whois-parser-top1000-package-1-2026-09-19.md,spec/fixtures/responses/top1000_package1,report_collection,whois.nic.cyou | Whois::Parsers::WhoisNicCyou | CentralNic ICANN record; DOMAIN NOT FOUND absence marker,"","","","",""
306,null,undelegated,classification_only,2026-09-19,docs/audits/whois-parser-top1000-package-4-2026-09-19.md,spec/fixtures/responses/topdomains_package_4,report_collection,"none | Excluded, undelegated | Classification only","","","","",""
307,agency,delegated,explicit_unsupported,2026-09-19,docs/audits/whois-parser-top1000-package-3-2026-09-19.md,spec/fixtures/responses/top1000_package3,report_collection,whois.nic.agency | unavailable | Added BaseUnsupportedRegistry adapter; exact TLD-not-supported response raises unavailable,"","","","",""
308,bid,delegated,paired,2026-09-19,docs/audits/whois-parser-top1000-package-5-2026-09-19.md,spec/fixtures/responses/top1000_package5,report_collection,whois.nic.bid | registered + authoritative absence | Adapter/fixture,"","","","",""
309,bet,delegated,unknown,2026-09-19,docs/audits/whois-parser-top1000-package-2-2026-09-19.md,spec/fixtures/responses/top1000_package_2,report_collection,"[whois.afilias.net] | parser_present_unverified | unknown | Whois::Parsers::WhoisAfiliasNet | Shared-host sample google.bet returned explicit unsupported notice (SHA-256 f74ad65a2639f4c00f578fa1f30cb7dc42c6bbd58929e08788a09887a0ab1d95); each TLD was not re-queried after rate limiting, so no per-TLD status is claimed.","","","","",""
310,cx,delegated,registered_only,2026-09-19,docs/audits/whois-parser-top1000-package-5-2026-09-19.md,spec/fixtures/responses/top1000_package5,report_collection,whois.nic.cx | registered; absence ambiguous/blocked | Existing parser; unresolved absence,"","","","",""
311,build,delegated,paired,2026-09-19,docs/audits/whois-parser-top1000-package-5-2026-09-19.md,spec/fixtures/responses/top1000_package5,report_collection,whois.nic.build | registered + authoritative absence | Adapter/fixture,"","","","",""
312,buzz,delegated,unknown,2026-09-19,docs/audits/whois-parser-top1000-package-3-2026-09-19.md,spec/fixtures/responses/top1000_package3,report_collection,whois.nic.buzz | verified | Added BaseTop1000Icann adapter with exact current markers,"","","","",""
313,events,delegated,explicit_unsupported,2026-09-19,docs/audits/whois-parser-top1000-package-5-2026-09-19.md,spec/fixtures/responses/top1000_package5,report_collection,whois.nic.events | explicit registry denial | No fake support,"","","","",""
314,sbs,delegated,paired,2026-09-19,docs/audits/whois-parser-top1000-package-5-2026-09-19.md,spec/fixtures/responses/top1000_package5,report_collection,whois.nic.sbs | registered + authoritative absence | Adapter/fixture,"","","","",""
315,cam,delegated,unknown,2026-09-19,docs/audits/whois-parser-top1000-package-3-2026-09-19.md,spec/fixtures/responses/top1000_package3,report_collection,whois.nic.cam | verified | Added BaseTop1000Icann adapter with exact current markers,"","","","",""
316,social,delegated,explicit_unsupported,2026-09-19,docs/audits/whois-parser-top1000-package-5-2026-09-19.md,spec/fixtures/responses/top1000_package5,report_collection,whois.nic.social | explicit registry denial | No fake support,"","","","",""
317,moe,delegated,paired,2026-09-19,docs/audits/whois-parser-top1000-package-5-2026-09-19.md,spec/fixtures/responses/top1000_package5,report_collection,whois.nic.moe | registered + authoritative absence | Adapter/fixture,"","","","",""
318,center,delegated,explicit_unsupported,2026-09-19,docs/audits/whois-parser-top1000-package-2-2026-09-19.md,spec/fixtures/responses/top1000_package_2,report_collection,[whois.nic.center] | parser_missing | verified_unavailable | Whois::Parsers::WhoisNicCenter | Port-43 explicit TLD is not supported sample google.center; SHA-256 ac569c9d65e9be3602c92b1fefe10c9181fc9eeb81087517f40d27d60d652246.,"","","","",""
319,guru,delegated,explicit_unsupported,2026-09-19,docs/audits/whois-parser-top1000-package-2-2026-09-19.md,spec/fixtures/responses/top1000_package_2,report_collection,[whois.nic.guru] | parser_missing | verified_unavailable | Whois::Parsers::WhoisNicGuru | Port-43 explicit TLD is not supported sample google.guru; SHA-256 2294c9033be5ba09c8f2c845037d4b46f34b2f522fd6c4b1c796059ddafe6b9a.,"","","","",""
320,lat,delegated,paired,2026-09-19,docs/audits/whois-parser-top1000-package-5-2026-09-19.md,spec/fixtures/responses/top1000_package5,report_collection,whois.nic.lat | registered + authoritative absence | Adapter/fixture,"","","","",""
321,aero,delegated,registered_only,2026-09-19,docs/audits/whois-parser-top1000-package-5-2026-09-19.md,spec/fixtures/responses/top1000_package5,report_collection,whois.aero | registered; absence ambiguous/blocked | Existing parser; unresolved absence,"","","","",""
322,wpad,undelegated,classification_only,2026-09-19,docs/audits/whois-parser-top1000-package-5-2026-09-19.md,spec/fixtures/responses/top1000_package5,report_collection,no server | undelegated; excluded | No parser,"","","","",""
323,red,delegated,unknown,2026-09-19,docs/audits/whois-parser-top1000-package-2-2026-09-19.md,spec/fixtures/responses/top1000_package_2,report_collection,"[whois.afilias.net] | parser_present_unverified | unknown | Whois::Parsers::WhoisAfiliasNet | Shared-host sample google.bet returned explicit unsupported notice (SHA-256 f74ad65a2639f4c00f578fa1f30cb7dc42c6bbd58929e08788a09887a0ab1d95); each TLD was not re-queried after rate limiting, so no per-TLD status is claimed.","","","","",""
324,stream,delegated,absence_only,2026-09-19,docs/audits/whois-parser-top1000-package-1-2026-09-19.md,spec/fixtures/responses/top1000_package1,report_collection,whois.nic.stream | No Data Found absence marker only,"","","","",""
325,wiki,delegated,paired,2026-09-19,docs/audits/whois-parser-top1000-package-5-2026-09-19.md,spec/fixtures/responses/top1000_package5,report_collection,whois.nic.wiki | registered + authoritative absence | Adapter/fixture,"","","","",""
326,health,delegated,unknown,2026-09-19,docs/audits/whois-parser-top1000-package-1-2026-09-19.md,spec/fixtures/responses/top1000_package1,report_collection,Source report lists this row as classification-only.,"","","","",""
327,int,delegated,absence_only,2026-09-19,docs/audits/whois-parser-top1000-package-4-2026-09-19.md,spec/fixtures/responses/topdomains_package_4,report_collection,whois.iana.org | Verified authoritative zero objects | Existing IANA parser retained,"","","","",""
328,company,delegated,unknown,2026-09-19,docs/audits/whois-parser-top1000-package-1-2026-09-19.md,spec/fixtures/responses/top1000_package1,report_collection,Source report lists only an unavailable endpoint result.,"","","","",""
329,finance,delegated,explicit_unsupported,2026-09-19,docs/audits/whois-parser-top1000-package-5-2026-09-19.md,spec/fixtures/responses/top1000_package5,report_collection,whois.nic.finance | explicit registry denial | No fake support,"","","","",""
330,travel,delegated,explicit_unsupported,2026-09-19,docs/audits/whois-parser-top1000-package-5-2026-09-19.md,spec/fixtures/responses/top1000_package5,report_collection,whois.nic.travel | explicit registry denial | No fake support,"","","","",""
331,codes,delegated,explicit_unsupported,2026-09-19,docs/audits/whois-parser-top1000-package-3-2026-09-19.md,spec/fixtures/responses/top1000_package3,report_collection,whois.nic.codes | unavailable | Added BaseUnsupportedRegistry adapter; exact TLD-not-supported response raises unavailable,"","","","",""
332,onl,delegated,unknown,2026-09-19,docs/audits/whois-parser-top1000-package-1-2026-09-19.md,spec/fixtures/responses/top1000_package1,report_collection,Source report lists only an unavailable endpoint result.,"","","","",""
333,https,undelegated,classification_only,2026-09-19,docs/audits/whois-parser-top1000-package-2-2026-09-19.md,spec/fixtures/responses/top1000_package_2,report_collection,— | excluded_undelegated | excluded | classification-only | No implementation: source is undelegated.,"","","","",""
334,fit,delegated,unknown,2026-09-19,docs/audits/whois-parser-top1000-package-4-2026-09-19.md,spec/fixtures/responses/topdomains_package_4,report_collection,"whois.nic.fit | Unknown, query limit exceeded | No parser conclusion","","","","",""
335,bio,delegated,unknown,2026-09-19,docs/audits/whois-parser-top1000-package-2-2026-09-19.md,spec/fixtures/responses/top1000_package_2,report_collection,"[whois.afilias.net] | parser_present_unverified | unknown | Whois::Parsers::WhoisAfiliasNet | Shared-host sample google.bet returned explicit unsupported notice (SHA-256 f74ad65a2639f4c00f578fa1f30cb7dc42c6bbd58929e08788a09887a0ab1d95); each TLD was not re-queried after rate limiting, so no per-TLD status is claimed.","","","","",""
336,pics,delegated,unknown,2026-09-19,docs/audits/whois-parser-top1000-package-1-2026-09-19.md,spec/fixtures/responses/top1000_package1,report_collection,Source report lists only an unavailable endpoint result.,"","","","",""
337,bind,undelegated,classification_only,2026-09-19,docs/audits/whois-parser-top1000-package-3-2026-09-19.md,spec/fixtures/responses/top1000_package3,report_collection,— | excluded | ICANN undelegated; classification-only,"","","","",""
338,no-op-domain,undelegated,classification_only,2026-09-19,docs/audits/whois-parser-top1000-package-4-2026-09-19.md,spec/fixtures/responses/topdomains_package_4,report_collection,"none | Excluded, undelegated | Classification only","","","","",""
339,xxx,delegated,registered_only,2026-09-19,docs/audits/whois-parser-top1000-package-2-2026-09-19.md,spec/fixtures/responses/top1000_package_2,report_collection,[whois.nic.xxx] | parser_present_unverified | verified_registered | Whois::Parsers::WhoisNicXxx | Port-43 registered sample google.xxx; SHA-256 23fa6362f7012d74fd96327a56b80f0b7b96be048779fd78a76640ae40f87a3d.,"","","","",""
340,tc,delegated,paired,2026-09-19,docs/audits/whois-parser-top1000-package-5-2026-09-19.md,spec/fixtures/responses/top1000_package5,report_collection,whois.nic.tc | registered + authoritative absence | Existing parser verified,"","","","",""
341,wtf,delegated,explicit_unsupported,2026-09-19,docs/audits/whois-parser-top1000-package-2-2026-09-19.md,spec/fixtures/responses/top1000_package_2,report_collection,[whois.nic.wtf] | parser_missing | verified_unavailable | Whois::Parsers::WhoisNicWtf | Port-43 explicit TLD is not supported sample google.wtf; SHA-256 9670870e7244c2fe7d4f6bfdecdd0f4d1a3aeb373cabb311e3ca417cadeea914.,"","","","",""
342,care,delegated,explicit_unsupported,2026-09-19,docs/audits/whois-parser-top1000-package-5-2026-09-19.md,spec/fixtures/responses/top1000_package5,report_collection,whois.nic.care | explicit registry denial | No fake support,"","","","",""
343,event,undelegated,classification_only,2026-09-19,docs/audits/whois-parser-top1000-package-5-2026-09-19.md,spec/fixtures/responses/top1000_package5,report_collection,no server | undelegated; excluded | No parser,"","","","",""
344,game,delegated,unknown,2026-09-19,docs/audits/whois-parser-top1000-package-1-2026-09-19.md,spec/fixtures/responses/top1000_package1,report_collection,Source report lists only an unavailable endpoint result.,"","","","",""
345,coop,delegated,paired,2026-09-19,docs/audits/whois-parser-top1000-package-4-2026-09-19.md,spec/fixtures/responses/topdomains_package_4,report_collection,whois.nic.coop | Verified registered + Radix available | Added current availability marker to existing parser,"","","","",""
346,casa,delegated,unknown,2026-09-19,docs/audits/whois-parser-top1000-package-3-2026-09-19.md,spec/fixtures/responses/top1000_package3,report_collection,whois.nic.casa | verified | Added BaseTop1000Icann adapter with exact current markers,"","","","",""
347,academy,delegated,explicit_unsupported,2026-09-19,docs/audits/whois-parser-top1000-package-3-2026-09-19.md,spec/fixtures/responses/top1000_package3,report_collection,whois.nic.academy | unavailable | Added BaseUnsupportedRegistry adapter; exact TLD-not-supported response raises unavailable,"","","","",""
348,bayern,delegated,paired,2026-09-19,docs/audits/whois-parser-top1000-package-4-2026-09-19.md,spec/fixtures/responses/topdomains_package_4,report_collection,whois.nic.bayern | Verified registered + no matching objects | Added CentralNic-family adapter,"","","","",""
349,fyi,delegated,explicit_unsupported,2026-09-19,docs/audits/whois-parser-top1000-package-4-2026-09-19.md,spec/fixtures/responses/topdomains_package_4,report_collection,whois.nic.fyi | Verified explicit unsupported-TLD denial | Added unavailable adapter,"","","","",""
350,partners,delegated,explicit_unsupported,2026-09-19,docs/audits/whois-parser-top1000-package-4-2026-09-19.md,spec/fixtures/responses/topdomains_package_4,report_collection,whois.nic.partners | Verified explicit unsupported-TLD denial | Added unavailable adapter,"","","","",""
351,corp,undelegated,classification_only,2026-09-19,docs/audits/whois-parser-top1000-package-1-2026-09-19.md,spec/fixtures/responses/top1000_package1,report_collection,Source report lists this row as classification-only.,"","","","",""
352,marketing,delegated,explicit_unsupported,2026-09-19,docs/audits/whois-parser-top1000-package-5-2026-09-19.md,spec/fixtures/responses/top1000_package5,report_collection,whois.nic.marketing | explicit registry denial | No fake support,"","","","",""
353,initplayback,undelegated,classification_only,2026-09-19,docs/audits/whois-parser-top1000-package-2-2026-09-19.md,spec/fixtures/responses/top1000_package_2,report_collection,— | excluded_undelegated | excluded | classification-only | No implementation: source is undelegated.,"","","","",""
354,engineering,delegated,explicit_unsupported,2026-09-19,docs/audits/whois-parser-top1000-package-5-2026-09-19.md,spec/fixtures/responses/top1000_package5,report_collection,whois.nic.engineering | explicit registry denial | No fake support,"","","","",""
355,box,delegated,unknown,2026-09-19,docs/audits/whois-parser-top1000-package-5-2026-09-19.md,spec/fixtures/responses/top1000_package5,report_collection,whois.aridnrs.net.au | endpoint unavailable | Unknown; no parser,"","","","",""
356,audio,delegated,unknown,2026-09-19,docs/audits/whois-parser-top1000-package-1-2026-09-19.md,spec/fixtures/responses/top1000_package1,report_collection,Source report lists only an unavailable endpoint result.,"","","","",""
357,city,delegated,explicit_unsupported,2026-09-19,docs/audits/whois-parser-top1000-package-2-2026-09-19.md,spec/fixtures/responses/top1000_package_2,report_collection,[whois.nic.city] | parser_missing | verified_unavailable | Whois::Parsers::WhoisNicCity | Port-43 explicit TLD is not supported sample google.city; SHA-256 2a32a148815be8fa3f40ad7b1715b5376c163741431bfe0a8d5f4984c673265e.,"","","","",""
358,party,delegated,absence_only,2026-09-19,docs/audits/whois-parser-top1000-package-1-2026-09-19.md,spec/fixtures/responses/top1000_package1,report_collection,whois.nic.party | No Data Found absence marker only,"","","","",""
359,files,undelegated,classification_only,2026-09-19,docs/audits/whois-parser-top1000-package-3-2026-09-19.md,spec/fixtures/responses/top1000_package3,report_collection,— | excluded | ICANN undelegated; classification-only,"","","","",""
360,gd,delegated,paired,2026-09-19,docs/audits/whois-parser-top1000-package-4-2026-09-19.md,spec/fixtures/responses/topdomains_package_4,report_collection,whois.nic.gd | Verified registered + DOMAIN NOT FOUND | Added current absence marker to existing parser,"","","","",""
361,love,delegated,unknown,2026-09-19,docs/audits/whois-parser-top1000-package-3-2026-09-19.md,spec/fixtures/responses/top1000_package3,report_collection,whois.nic.love | verified | Added BaseTop1000Icann adapter with exact current markers,"","","","",""
362,pm,delegated,paired,2026-09-19,docs/audits/whois-parser-top1000-package-4-2026-09-19.md,spec/fixtures/responses/topdomains_package_4,report_collection,whois.nic.pm | Verified registered + %% NOT FOUND | Added current AFNIC absence marker,"","","","",""
363,onion,special-use,classification_only,2026-09-19,docs/audits/whois-parser-top1000-package-4-2026-09-19.md,spec/fixtures/responses/topdomains_package_4,report_collection,"none | Excluded, special-use | Classification only","","","","",""
364,pet,delegated,unknown,2026-09-19,docs/audits/whois-parser-top1000-package-2-2026-09-19.md,spec/fixtures/responses/top1000_package_2,report_collection,"[whois.afilias.net] | parser_present_unverified | unknown | Whois::Parsers::WhoisAfiliasNet | Shared-host sample google.bet returned explicit unsupported notice (SHA-256 f74ad65a2639f4c00f578fa1f30cb7dc42c6bbd58929e08788a09887a0ab1d95); each TLD was not re-queried after rate limiting, so no per-TLD status is claimed.","","","","",""
365,localhost,special-use,classification_only,2026-09-19,docs/audits/whois-parser-top1000-package-5-2026-09-19.md,spec/fixtures/responses/top1000_package5,report_collection,no server | special-use; excluded | No parser,"","","","",""
366,monster,delegated,unknown,2026-09-19,docs/audits/whois-parser-top1000-package-3-2026-09-19.md,spec/fixtures/responses/top1000_package3,report_collection,whois.nic.monster | verified | Added BaseTop1000Icann adapter with exact current markers,"","","","",""
367,money,delegated,explicit_unsupported,2026-09-19,docs/audits/whois-parser-top1000-package-2-2026-09-19.md,spec/fixtures/responses/top1000_package_2,report_collection,[whois.nic.money] | parser_missing | verified_unavailable | Whois::Parsers::WhoisNicMoney | Port-43 explicit TLD is not supported sample google.money; SHA-256 6bb0ccace86e25b361fb02b8691b9acdd67debc82bbb40777ee942f2713e9924.,"","","","",""
368,cool,delegated,explicit_unsupported,2026-09-19,docs/audits/whois-parser-top1000-package-4-2026-09-19.md,spec/fixtures/responses/topdomains_package_4,report_collection,whois.nic.cool | Verified explicit unsupported-TLD denial | Added unavailable adapter,"","","","",""
369,xn--p1ai,delegated,absence_only,2026-09-19,docs/audits/whois-parser-top1000-package-4-2026-09-19.md,spec/fixtures/responses/topdomains_package_4,report_collection,whois.tcinet.ru | Verified no entries | Existing TCI parser retained,"","","","",""
370,inc,delegated,paired,2026-09-19,docs/audits/whois-parser-top1000-package-5-2026-09-19.md,spec/fixtures/responses/top1000_package5,report_collection,whois.nic.inc | registered + authoritative absence | Adapter/fixture,"","","","",""
371,qpon,delegated,unknown,2026-09-19,docs/audits/whois-parser-top1000-package-1-2026-09-19.md,spec/fixtures/responses/top1000_package1,report_collection,Source report lists this row as classification-only.,"","","","",""
372,land,delegated,explicit_unsupported,2026-09-19,docs/audits/whois-parser-top1000-package-4-2026-09-19.md,spec/fixtures/responses/topdomains_package_4,report_collection,whois.nic.land | Verified explicit unsupported-TLD denial | Added unavailable adapter,"","","","",""
373,watch,delegated,unknown,2026-09-19,docs/audits/whois-parser-top1000-package-1-2026-09-19.md,spec/fixtures/responses/top1000_package1,report_collection,Source report lists only an unavailable endpoint result.,"","","","",""
374,gs,delegated,registered_only,2026-09-19,docs/audits/whois-parser-top1000-package-5-2026-09-19.md,spec/fixtures/responses/top1000_package5,report_collection,whois.nic.gs | registered; absence ambiguous/blocked | Existing parser; unresolved absence,"","","","",""
375,test,special-use,classification_only,2026-09-19,docs/audits/whois-parser-top1000-package-2-2026-09-19.md,spec/fixtures/responses/top1000_package_2,report_collection,— | excluded_special_use | excluded | classification-only | No implementation: source is special-use.,"","","","",""
376,express,delegated,explicit_unsupported,2026-09-19,docs/audits/whois-parser-top1000-package-4-2026-09-19.md,spec/fixtures/responses/topdomains_package_4,report_collection,whois.nic.express | Verified explicit unsupported-TLD denial | Added unavailable adapter,"","","","",""
377,energy,delegated,explicit_unsupported,2026-09-19,docs/audits/whois-parser-top1000-package-3-2026-09-19.md,spec/fixtures/responses/top1000_package3,report_collection,whois.nic.energy | unavailable | Added BaseUnsupportedRegistry adapter; exact TLD-not-supported response raises unavailable,"","","","",""
378,ax,delegated,paired,2026-09-19,docs/audits/whois-parser-top1000-package-4-2026-09-19.md,spec/fixtures/responses/topdomains_package_4,report_collection,whois.ax | Verified registered + Domain not found | Added current absence marker to existing parser,"","","","",""
379,llc,delegated,unknown,2026-09-19,docs/audits/whois-parser-top1000-package-2-2026-09-19.md,spec/fixtures/responses/top1000_package_2,report_collection,"[whois.afilias.net] | parser_present_unverified | unknown | Whois::Parsers::WhoisAfiliasNet | Shared-host sample google.bet returned explicit unsupported notice (SHA-256 f74ad65a2639f4c00f578fa1f30cb7dc42c6bbd58929e08788a09887a0ab1d95); each TLD was not re-queried after rate limiting, so no per-TLD status is claimed.","","","","",""
380,trade,delegated,paired,2026-09-19,docs/audits/whois-parser-top1000-package-5-2026-09-19.md,spec/fixtures/responses/top1000_package5,report_collection,whois.nic.trade | registered + authoritative absence | Adapter/fixture,"","","","",""
381,international,delegated,explicit_unsupported,2026-09-19,docs/audits/whois-parser-top1000-package-4-2026-09-19.md,spec/fixtures/responses/topdomains_package_4,report_collection,whois.nic.international | Verified explicit unsupported-TLD denial | Added unavailable adapter,"","","","",""
382,show,delegated,explicit_unsupported,2026-09-19,docs/audits/whois-parser-top1000-package-5-2026-09-19.md,spec/fixtures/responses/top1000_package5,report_collection,whois.nic.show | explicit registry denial | No fake support,"","","","",""
383,exchange,delegated,unknown,2026-09-19,docs/audits/whois-parser-top1000-package-1-2026-09-19.md,spec/fixtures/responses/top1000_package1,report_collection,Source report lists only an unavailable endpoint result.,"","","","",""
384,eus,delegated,paired,2026-09-19,docs/audits/whois-parser-top1000-package-4-2026-09-19.md,spec/fixtures/responses/topdomains_package_4,report_collection,whois.nic.eus | Verified registered + no matching objects | Added CentralNic-family adapter,"","","","",""
385,rest,delegated,unknown,2026-09-19,docs/audits/whois-parser-top1000-package-3-2026-09-19.md,spec/fixtures/responses/top1000_package3,report_collection,whois.nic.rest | verified | Added BaseTop1000Icann adapter with exact current markers,"","","","",""
386,education,delegated,explicit_unsupported,2026-09-19,docs/audits/whois-parser-top1000-package-2-2026-09-19.md,spec/fixtures/responses/top1000_package_2,report_collection,[whois.nic.education] | parser_missing | verified_unavailable | Whois::Parsers::WhoisNicEducation | Port-43 explicit TLD is not supported sample google.education; SHA-256 ea7be3b1ba7434da155acda06296fe04ee08dcf2c1ebeb6bec26f0489da4ef49.,"","","","",""
387,tel,delegated,registered_only,2026-09-19,docs/audits/whois-parser-top1000-package-5-2026-09-19.md,spec/fixtures/responses/top1000_package5,report_collection,whois.nic.tel | registered; absence ambiguous/blocked | Existing parser; unresolved absence,"","","","",""
388,gold,delegated,explicit_unsupported,2026-09-19,docs/audits/whois-parser-top1000-package-5-2026-09-19.md,spec/fixtures/responses/top1000_package5,report_collection,whois.nic.gold | explicit registry denial | No fake support,"","","","",""
389,nexus,delegated,unknown,2026-09-19,docs/audits/whois-parser-top1000-package-3-2026-09-19.md,spec/fixtures/responses/top1000_package3,report_collection,"whois.nic.google | unknown | Port-43 response unresolved (DNS failure, timeout, or connection reset); no parser conclusion","","","","",""
390,beer,delegated,registered_only,2026-09-19,docs/audits/whois-parser-top1000-package-2-2026-09-19.md,spec/fixtures/responses/top1000_package_2,report_collection,[whois.nic.beer] | parser_missing | verified_registered | Whois::Parsers::WhoisNicBeer | Port-43 registered sample google.beer; SHA-256 bba322372b3f0ee4238355311362f844d1ffde5c0ce94ab863e2a3856ca1716d.,"","","","",""
391,casino,delegated,explicit_unsupported,2026-09-19,docs/audits/whois-parser-top1000-package-5-2026-09-19.md,spec/fixtures/responses/top1000_package5,report_collection,whois.nic.casino | explicit registry denial | No fake support,"","","","",""
392,dog,delegated,explicit_unsupported,2026-09-19,docs/audits/whois-parser-top1000-package-3-2026-09-19.md,spec/fixtures/responses/top1000_package3,report_collection,whois.nic.dog | unavailable | Added BaseUnsupportedRegistry adapter; exact TLD-not-supported response raises unavailable,"","","","",""
393,press,delegated,paired,2026-09-19,docs/audits/whois-parser-top1000-package-5-2026-09-19.md,spec/fixtures/responses/top1000_package5,report_collection,whois.nic.press | registered + authoritative absence | Adapter/fixture,"","","","",""
394,fan,delegated,explicit_unsupported,2026-09-19,docs/audits/whois-parser-top1000-package-3-2026-09-19.md,spec/fixtures/responses/top1000_package3,report_collection,whois.nic.fan | unavailable | Added BaseUnsupportedRegistry adapter; exact TLD-not-supported response raises unavailable,"","","","",""
395,house,delegated,explicit_unsupported,2026-09-19,docs/audits/whois-parser-top1000-package-2-2026-09-19.md,spec/fixtures/responses/top1000_package_2,report_collection,[whois.nic.house] | parser_missing | verified_unavailable | Whois::Parsers::WhoisNicHouse | Port-43 explicit TLD is not supported sample google.house; SHA-256 a0387b7360b32670ba8d5610c50ed84118033ff16e9ca1885af2f4a8b5dc7906.,"","","","",""
396,expert,delegated,explicit_unsupported,2026-09-19,docs/audits/whois-parser-top1000-package-2-2026-09-19.md,spec/fixtures/responses/top1000_package_2,report_collection,[whois.nic.expert] | parser_missing | verified_unavailable | Whois::Parsers::WhoisNicExpert | Port-43 explicit TLD is not supported sample google.expert; SHA-256 d8159b0da3d0036101f62f13707e2bdea6568ede32059f74b9694cf299d93079.,"","","","",""
397,cafe,delegated,explicit_unsupported,2026-09-19,docs/audits/whois-parser-top1000-package-2-2026-09-19.md,spec/fixtures/responses/top1000_package_2,report_collection,[whois.nic.cafe] | parser_missing | verified_unavailable | Whois::Parsers::WhoisNicCafe | Port-43 explicit TLD is not supported sample google.cafe; SHA-256 dd5b258f597b5cf0114b1094799949ea62d654a69ed9b7b29f9a36884bf81515.,"","","","",""
398,cash,delegated,explicit_unsupported,2026-09-19,docs/audits/whois-parser-top1000-package-4-2026-09-19.md,spec/fixtures/responses/topdomains_package_4,report_collection,whois.nic.cash | Verified explicit unsupported-TLD denial | Added unavailable adapter,"","","","",""
399,tf,delegated,absence_only,2026-09-19,docs/audits/whois-parser-top1000-package-4-2026-09-19.md,spec/fixtures/responses/topdomains_package_4,report_collection,whois.nic.fr | Verified AFNIC %% NOT FOUND | Added current absence marker to shared parser,"","","","",""
400,community,delegated,explicit_unsupported,2026-09-19,docs/audits/whois-parser-top1000-package-5-2026-09-19.md,spec/fixtures/responses/top1000_package5,report_collection,whois.nic.community | explicit registry denial | No fake support,"","","","",""
401,jobs,delegated,unknown,2026-09-19,docs/audits/whois-parser-top1000-package-2-2026-09-19.md,spec/fixtures/responses/top1000_package_2,report_collection,[whois.nic.jobs] | parser_present_unverified | unavailable | Whois::Parsers::WhoisNicJobs | Port-43 current probe for google.jobs produced timeout or empty response; no parser claim is made.,"","","","",""
402,homes,delegated,unknown,2026-09-19,docs/audits/whois-parser-top1000-package-1-2026-09-19.md,spec/fixtures/responses/top1000_package1,report_collection,Source report lists only an unavailable endpoint result.,"","","","",""
403,mp,delegated,unknown,2026-09-19,docs/audits/whois-parser-top1000-package-3-2026-09-19.md,spec/fixtures/responses/top1000_package3,report_collection,— | excluded | Server adapter None; no port-43 parser,"","","","",""
404,tokyo,delegated,rdap_only,2026-09-19,docs/audits/whois-parser-top1000-package-5-2026-09-19.md,spec/fixtures/responses/top1000_package5,report_collection,whois.nic.tokyo | WHOIS retired; RDAP-only notice | No parser,"","","","",""
405,mo,delegated,absence_only,2026-09-19,docs/audits/whois-parser-top1000-package-4-2026-09-19.md,spec/fixtures/responses/topdomains_package_4,report_collection,whois.monic.mo | Verified No match for absence | Existing Monic parser retained,"","","","",""
406,bot,delegated,unknown,2026-09-19,docs/audits/whois-parser-top1000-package-4-2026-09-19.md,spec/fixtures/responses/topdomains_package_4,report_collection,"whois.nic.bot | Unknown, endpoint timed out | No parser conclusion","","","","",""
407,vision,delegated,unknown,2026-09-19,docs/audits/whois-parser-top1000-package-1-2026-09-19.md,spec/fixtures/responses/top1000_package1,report_collection,Source report lists only an unavailable endpoint result.,"","","","",""
408,sx,delegated,unknown,2026-09-19,docs/audits/whois-parser-top1000-package-4-2026-09-19.md,spec/fixtures/responses/topdomains_package_4,report_collection,"whois.sx | Unknown, DNS failure | No parser conclusion","","","","",""
409,uno,delegated,paired,2026-09-19,docs/audits/whois-parser-top1000-package-4-2026-09-19.md,spec/fixtures/responses/topdomains_package_4,report_collection,whois.nic.uno | Verified registered + Radix available | Added Radix-family adapter,"","","","",""
410,quest,delegated,paired,2026-09-19,docs/audits/whois-parser-top1000-package-4-2026-09-19.md,spec/fixtures/responses/topdomains_package_4,report_collection,whois.nic.quest | Verified registered + DOMAIN NOT FOUND | Added CentralNic-family adapter,"","","","",""
411,garden,delegated,unknown,2026-09-19,docs/audits/whois-parser-top1000-package-2-2026-09-19.md,spec/fixtures/responses/top1000_package_2,report_collection,[whois.nic.garden] | parser_missing | unknown | Blank | Port-43 sample google.garden returned Reserved Domain Name; reserved/negative evidence is not treated as availability and no parser was added.,"","","","",""
412,now,delegated,unknown,2026-09-19,docs/audits/whois-parser-top1000-package-2-2026-09-19.md,spec/fixtures/responses/top1000_package_2,report_collection,[whois.nic.now] | parser_missing | unavailable | Blank | Port-43 current probe for google.now produced timeout or empty response; no parser claim is made.,"","","","",""
413,microsoftofficehub,undelegated,classification_only,2026-09-19,docs/audits/whois-parser-top1000-package-4-2026-09-19.md,spec/fixtures/responses/topdomains_package_4,report_collection,"none | Excluded, undelegated | Classification only","","","","",""
414,blue,delegated,unknown,2026-09-19,docs/audits/whois-parser-top1000-package-2-2026-09-19.md,spec/fixtures/responses/top1000_package_2,report_collection,"[whois.afilias.net] | parser_present_unverified | unknown | Whois::Parsers::WhoisAfiliasNet | Shared-host sample google.bet returned explicit unsupported notice (SHA-256 f74ad65a2639f4c00f578fa1f30cb7dc42c6bbd58929e08788a09887a0ab1d95); each TLD was not re-queried after rate limiting, so no per-TLD status is claimed.","","","","",""
415,sy,delegated,unknown,2026-09-19,docs/audits/whois-parser-top1000-package-5-2026-09-19.md,spec/fixtures/responses/top1000_package5,report_collection,whois.tld.sy | endpoint unavailable | Unknown; no parser,"","","","",""
416,undefined,undelegated,classification_only,2026-09-19,docs/audits/whois-parser-top1000-package-5-2026-09-19.md,spec/fixtures/responses/top1000_package5,report_collection,no server | undelegated; excluded | No parser,"","","","",""
417,photos,delegated,explicit_unsupported,2026-09-19,docs/audits/whois-parser-top1000-package-4-2026-09-19.md,spec/fixtures/responses/topdomains_package_4,report_collection,whois.nic.photos | Verified explicit unsupported-TLD denial | Added unavailable adapter,"","","","",""
418,swiss,delegated,paired,2026-09-19,docs/audits/whois-parser-top1000-package-5-2026-09-19.md,spec/fixtures/responses/top1000_package5,report_collection,whois.nic.swiss | registered + authoritative absence | Adapter/fixture,"","","","",""
419,bar,delegated,unknown,2026-09-19,docs/audits/whois-parser-top1000-package-3-2026-09-19.md,spec/fixtures/responses/top1000_package3,report_collection,whois.nic.bar | verified | Added BaseTop1000Icann adapter with exact current markers,"","","","",""
420,bond,delegated,registered_only,2026-09-19,docs/audits/whois-parser-top1000-package-2-2026-09-19.md,spec/fixtures/responses/top1000_package_2,report_collection,[whois.nic.bond] | parser_missing | verified_registered | Whois::Parsers::WhoisNicBond | Port-43 registered sample google.bond; SHA-256 8e0847ae16018a205b16841fe9cd90a7e11a914c51d8e3a8837621079fe45459.,"","","","",""
421,family,delegated,explicit_unsupported,2026-09-19,docs/audits/whois-parser-top1000-package-2-2026-09-19.md,spec/fixtures/responses/top1000_package_2,report_collection,[whois.nic.family] | parser_missing | verified_unavailable | Whois::Parsers::WhoisNicFamily | Port-43 explicit TLD is not supported sample google.family; SHA-256 245c39097bf77ea67b65b16ec2b5608bc6b1811220c45acaa3e4a7305c7c6b8d.,"","","","",""
422,foundation,delegated,registered_only,2026-09-19,docs/audits/whois-parser-top1000-package-2-2026-09-19.md,spec/fixtures/responses/top1000_package_2,report_collection,[whois.nic.foundation] | parser_missing | verified_registered | Whois::Parsers::WhoisNicFoundation | Port-43 registered sample google.foundation; SHA-256 c8c224b9cdc69c23d858d4ca633c352cf9044c6475f4286fe1992496e7d70055.,"","","","",""
423,bike,delegated,explicit_unsupported,2026-09-19,docs/audits/whois-parser-top1000-package-2-2026-09-19.md,spec/fixtures/responses/top1000_package_2,report_collection,[whois.nic.bike] | parser_missing | verified_unavailable | Whois::Parsers::WhoisNicBike | Port-43 explicit TLD is not supported sample google.bike; SHA-256 313d1d08286ccf7d252fa74bf53612f0942f1350b7d1edef67bd7c2987c0eaef.,"","","","",""
424,pizza,delegated,explicit_unsupported,2026-09-19,docs/audits/whois-parser-top1000-package-2-2026-09-19.md,spec/fixtures/responses/top1000_package_2,report_collection,[whois.nic.pizza] | parser_missing | verified_unavailable | Whois::Parsers::WhoisNicPizza | Port-43 explicit TLD is not supported sample google.pizza; SHA-256 d7697aa95d478017dc14903f5a9af987258fc1d60a86a90d40d7026378525bfd.,"","","","",""
425,mom,delegated,unknown,2026-09-19,docs/audits/whois-parser-top1000-package-1-2026-09-19.md,spec/fixtures/responses/top1000_package1,report_collection,Source report lists only an unavailable endpoint result.,"","","","",""
426,earth,delegated,unknown,2026-09-19,docs/audits/whois-parser-top1000-package-1-2026-09-19.md,spec/fixtures/responses/top1000_package1,report_collection,Source report lists this row as classification-only.,"","","","",""
427,army,delegated,explicit_unsupported,2026-09-19,docs/audits/whois-parser-top1000-package-3-2026-09-19.md,spec/fixtures/responses/top1000_package3,report_collection,whois.nic.army | unavailable | Added BaseUnsupportedRegistry adapter; exact TLD-not-supported response raises unavailable,"","","","",""
428,school,delegated,unknown,2026-09-19,docs/audits/whois-parser-top1000-package-1-2026-09-19.md,spec/fixtures/responses/top1000_package1,report_collection,Source report lists only an unavailable endpoint result.,"","","","",""
429,xin,delegated,unknown,2026-09-19,docs/audits/whois-parser-top1000-package-3-2026-09-19.md,spec/fixtures/responses/top1000_package3,report_collection,whois.nic.xin | verified | Added BaseTop1000Icann adapter with exact current markers,"","","","",""
430,rip,delegated,explicit_unsupported,2026-09-19,docs/audits/whois-parser-top1000-package-2-2026-09-19.md,spec/fixtures/responses/top1000_package_2,report_collection,[whois.nic.rip] | parser_missing | verified_unavailable | Whois::Parsers::WhoisNicRip | Port-43 explicit TLD is not supported sample google.rip; SHA-256 6faecca3abacf2b8aede69c517db511592576722768f4b6cca7e91b49a0eee52.,"","","","",""
431,autos,delegated,unknown,2026-09-19,docs/audits/whois-parser-top1000-package-2-2026-09-19.md,spec/fixtures/responses/top1000_package_2,report_collection,"[whois.afilias.net] | parser_present_unverified | unknown | Whois::Parsers::WhoisAfiliasNet | Shared-host sample google.bet returned explicit unsupported notice (SHA-256 f74ad65a2639f4c00f578fa1f30cb7dc42c6bbd58929e08788a09887a0ab1d95); each TLD was not re-queried after rate limiting, so no per-TLD status is claimed.","","","","",""
432,ooo,delegated,registered_only,2026-09-19,docs/audits/whois-parser-top1000-package-2-2026-09-19.md,spec/fixtures/responses/top1000_package_2,report_collection,[whois.nic.ooo] | parser_missing | verified_registered | Whois::Parsers::WhoisNicOoo | Port-43 registered sample google.ooo; SHA-256 12822117efa14012d7c7e62a24a55b86d833180aa709f5348763111ccfa69a17.,"","","","",""
433,coffee,delegated,explicit_unsupported,2026-09-19,docs/audits/whois-parser-top1000-package-4-2026-09-19.md,spec/fixtures/responses/topdomains_package_4,report_collection,whois.nic.coffee | Verified explicit unsupported-TLD denial | Added unavailable adapter,"","","","",""
434,security,delegated,paired,2026-09-19,docs/audits/whois-parser-top1000-package-1-2026-09-19.md,spec/fixtures/responses/top1000_package1,report_collection,whois.nic.security | Whois::Parsers::WhoisNicSecurity | CentralNic ICANN record; DOMAIN NOT FOUND absence marker,"","","","",""
435,golf,delegated,unknown,2026-09-19,docs/audits/whois-parser-top1000-package-1-2026-09-19.md,spec/fixtures/responses/top1000_package1,report_collection,Source report lists only an unavailable endpoint result.,"","","","",""
436,download,delegated,unknown,2026-09-19,docs/audits/whois-parser-top1000-package-4-2026-09-19.md,spec/fixtures/responses/topdomains_package_4,report_collection,"whois.nic.download | Unknown, query limit exceeded | No parser conclusion","","","","",""
437,tips,delegated,explicit_unsupported,2026-09-19,docs/audits/whois-parser-top1000-package-2-2026-09-19.md,spec/fixtures/responses/top1000_package_2,report_collection,[whois.nic.tips] | parser_missing | verified_unavailable | Whois::Parsers::WhoisNicTips | Port-43 explicit TLD is not supported sample google.tips; SHA-256 7ecba42b44ee96189f4baf267169f3e664f020fa56e97a6ea366c176822d1eea.,"","","","",""
438,careers,delegated,explicit_unsupported,2026-09-19,docs/audits/whois-parser-top1000-package-2-2026-09-19.md,spec/fixtures/responses/top1000_package_2,report_collection,[whois.nic.careers] | parser_missing | verified_unavailable | Whois::Parsers::WhoisNicCareers | Port-43 explicit TLD is not supported sample google.careers; SHA-256 cc1f3fe89786129a23e4a43a18eb98fdebb148defd9f6279d011bccb489ae8e8.,"","","","",""
439,capital,delegated,explicit_unsupported,2026-09-19,docs/audits/whois-parser-top1000-package-3-2026-09-19.md,spec/fixtures/responses/top1000_package3,report_collection,whois.nic.capital | unavailable | Added BaseUnsupportedRegistry adapter; exact TLD-not-supported response raises unavailable,"","","","",""
440,scot,delegated,paired,2026-09-19,docs/audits/whois-parser-top1000-package-5-2026-09-19.md,spec/fixtures/responses/top1000_package5,report_collection,whois.nic.scot | registered + authoritative absence | Adapter/fixture,"","","","",""
441,berlin,delegated,unknown,2026-09-19,docs/audits/whois-parser-top1000-package-3-2026-09-19.md,spec/fixtures/responses/top1000_package3,report_collection,whois.nic.berlin | verified | Added BaseTop1000Icann adapter with exact current markers,"","","","",""
442,porn,delegated,unknown,2026-09-19,docs/audits/whois-parser-top1000-package-1-2026-09-19.md,spec/fixtures/responses/top1000_package1,report_collection,Source report lists only an unavailable endpoint result.,"","","","",""
443,guide,delegated,unknown,2026-09-19,docs/audits/whois-parser-top1000-package-1-2026-09-19.md,spec/fixtures/responses/top1000_package1,report_collection,Source report lists only an unavailable endpoint result.,"","","","",""
444,farm,delegated,explicit_unsupported,2026-09-19,docs/audits/whois-parser-top1000-package-5-2026-09-19.md,spec/fixtures/responses/top1000_package5,report_collection,whois.nic.farm | explicit registry denial | No fake support,"","","","",""
445,sap,delegated,unknown,2026-09-19,docs/audits/whois-parser-top1000-package-3-2026-09-19.md,spec/fixtures/responses/top1000_package3,report_collection,whois.nic.sap | verified | Added BaseTop1000Icann adapter with exact current markers,"","","","",""
446,boo,delegated,unknown,2026-09-19,docs/audits/whois-parser-top1000-package-3-2026-09-19.md,spec/fixtures/responses/top1000_package3,report_collection,"whois.nic.google | unknown | Port-43 response unresolved (DNS failure, timeout, or connection reset); no parser conclusion","","","","",""
447,church,delegated,unknown,2026-09-19,docs/audits/whois-parser-top1000-package-1-2026-09-19.md,spec/fixtures/responses/top1000_package1,report_collection,Source report lists only an unavailable endpoint result.,"","","","",""
448,baby,delegated,paired,2026-09-19,docs/audits/whois-parser-top1000-package-4-2026-09-19.md,spec/fixtures/responses/topdomains_package_4,report_collection,whois.nic.baby | Verified registered + DOMAIN NOT FOUND | Added CentralNic-family adapter,"","","","",""
449,place,delegated,explicit_unsupported,2026-09-19,docs/audits/whois-parser-top1000-package-3-2026-09-19.md,spec/fixtures/responses/top1000_package3,report_collection,whois.nic.place | unavailable | Added BaseUnsupportedRegistry adapter; exact TLD-not-supported response raises unavailable,"","","","",""
450,nyc,delegated,unknown,2026-09-19,docs/audits/whois-parser-top1000-package-4-2026-09-19.md,spec/fixtures/responses/topdomains_package_4,report_collection,"whois.nic.nyc | Unknown, query limit exceeded/reset | No parser conclusion","","","","",""
451,tube,delegated,unknown,2026-09-19,docs/audits/whois-parser-top1000-package-2-2026-09-19.md,spec/fixtures/responses/top1000_package_2,report_collection,— | adapter_none_excluded | excluded | classification-only | No implementation: server adapter is None.,"","","","",""
452,legal,delegated,explicit_unsupported,2026-09-19,docs/audits/whois-parser-top1000-package-4-2026-09-19.md,spec/fixtures/responses/topdomains_package_4,report_collection,whois.nic.legal | Verified explicit unsupported-TLD denial | Added unavailable adapter,"","","","",""
453,fans,delegated,paired,2026-09-19,docs/audits/whois-parser-top1000-package-4-2026-09-19.md,spec/fixtures/responses/topdomains_package_4,report_collection,whois.nic.fans | Verified registered + DOMAIN NOT FOUND | Added CentralNic-family adapter,"","","","",""
454,gallery,delegated,unknown,2026-09-19,docs/audits/whois-parser-top1000-package-1-2026-09-19.md,spec/fixtures/responses/top1000_package1,report_collection,Source report lists only an unavailable endpoint result.,"","","","",""
455,photo,delegated,unknown,2026-09-19,docs/audits/whois-parser-top1000-package-1-2026-09-19.md,spec/fixtures/responses/top1000_package1,report_collection,Source report lists only an unavailable endpoint result.,"","","","",""
456,skin,delegated,registered_only,2026-09-19,docs/audits/whois-parser-top1000-package-2-2026-09-19.md,spec/fixtures/responses/top1000_package_2,report_collection,[whois.nic.skin] | parser_missing | verified_registered | Whois::Parsers::WhoisNicSkin | Port-43 registered sample google.skin; SHA-256 98a37374af6b628703b9325abb57610688c5ba4a0233840d2925e38a9f1b8fd0.,"","","","",""
457,gq,delegated,unknown,2026-09-19,docs/audits/whois-parser-top1000-package-2-2026-09-19.md,spec/fixtures/responses/top1000_package_2,report_collection,[whois.dominio.gq] | parser_missing | verified_unavailable | Whois::Parsers::WhoisDominioGq | Port-43 response says the TLD has no WHOIS server; sample google.gq; SHA-256 edadc206502ecd1567a126faa067129479c4d06d0d377163f613f784294edc34.,"","","","",""
458,zip,delegated,unknown,2026-09-19,docs/audits/whois-parser-top1000-package-3-2026-09-19.md,spec/fixtures/responses/top1000_package3,report_collection,"whois.nic.google | unknown | Port-43 response unresolved (DNS failure, timeout, or connection reset); no parser conclusion","","","","",""
459,wang,delegated,paired,2026-09-19,docs/audits/whois-parser-top1000-package-5-2026-09-19.md,spec/fixtures/responses/top1000_package5,report_collection,whois.gtld.knet.cn | registered + authoritative absence | Adapter/fixture,"","","","",""
460,free,delegated,unknown,2026-09-19,docs/audits/whois-parser-top1000-package-4-2026-09-19.md,spec/fixtures/responses/topdomains_package_4,report_collection,"whois.nic.free | Unknown, empty/timeout response | No parser conclusion","","","","",""
461,nrw,delegated,unknown,2026-09-19,docs/audits/whois-parser-top1000-package-3-2026-09-19.md,spec/fixtures/responses/top1000_package3,report_collection,whois.nic.nrw | verified | Added BaseTop1000Icann adapter with exact current markers,"","","","",""
462,cab,delegated,explicit_unsupported,2026-09-19,docs/audits/whois-parser-top1000-package-5-2026-09-19.md,spec/fixtures/responses/top1000_package5,report_collection,whois.nic.cab | explicit registry denial | No fake support,"","","","",""
463,beauty,delegated,paired,2026-09-19,docs/audits/whois-parser-top1000-package-5-2026-09-19.md,spec/fixtures/responses/top1000_package5,report_collection,whois.nic.beauty | registered + authoritative absence | Adapter/fixture,"","","","",""
464,surf,delegated,unknown,2026-09-19,docs/audits/whois-parser-top1000-package-3-2026-09-19.md,spec/fixtures/responses/top1000_package3,report_collection,whois.nic.surf | verified | Added BaseTop1000Icann adapter with exact current markers,"","","","",""
465,dummy,undelegated,classification_only,2026-09-19,docs/audits/whois-parser-top1000-package-3-2026-09-19.md,spec/fixtures/responses/top1000_package3,report_collection,— | excluded | ICANN undelegated; classification-only,"","","","",""
466,science,delegated,unknown,2026-09-19,docs/audits/whois-parser-top1000-package-4-2026-09-19.md,spec/fixtures/responses/topdomains_package_4,report_collection,"whois.nic.science | Unknown, query limit exceeded | No parser conclusion","","","","",""
467,cards,delegated,explicit_unsupported,2026-09-19,docs/audits/whois-parser-top1000-package-4-2026-09-19.md,spec/fixtures/responses/topdomains_package_4,report_collection,whois.nic.cards | Verified explicit unsupported-TLD denial | Added unavailable adapter,"","","","",""
468,law,delegated,absence_only,2026-09-19,docs/audits/whois-parser-top1000-package-1-2026-09-19.md,spec/fixtures/responses/top1000_package1,report_collection,whois.nic.law | No Data Found absence marker only,"","","","",""
469,con,undelegated,classification_only,2026-09-19,docs/audits/whois-parser-top1000-package-4-2026-09-19.md,spec/fixtures/responses/topdomains_package_4,report_collection,"none | Excluded, undelegated | Classification only","","","","",""
470,gmbh,delegated,explicit_unsupported,2026-09-19,docs/audits/whois-parser-top1000-package-4-2026-09-19.md,spec/fixtures/responses/topdomains_package_4,report_collection,whois.nic.gmbh | Verified explicit unsupported-TLD denial | Added unavailable adapter,"","","","",""
471,sale,delegated,unknown,2026-09-19,docs/audits/whois-parser-top1000-package-1-2026-09-19.md,spec/fixtures/responses/top1000_package1,report_collection,Source report lists only an unavailable endpoint result.,"","","","",""
472,deals,delegated,explicit_unsupported,2026-09-19,docs/audits/whois-parser-top1000-package-2-2026-09-19.md,spec/fixtures/responses/top1000_package_2,report_collection,[whois.nic.deals] | parser_missing | verified_unavailable | Whois::Parsers::WhoisNicDeals | Port-43 explicit TLD is not supported sample google.deals; SHA-256 061b2f8149869937de8452e4f497219c18dfd824f870bde412eab0842f9f1cba.,"","","","",""
473,london,delegated,registered_only,2026-09-19,docs/audits/whois-parser-top1000-package-2-2026-09-19.md,spec/fixtures/responses/top1000_package_2,report_collection,[whois.nic.london] | parser_missing | verified_registered | Whois::Parsers::WhoisNicLondon | Port-43 registered sample google.london; SHA-256 b0bfbb4f77f55c63ce2cf6d35e44dc7e972d4a600ec97ffe4665b033f9b78a0d.,"","","","",""
474,report,delegated,unknown,2026-09-19,docs/audits/whois-parser-top1000-package-1-2026-09-19.md,spec/fixtures/responses/top1000_package1,report_collection,Source report lists only an unavailable endpoint result.,"","","","",""
475,pictures,delegated,unknown,2026-09-19,docs/audits/whois-parser-top1000-package-1-2026-09-19.md,spec/fixtures/responses/top1000_package1,report_collection,Source report lists only an unavailable endpoint result.,"","","","",""
476,forum,delegated,unknown,2026-09-19,docs/audits/whois-parser-top1000-package-1-2026-09-19.md,spec/fixtures/responses/top1000_package1,report_collection,Source report lists only an unavailable endpoint result.,"","","","",""
477,kim,delegated,unknown,2026-09-19,docs/audits/whois-parser-top1000-package-2-2026-09-19.md,spec/fixtures/responses/top1000_package_2,report_collection,"[whois.afilias.net] | parser_present_unverified | unknown | Whois::Parsers::WhoisAfiliasNet | Shared-host sample google.bet returned explicit unsupported notice (SHA-256 f74ad65a2639f4c00f578fa1f30cb7dc42c6bbd58929e08788a09887a0ab1d95); each TLD was not re-queried after rate limiting, so no per-TLD status is claimed.","","","","",""
478,comhttp,undelegated,classification_only,2026-09-19,docs/audits/whois-parser-top1000-package-5-2026-09-19.md,spec/fixtures/responses/top1000_package5,report_collection,no server | undelegated; excluded | No parser,"","","","",""
479,men,delegated,paired,2026-09-19,docs/audits/whois-parser-top1000-package-5-2026-09-19.md,spec/fixtures/responses/top1000_package5,report_collection,whois.nic.men | registered + authoritative absence | Adapter/fixture,"","","","",""
480,webcam,delegated,registered_only,2026-09-19,docs/audits/whois-parser-top1000-package-2-2026-09-19.md,spec/fixtures/responses/top1000_package_2,report_collection,[whois.nic.webcam] | parser_missing | verified_registered | Whois::Parsers::WhoisNicWebcam | Port-43 registered sample google.webcam; SHA-256 498c65cf9fc9fadea1fd2c38a4f8eddab99f7935bfff64e1eeb6c70c4f319961.,"","","","",""
481,style,delegated,explicit_unsupported,2026-09-19,docs/audits/whois-parser-top1000-package-3-2026-09-19.md,spec/fixtures/responses/top1000_package3,report_collection,whois.nic.style | unavailable | Added BaseUnsupportedRegistry adapter; exact TLD-not-supported response raises unavailable,"","","","",""
482,town,delegated,explicit_unsupported,2026-09-19,docs/audits/whois-parser-top1000-package-2-2026-09-19.md,spec/fixtures/responses/top1000_package_2,report_collection,[whois.nic.town] | parser_missing | verified_unavailable | Whois::Parsers::WhoisNicTown | Port-43 explicit TLD is not supported sample google.town; SHA-256 e5cfdc2692fa7c6c33984c10c07539053900f278e01f5bb1e24533db1e1104e4.,"","","","",""
483,eco,delegated,paired,2026-09-19,docs/audits/whois-parser-top1000-package-1-2026-09-19.md,spec/fixtures/responses/top1000_package1,report_collection,whois.nic.eco | Whois::Parsers::WhoisNicEco | CIRA record; Not found: absence marker,"","","","",""
484,bank,delegated,absence_only,2026-09-19,docs/audits/whois-parser-top1000-package-2-2026-09-19.md,spec/fixtures/responses/top1000_package_2,report_collection,[whois.nic.bank] | parser_missing | verified_available | Whois::Parsers::WhoisNicBank | Port-43 exact No Data Found sample google.bank; SHA-256 123a3978c63894944cd91bc81ea185d677c02495e21905740ce23087136e76b8.,"","","","",""
485,ing,delegated,unknown,2026-09-19,docs/audits/whois-parser-top1000-package-3-2026-09-19.md,spec/fixtures/responses/top1000_package3,report_collection,"whois.nic.google | unknown | Port-43 response unresolved (DNS failure, timeout, or connection reset); no parser conclusion","","","","",""
486,day,delegated,unknown,2026-09-19,docs/audits/whois-parser-top1000-package-3-2026-09-19.md,spec/fixtures/responses/top1000_package3,report_collection,"whois.nic.google | unknown | Port-43 response unresolved (DNS failure, timeout, or connection reset); no parser conclusion","","","","",""
487,desi,delegated,unknown,2026-09-19,docs/audits/whois-parser-top1000-package-2-2026-09-19.md,spec/fixtures/responses/top1000_package_2,report_collection,[whois.nic.desi] | parser_missing | unavailable | Blank | Port-43 current probe for google.desi produced timeout or empty response; no parser claim is made.,"","","","",""
488,directory,delegated,explicit_unsupported,2026-09-19,docs/audits/whois-parser-top1000-package-4-2026-09-19.md,spec/fixtures/responses/topdomains_package_4,report_collection,whois.nic.directory | Verified explicit unsupported-TLD denial | Added unavailable adapter,"","","","",""
489,study,delegated,registered_only,2026-09-19,docs/audits/whois-parser-top1000-package-2-2026-09-19.md,spec/fixtures/responses/top1000_package_2,report_collection,[whois.nic.study] | parser_missing | verified_registered | Whois::Parsers::WhoisNicStudy | Port-43 registered sample google.study; SHA-256 bddfbddd1bd2a0044a015994f6bede08a3681f10f89ca2cd6e7b4f95a034b7c0.,"","","","",""
490,wine,delegated,unknown,2026-09-19,docs/audits/whois-parser-top1000-package-1-2026-09-19.md,spec/fixtures/responses/top1000_package1,report_collection,Source report lists only an unavailable endpoint result.,"","","","",""
491,parts,delegated,explicit_unsupported,2026-09-19,docs/audits/whois-parser-top1000-package-5-2026-09-19.md,spec/fixtures/responses/top1000_package5,report_collection,whois.nic.parts | explicit registry denial | No fake support,"","","","",""
492,solar,delegated,explicit_unsupported,2026-09-19,docs/audits/whois-parser-top1000-package-1-2026-09-19.md,spec/fixtures/responses/top1000_package1,report_collection,whois.nic.solar | Whois::Parsers::WhoisNicSolar | TLD is not supported.,"","","","",""
493,gay,delegated,unknown,2026-09-19,docs/audits/whois-parser-top1000-package-1-2026-09-19.md,spec/fixtures/responses/top1000_package1,report_collection,Source report lists this row as classification-only.,"","","","",""
494,gal,delegated,paired,2026-09-19,docs/audits/whois-parser-top1000-package-5-2026-09-19.md,spec/fixtures/responses/top1000_package5,report_collection,whois.nic.gal | registered + authoritative absence | Adapter/fixture,"","","","",""
495,ist,delegated,unknown,2026-09-19,docs/audits/whois-parser-top1000-package-1-2026-09-19.md,spec/fixtures/responses/top1000_package1,report_collection,Source report lists only an unavailable endpoint result.,"","","","",""
496,industries,delegated,unknown,2026-09-19,docs/audits/whois-parser-top1000-package-1-2026-09-19.md,spec/fixtures/responses/top1000_package1,report_collection,Source report lists only an unavailable endpoint result.,"","","","",""
497,menu,delegated,unknown,2026-09-19,docs/audits/whois-parser-top1000-package-1-2026-09-19.md,spec/fixtures/responses/top1000_package1,report_collection,Source report lists only an unavailable endpoint result.,"","","","",""
498,clinic,delegated,explicit_unsupported,2026-09-19,docs/audits/whois-parser-top1000-package-5-2026-09-19.md,spec/fixtures/responses/top1000_package5,report_collection,whois.nic.clinic | explicit registry denial | No fake support,"","","","",""
499,management,delegated,explicit_unsupported,2026-09-19,docs/audits/whois-parser-top1000-package-4-2026-09-19.md,spec/fixtures/responses/topdomains_package_4,report_collection,whois.nic.management | Verified explicit unsupported-TLD denial | Added unavailable adapter,"","","","",""
500,ruhr,delegated,paired,2026-09-19,docs/audits/whois-parser-top1000-package-4-2026-09-19.md,spec/fixtures/responses/topdomains_package_4,report_collection,whois.nic.ruhr | Verified registered + DOMAIN NOT FOUND | Added CentralNic-family adapter,"","","","",""
501,pink,delegated,unknown,2026-09-19,docs/audits/whois-parser-top1000-package-2-2026-09-19.md,spec/fixtures/responses/top1000_package_2,report_collection,"[whois.afilias.net] | parser_present_unverified | unknown | Whois::Parsers::WhoisAfiliasNet | Shared-host sample google.bet returned explicit unsupported notice (SHA-256 f74ad65a2639f4c00f578fa1f30cb7dc42c6bbd58929e08788a09887a0ab1d95); each TLD was not re-queried after rate limiting, so no per-TLD status is claimed.","","","","",""
502,nc,delegated,absence_only,2026-09-19,docs/audits/whois-parser-top1000-package-4-2026-09-19.md,spec/fixtures/responses/topdomains_package_4,report_collection,whois.nc | Verified No entries found absence | Existing parser retained,"","","","",""
503,date,delegated,unknown,2026-09-19,docs/audits/whois-parser-top1000-package-4-2026-09-19.md,spec/fixtures/responses/topdomains_package_4,report_collection,"whois.nic.date | Unknown, query limit exceeded | No parser conclusion","","","","",""
504,computer,delegated,explicit_unsupported,2026-09-19,docs/audits/whois-parser-top1000-package-2-2026-09-19.md,spec/fixtures/responses/top1000_package_2,report_collection,[whois.nic.computer] | parser_missing | verified_unavailable | Whois::Parsers::WhoisNicComputer | Port-43 explicit TLD is not supported sample google.computer; SHA-256 1409fa6d0741513270dc812d51018b93fa6ba91f8a838596d887a26a77194b11.,"","","","",""
505,institute,delegated,explicit_unsupported,2026-09-19,docs/audits/whois-parser-top1000-package-2-2026-09-19.md,spec/fixtures/responses/top1000_package_2,report_collection,[whois.nic.institute] | parser_missing | verified_unavailable | Whois::Parsers::WhoisNicInstitute | Port-43 explicit TLD is not supported sample google.institute; SHA-256 ee9f91d07ef26240f18eb801c868d8c95d227415ddbd8db313015063d592a4b8.,"","","","",""
506,band,delegated,explicit_unsupported,2026-09-19,docs/audits/whois-parser-top1000-package-5-2026-09-19.md,spec/fixtures/responses/top1000_package5,report_collection,whois.nic.band | explicit registry denial | No fake support,"","","","",""
507,vin,delegated,explicit_unsupported,2026-09-19,docs/audits/whois-parser-top1000-package-5-2026-09-19.md,spec/fixtures/responses/top1000_package5,report_collection,whois.nic.vin | explicit registry denial | No fake support,"","","","",""
508,hair,delegated,unknown,2026-09-19,docs/audits/whois-parser-top1000-package-2-2026-09-19.md,spec/fixtures/responses/top1000_package_2,report_collection,— | adapter_none_excluded | excluded | classification-only | No implementation: server adapter is None.,"","","","",""
509,boutique,delegated,explicit_unsupported,2026-09-19,docs/audits/whois-parser-top1000-package-5-2026-09-19.md,spec/fixtures/responses/top1000_package5,report_collection,whois.nic.boutique | explicit registry denial | No fake support,"","","","",""
510,camera,delegated,explicit_unsupported,2026-09-19,docs/audits/whois-parser-top1000-package-4-2026-09-19.md,spec/fixtures/responses/topdomains_package_4,report_collection,whois.nic.camera | Verified explicit unsupported-TLD denial | Added unavailable adapter,"","","","",""
511,adsl,undelegated,classification_only,2026-09-19,docs/audits/whois-parser-top1000-package-3-2026-09-19.md,spec/fixtures/responses/top1000_package3,report_collection,— | excluded | ICANN undelegated; classification-only,"","","","",""
512,vet,delegated,explicit_unsupported,2026-09-19,docs/audits/whois-parser-top1000-package-2-2026-09-19.md,spec/fixtures/responses/top1000_package_2,report_collection,[whois.nic.vet] | parser_missing | verified_unavailable | Whois::Parsers::WhoisNicVet | Port-43 explicit TLD is not supported sample google.vet; SHA-256 eddd276d4a479ae7b5ffbc13b2ec80011cf60172cdec21238913e24a8f806df9.,"","","","",""
513,dating,delegated,explicit_unsupported,2026-09-19,docs/audits/whois-parser-top1000-package-5-2026-09-19.md,spec/fixtures/responses/top1000_package5,report_collection,whois.nic.dating | explicit registry denial | No fake support,"","","","",""
514,rent,delegated,unknown,2026-09-19,docs/audits/whois-parser-top1000-package-3-2026-09-19.md,spec/fixtures/responses/top1000_package3,report_collection,whois.nic.rent | verified | Added BaseTop1000Icann adapter with exact current markers,"","","","",""
515,fitness,delegated,explicit_unsupported,2026-09-19,docs/audits/whois-parser-top1000-package-5-2026-09-19.md,spec/fixtures/responses/top1000_package5,report_collection,whois.nic.fitness | explicit registry denial | No fake support,"","","","",""
516,fund,delegated,unknown,2026-09-19,docs/audits/whois-parser-top1000-package-1-2026-09-19.md,spec/fixtures/responses/top1000_package1,report_collection,Source report lists only an unavailable endpoint result.,"","","","",""
517,green,delegated,unknown,2026-09-19,docs/audits/whois-parser-top1000-package-2-2026-09-19.md,spec/fixtures/responses/top1000_package_2,report_collection,"[whois.afilias.net] | parser_present_unverified | unknown | Whois::Parsers::WhoisAfiliasNet | Shared-host sample google.bet returned explicit unsupported notice (SHA-256 f74ad65a2639f4c00f578fa1f30cb7dc42c6bbd58929e08788a09887a0ab1d95); each TLD was not re-queried after rate limiting, so no per-TLD status is claimed.","","","","",""
518,supply,delegated,unknown,2026-09-19,docs/audits/whois-parser-top1000-package-1-2026-09-19.md,spec/fixtures/responses/top1000_package1,report_collection,Source report lists only an unavailable endpoint result.,"","","","",""
519,consulting,delegated,explicit_unsupported,2026-09-19,docs/audits/whois-parser-top1000-package-5-2026-09-19.md,spec/fixtures/responses/top1000_package5,report_collection,whois.nic.consulting | explicit registry denial | No fake support,"","","","",""
520,builders,delegated,explicit_unsupported,2026-09-19,docs/audits/whois-parser-top1000-package-2-2026-09-19.md,spec/fixtures/responses/top1000_package_2,report_collection,[whois.nic.builders] | parser_missing | verified_unavailable | Whois::Parsers::WhoisNicBuilders | Port-43 explicit TLD is not supported sample google.builders; SHA-256 925d14c464980e2dfee80c0029fb624086834ca9e8d0d55355b249ebee7c9db2.,"","","","",""
521,sport,delegated,registered_only,2026-09-19,docs/audits/whois-parser-top1000-package-2-2026-09-19.md,spec/fixtures/responses/top1000_package_2,report_collection,[whois.nic.sport] | parser_missing | verified_registered | Whois::Parsers::WhoisNicSport | Port-43 registered sample google.sport; SHA-256 c6ffc4626b8f860829db9054863a5292f37bea9379826c47bab7fccb5e26c1b4.,"","","","",""
522,fish,delegated,explicit_unsupported,2026-09-19,docs/audits/whois-parser-top1000-package-2-2026-09-19.md,spec/fixtures/responses/top1000_package_2,report_collection,[whois.nic.fish] | parser_missing | verified_unavailable | Whois::Parsers::WhoisNicFish | Port-43 explicit TLD is not supported sample google.fish; SHA-256 fd1f47428b0e7c0e514624ed849203c1ffb871a87f56751d582645e7d4d19329.,"","","","",""
523,photography,delegated,explicit_unsupported,2026-09-19,docs/audits/whois-parser-top1000-package-3-2026-09-19.md,spec/fixtures/responses/top1000_package3,report_collection,whois.nic.photography | unavailable | Added BaseUnsupportedRegistry adapter; exact TLD-not-supported response raises unavailable,"","","","",""
524,wales,delegated,unknown,2026-09-19,docs/audits/whois-parser-top1000-package-5-2026-09-19.md,spec/fixtures/responses/top1000_package5,report_collection,whois.nic.wales | endpoint unavailable | Unknown; no parser,"","","","",""
525,lc,delegated,paired,2026-09-19,docs/audits/whois-parser-top1000-package-5-2026-09-19.md,spec/fixtures/responses/top1000_package5,report_collection,whois.afilias-grs.info | registered + authoritative absence | Existing parser verified,"","","","",""
526,bradesco,delegated,unknown,2026-09-19,docs/audits/whois-parser-top1000-package-2-2026-09-19.md,spec/fixtures/responses/top1000_package_2,report_collection,[whois.nic.bradesco] | parser_missing | unknown | Blank | Port-43 sample google.bradesco returned Domain not found.; reserved/negative evidence is not treated as availability and no parser was added.,"","","","",""
527,pf,delegated,unknown,2026-09-19,docs/audits/whois-parser-top1000-package-2-2026-09-19.md,spec/fixtures/responses/top1000_package_2,report_collection,[whois.registry.pf] | parser_missing | unavailable | Blank | Port-43 current probe for google.pf produced timeout or empty response; no parser claim is made.,"","","","",""
528,shopping,delegated,explicit_unsupported,2026-09-19,docs/audits/whois-parser-top1000-package-4-2026-09-19.md,spec/fixtures/responses/topdomains_package_4,report_collection,whois.nic.shopping | Verified explicit unsupported-TLD denial | Added unavailable adapter,"","","","",""
529,dad,delegated,unknown,2026-09-19,docs/audits/whois-parser-top1000-package-3-2026-09-19.md,spec/fixtures/responses/top1000_package3,report_collection,"whois.nic.google | unknown | Port-43 response unresolved (DNS failure, timeout, or connection reset); no parser conclusion","","","","",""
530,cymru,delegated,unknown,2026-09-19,docs/audits/whois-parser-top1000-package-5-2026-09-19.md,spec/fixtures/responses/top1000_package5,report_collection,whois.nic.cymru | endpoint unavailable | Unknown; no parser,"","","","",""
531,coach,delegated,explicit_unsupported,2026-09-19,docs/audits/whois-parser-top1000-package-2-2026-09-19.md,spec/fixtures/responses/top1000_package_2,report_collection,[whois.nic.coach] | parser_missing | verified_unavailable | Whois::Parsers::WhoisNicCoach | Port-43 explicit TLD is not supported sample google.coach; SHA-256 2a32a148815be8fa3f40ad7b1715b5376c163741431bfe0a8d5f4984c673265e.,"","","","",""
532,promo,delegated,unknown,2026-09-19,docs/audits/whois-parser-top1000-package-2-2026-09-19.md,spec/fixtures/responses/top1000_package_2,report_collection,"[whois.afilias.net] | parser_present_unverified | unknown | Whois::Parsers::WhoisAfiliasNet | Shared-host sample google.bet returned explicit unsupported notice (SHA-256 f74ad65a2639f4c00f578fa1f30cb7dc42c6bbd58929e08788a09887a0ab1d95); each TLD was not re-queried after rate limiting, so no per-TLD status is claimed.","","","","",""
533,estate,delegated,explicit_unsupported,2026-09-19,docs/audits/whois-parser-top1000-package-3-2026-09-19.md,spec/fixtures/responses/top1000_package3,report_collection,whois.nic.estate | unavailable | Added BaseUnsupportedRegistry adapter; exact TLD-not-supported response raises unavailable,"","","","",""
534,mc,delegated,unknown,2026-09-19,docs/audits/whois-parser-top1000-package-4-2026-09-19.md,spec/fixtures/responses/topdomains_package_4,report_collection,"None adapter | Excluded, adapter is None | Classification only","","","","",""
535,training,delegated,explicit_unsupported,2026-09-19,docs/audits/whois-parser-top1000-package-2-2026-09-19.md,spec/fixtures/responses/top1000_package_2,report_collection,[whois.nic.training] | parser_missing | verified_unavailable | Whois::Parsers::WhoisNicTraining | Port-43 explicit TLD is not supported sample google.training; SHA-256 10c0ad712496751cf27e20eb22e43b62a71b30c33a6fb0154cfa5b58f33c8f2e.,"","","","",""
536,tours,delegated,unknown,2026-09-19,docs/audits/whois-parser-top1000-package-1-2026-09-19.md,spec/fixtures/responses/top1000_package1,report_collection,Source report lists only an unavailable endpoint result.,"","","","",""
537,godaddy,delegated,unknown,2026-09-19,docs/audits/whois-parser-top1000-package-1-2026-09-19.md,spec/fixtures/responses/top1000_package1,report_collection,Source report lists only an unavailable endpoint result.,"","","","",""
538,radio,delegated,paired,2026-09-19,docs/audits/whois-parser-top1000-package-1-2026-09-19.md,spec/fixtures/responses/top1000_package1,report_collection,whois.nic.radio | Whois::Parsers::WhoisNicRadio | CentralNic ICANN record; DOMAIN NOT FOUND absence marker,"","","","",""
539,film,delegated,unknown,2026-09-19,docs/audits/whois-parser-top1000-package-4-2026-09-19.md,spec/fixtures/responses/topdomains_package_4,report_collection,whois.nic.film | Verified reserved-domain response | Added reservation safety adapter,"","","","",""
540,gle,delegated,unknown,2026-09-19,docs/audits/whois-parser-top1000-package-3-2026-09-19.md,spec/fixtures/responses/top1000_package3,report_collection,"whois.nic.google | unknown | Port-43 response unresolved (DNS failure, timeout, or connection reset); no parser conclusion","","","","",""
541,yachts,delegated,unknown,2026-09-19,docs/audits/whois-parser-top1000-package-1-2026-09-19.md,spec/fixtures/responses/top1000_package1,report_collection,Source report lists only an unavailable endpoint result.,"","","","",""
542,mov,delegated,unknown,2026-09-19,docs/audits/whois-parser-top1000-package-3-2026-09-19.md,spec/fixtures/responses/top1000_package3,report_collection,"whois.nic.google | unknown | Port-43 response unresolved (DNS failure, timeout, or connection reset); no parser conclusion","","","","",""
543,college,delegated,paired,2026-09-19,docs/audits/whois-parser-top1000-package-4-2026-09-19.md,spec/fixtures/responses/topdomains_package_4,report_collection,whois.nic.college | Verified registered + DOMAIN NOT FOUND | Existing CentralNic-family parser retained,"","","","",""
544,boats,delegated,unknown,2026-09-19,docs/audits/whois-parser-top1000-package-1-2026-09-19.md,spec/fixtures/responses/top1000_package1,report_collection,Source report lists only an unavailable endpoint result.,"","","","",""
545,comhttps,undelegated,classification_only,2026-09-19,docs/audits/whois-parser-top1000-package-5-2026-09-19.md,spec/fixtures/responses/top1000_package5,report_collection,no server | undelegated; excluded | No parser,"","","","",""
546,lgbt,delegated,unknown,2026-09-19,docs/audits/whois-parser-top1000-package-2-2026-09-19.md,spec/fixtures/responses/top1000_package_2,report_collection,"[whois.afilias.net] | parser_present_unverified | unknown | Whois::Parsers::WhoisAfiliasNet | Shared-host sample google.bet returned explicit unsupported notice (SHA-256 f74ad65a2639f4c00f578fa1f30cb7dc42c6bbd58929e08788a09887a0ab1d95); each TLD was not re-queried after rate limiting, so no per-TLD status is claimed.","","","","",""
547,sex,delegated,unknown,2026-09-19,docs/audits/whois-parser-top1000-package-1-2026-09-19.md,spec/fixtures/responses/top1000_package1,report_collection,Source report lists only an unavailable endpoint result.,"","","","",""
548,courses,delegated,unknown,2026-09-19,docs/audits/whois-parser-top1000-package-5-2026-09-19.md,spec/fixtures/responses/top1000_package5,report_collection,whois.aridnrs.net.au | endpoint unavailable | Unknown; no parser,"","","","",""
549,sd,delegated,unknown,2026-09-19,docs/audits/whois-parser-top1000-package-1-2026-09-19.md,spec/fixtures/responses/top1000_package1,report_collection,Source report lists this row as classification-only.,"","","","",""
550,auction,delegated,explicit_unsupported,2026-09-19,docs/audits/whois-parser-top1000-package-2-2026-09-19.md,spec/fixtures/responses/top1000_package_2,report_collection,[whois.nic.auction] | parser_missing | verified_unavailable | Whois::Parsers::WhoisNicAuction | Port-43 explicit TLD is not supported sample google.auction; SHA-256 712f3644573e02db00733724849b71dde8b0d43934c3d5ab9f5fdbd7de2a0f8c.,"","","","",""
551,loan,delegated,unknown,2026-09-19,docs/audits/whois-parser-top1000-package-4-2026-09-19.md,spec/fixtures/responses/topdomains_package_4,report_collection,"whois.nic.loan | Unknown, query limit exceeded/reset | No parser conclusion","","","","",""
552,yoga,delegated,registered_only,2026-09-19,docs/audits/whois-parser-top1000-package-2-2026-09-19.md,spec/fixtures/responses/top1000_package_2,report_collection,[whois.nic.yoga] | parser_missing | verified_registered | Whois::Parsers::WhoisNicYoga | Port-43 registered sample google.yoga; SHA-256 38b7c58ed19820f2853a94f788dbd2dffa6c317da4b9dd9c1b402bcbda896867.,"","","","",""
553,yt,delegated,paired,2026-09-19,docs/audits/whois-parser-top1000-package-5-2026-09-19.md,spec/fixtures/responses/top1000_package5,report_collection,whois.nic.yt | registered + authoritative absence | Adapter/fixture,"","","","",""
554,fashion,delegated,unknown,2026-09-19,docs/audits/whois-parser-top1000-package-1-2026-09-19.md,spec/fixtures/responses/top1000_package1,report_collection,whois.nic.fashion | Reserved Domain Name response only,"","","","",""
555,amsterdam,delegated,paired,2026-09-19,docs/audits/whois-parser-top1000-package-5-2026-09-19.md,spec/fixtures/responses/top1000_package5,report_collection,whois.nic.amsterdam | registered + authoritative absence | Adapter/fixture,"","","","",""
556,loc,undelegated,classification_only,2026-09-19,docs/audits/whois-parser-top1000-package-2-2026-09-19.md,spec/fixtures/responses/top1000_package_2,report_collection,— | excluded_undelegated | excluded | classification-only | No implementation: source is undelegated.,"","","","",""
557,ns,undelegated,classification_only,2026-09-19,docs/audits/whois-parser-top1000-package-3-2026-09-19.md,spec/fixtures/responses/top1000_package3,report_collection,— | excluded | ICANN undelegated; classification-only,"","","","",""
558,paris,delegated,unknown,2026-09-19,docs/audits/whois-parser-top1000-package-5-2026-09-19.md,spec/fixtures/responses/top1000_package5,report_collection,whois-paris.nic.fr | endpoint unavailable | Unknown; no parser,"","","","",""
559,jetzt,delegated,unknown,2026-09-19,docs/audits/whois-parser-top1000-package-2-2026-09-19.md,spec/fixtures/responses/top1000_package_2,report_collection,[whois.nic.jetzt] | adapter_none_excluded | excluded | classification-only | No implementation: server adapter is None.,"","","","",""
560,globo,delegated,unknown,2026-09-19,docs/audits/whois-parser-top1000-package-4-2026-09-19.md,spec/fixtures/responses/topdomains_package_4,report_collection,"whois.gtlds.nic.br | Unknown, endpoint timed out | No parser conclusion","","","","",""
561,ventures,delegated,unknown,2026-09-19,docs/audits/whois-parser-top1000-package-1-2026-09-19.md,spec/fixtures/responses/top1000_package1,report_collection,Source report lists only an unavailable endpoint result.,"","","","",""
562,university,delegated,explicit_unsupported,2026-09-19,docs/audits/whois-parser-top1000-package-3-2026-09-19.md,spec/fixtures/responses/top1000_package3,report_collection,whois.nic.university | unavailable | Added BaseUnsupportedRegistry adapter; exact TLD-not-supported response raises unavailable,"","","","",""
563,braze,undelegated,classification_only,2026-09-19,docs/audits/whois-parser-top1000-package-4-2026-09-19.md,spec/fixtures/responses/topdomains_package_4,report_collection,"none | Excluded, undelegated | Classification only","","","","",""
564,kitchen,delegated,explicit_unsupported,2026-09-19,docs/audits/whois-parser-top1000-package-5-2026-09-19.md,spec/fixtures/responses/top1000_package5,report_collection,whois.nic.kitchen | explicit registry denial | No fake support,"","","","",""
565,mi,undelegated,classification_only,2026-09-19,docs/audits/whois-parser-top1000-package-5-2026-09-19.md,spec/fixtures/responses/top1000_package5,report_collection,no server | undelegated; excluded | No parser,"","","","",""
566,camp,delegated,explicit_unsupported,2026-09-19,docs/audits/whois-parser-top1000-package-5-2026-09-19.md,spec/fixtures/responses/top1000_package5,report_collection,whois.nic.camp | explicit registry denial | No fake support,"","","","",""
567,new,delegated,unknown,2026-09-19,docs/audits/whois-parser-top1000-package-3-2026-09-19.md,spec/fixtures/responses/top1000_package3,report_collection,"whois.nic.google | unknown | Port-43 response unresolved (DNS failure, timeout, or connection reset); no parser conclusion","","","","",""
568,tax,delegated,explicit_unsupported,2026-09-19,docs/audits/whois-parser-top1000-package-5-2026-09-19.md,spec/fixtures/responses/top1000_package5,report_collection,whois.nic.tax | explicit registry denial | No fake support,"","","","",""
569,kiwi,delegated,paired,2026-09-19,docs/audits/whois-parser-top1000-package-1-2026-09-19.md,spec/fixtures/responses/top1000_package1,report_collection,whois.nic.kiwi | Whois::Parsers::WhoisNicKiwi | CIRA record; Not found: absence marker,"","","","",""
570,immo,delegated,explicit_unsupported,2026-09-19,docs/audits/whois-parser-top1000-package-3-2026-09-19.md,spec/fixtures/responses/top1000_package3,report_collection,whois.nic.immo | unavailable | Added BaseUnsupportedRegistry adapter; exact TLD-not-supported response raises unavailable,"","","","",""
571,taxi,delegated,unknown,2026-09-19,docs/audits/whois-parser-top1000-package-1-2026-09-19.md,spec/fixtures/responses/top1000_package1,report_collection,Source report lists only an unavailable endpoint result.,"","","","",""
572,dental,delegated,explicit_unsupported,2026-09-19,docs/audits/whois-parser-top1000-package-5-2026-09-19.md,spec/fixtures/responses/top1000_package5,report_collection,whois.nic.dental | explicit registry denial | No fake support,"","","","",""
573,black,delegated,unknown,2026-09-19,docs/audits/whois-parser-top1000-package-2-2026-09-19.md,spec/fixtures/responses/top1000_package_2,report_collection,"[whois.afilias.net] | parser_present_unverified | unknown | Whois::Parsers::WhoisAfiliasNet | Shared-host sample google.bet returned explicit unsupported notice (SHA-256 f74ad65a2639f4c00f578fa1f30cb7dc42c6bbd58929e08788a09887a0ab1d95); each TLD was not re-queried after rate limiting, so no per-TLD status is claimed.","","","","",""
574,reviews,delegated,unknown,2026-09-19,docs/audits/whois-parser-top1000-package-1-2026-09-19.md,spec/fixtures/responses/top1000_package1,report_collection,Source report lists only an unavailable endpoint result.,"","","","",""
575,bm,delegated,unknown,2026-09-19,docs/audits/whois-parser-top1000-package-1-2026-09-19.md,spec/fixtures/responses/top1000_package1,report_collection,Source report lists this row as classification-only.,"","","","",""
576,toys,delegated,explicit_unsupported,2026-09-19,docs/audits/whois-parser-top1000-package-4-2026-09-19.md,spec/fixtures/responses/topdomains_package_4,report_collection,whois.nic.toys | Verified explicit unsupported-TLD denial | Added unavailable adapter,"","","","",""
577,makeup,delegated,registered_only,2026-09-19,docs/audits/whois-parser-top1000-package-2-2026-09-19.md,spec/fixtures/responses/top1000_package_2,report_collection,[whois.nic.makeup] | parser_missing | verified_registered | Whois::Parsers::WhoisNicMakeup | Port-43 registered sample google.makeup; SHA-256 59b19179f5e33201464bb1d3ba3f25f6b48ad7636bdddbd1a5a75fd98a30083a.,"","","","",""
578,markets,delegated,unknown,2026-09-19,docs/audits/whois-parser-top1000-package-1-2026-09-19.md,spec/fixtures/responses/top1000_package1,report_collection,Source report lists only an unavailable endpoint result.,"","","","",""
579,auto,delegated,unknown,2026-09-19,docs/audits/whois-parser-top1000-package-1-2026-09-19.md,spec/fixtures/responses/top1000_package1,report_collection,Source report lists only an unavailable endpoint result.,"","","","",""
580,movie,delegated,unknown,2026-09-19,docs/audits/whois-parser-top1000-package-1-2026-09-19.md,spec/fixtures/responses/top1000_package1,report_collection,Source report lists only an unavailable endpoint result.,"","","","",""
581,bzh,delegated,paired,2026-09-19,docs/audits/whois-parser-top1000-package-4-2026-09-19.md,spec/fixtures/responses/topdomains_package_4,report_collection,whois.nic.bzh | Verified registered + %% NOT FOUND | Added ICANN/AFNIC-marker adapter,"","","","",""
582,svc,undelegated,classification_only,2026-09-19,docs/audits/whois-parser-top1000-package-2-2026-09-19.md,spec/fixtures/responses/top1000_package_2,report_collection,— | excluded_undelegated | excluded | classification-only | No implementation: source is undelegated.,"","","","",""
583,dance,delegated,explicit_unsupported,2026-09-19,docs/audits/whois-parser-top1000-package-2-2026-09-19.md,spec/fixtures/responses/top1000_package_2,report_collection,[whois.nic.dance] | parser_missing | verified_unavailable | Whois::Parsers::WhoisNicDance | Port-43 explicit TLD is not supported sample google.dance; SHA-256 ae38bf4bdad94080d666021d37afdee9811cbde225dda29f8ebf2452dc6d3786.,"","","","",""
584,tld,undelegated,classification_only,2026-09-19,docs/audits/whois-parser-top1000-package-3-2026-09-19.md,spec/fixtures/responses/top1000_package3,report_collection,— | excluded | ICANN undelegated; classification-only,"","","","",""
585,ngo,delegated,unknown,2026-09-19,docs/audits/whois-parser-top1000-package-4-2026-09-19.md,spec/fixtures/responses/topdomains_package_4,report_collection,whois.publicinterestregistry.net | Verified reserved-policy response | Added reservation safety adapter,"","","","",""
586,ky,delegated,paired,2026-09-19,docs/audits/whois-parser-top1000-package-4-2026-09-19.md,spec/fixtures/responses/topdomains_package_4,report_collection,whois.kyregistry.ky | Verified registered + Radix available | Added Radix-family adapter,"","","","",""
587,sz,delegated,unknown,2026-09-19,docs/audits/whois-parser-top1000-package-4-2026-09-19.md,spec/fixtures/responses/topdomains_package_4,report_collection,"None adapter | Excluded, adapter is None | Classification only","","","","",""
588,ceo,delegated,unknown,2026-09-19,docs/audits/whois-parser-top1000-package-3-2026-09-19.md,spec/fixtures/responses/top1000_package3,report_collection,whois.nic.ceo | verified | Added BaseTop1000Icann adapter with exact current markers,"","","","",""
589,engineer,delegated,explicit_unsupported,2026-09-19,docs/audits/whois-parser-top1000-package-4-2026-09-19.md,spec/fixtures/responses/topdomains_package_4,report_collection,whois.nic.engineer | Verified explicit unsupported-TLD denial | Added unavailable adapter,"","","","",""
590,comnull,undelegated,classification_only,2026-09-19,docs/audits/whois-parser-top1000-package-5-2026-09-19.md,spec/fixtures/responses/top1000_package5,report_collection,no server | undelegated; excluded | No parser,"","","","",""
591,ren,delegated,unknown,2026-09-19,docs/audits/whois-parser-top1000-package-1-2026-09-19.md,spec/fixtures/responses/top1000_package1,report_collection,Source report lists this row as classification-only.,"","","","",""
592,moscow,delegated,paired,2026-09-19,docs/audits/whois-parser-top1000-package-5-2026-09-19.md,spec/fixtures/responses/top1000_package5,report_collection,whois.nic.moscow | registered + authoritative absence | Adapter/fixture,"","","","",""
593,srl,delegated,unknown,2026-09-19,docs/audits/whois-parser-top1000-package-1-2026-09-19.md,spec/fixtures/responses/top1000_package1,report_collection,Source report lists only an unavailable endpoint result.,"","","","",""
594,limited,delegated,explicit_unsupported,2026-09-19,docs/audits/whois-parser-top1000-package-2-2026-09-19.md,spec/fixtures/responses/top1000_package_2,report_collection,[whois.nic.limited] | parser_missing | verified_unavailable | Whois::Parsers::WhoisNicLimited | Port-43 explicit TLD is not supported sample google.limited; SHA-256 14978ed06c242afca68f9c4f49cfd7ab923c7da59844a7ea0afcf83275debde3.,"","","","",""
595,football,delegated,explicit_unsupported,2026-09-19,docs/audits/whois-parser-top1000-package-3-2026-09-19.md,spec/fixtures/responses/top1000_package3,report_collection,whois.nic.football | unavailable | Added BaseUnsupportedRegistry adapter; exact TLD-not-supported response raises unavailable,"","","","",""
596,brussels,delegated,unknown,2026-09-19,docs/audits/whois-parser-top1000-package-4-2026-09-19.md,spec/fixtures/responses/topdomains_package_4,report_collection,"whois.nic.brussels | Unknown, DNS failure | No parser conclusion","","","","",""
597,how,delegated,unknown,2026-09-19,docs/audits/whois-parser-top1000-package-3-2026-09-19.md,spec/fixtures/responses/top1000_package3,report_collection,"whois.nic.google | unknown | Port-43 response unresolved (DNS failure, timeout, or connection reset); no parser conclusion","","","","",""
598,review,delegated,paired,2026-09-19,docs/audits/whois-parser-top1000-package-5-2026-09-19.md,spec/fixtures/responses/top1000_package5,report_collection,whois.nic.review | registered + authoritative absence | Adapter/fixture,"","","","",""
599,properties,delegated,explicit_unsupported,2026-09-19,docs/audits/whois-parser-top1000-package-2-2026-09-19.md,spec/fixtures/responses/top1000_package_2,report_collection,[whois.nic.properties] | parser_missing | verified_unavailable | Whois::Parsers::WhoisNicProperties | Port-43 explicit TLD is not supported sample google.properties; SHA-256 fc203d01ce183ea02dfc2ef7cffbc7aada5fc3d294d55c0b17918ec61e5391fa.,"","","","",""
600,horse,delegated,unknown,2026-09-19,docs/audits/whois-parser-top1000-package-4-2026-09-19.md,spec/fixtures/responses/topdomains_package_4,report_collection,"whois.nic.horse | Unknown, query limit exceeded/reset | No parser conclusion","","","","",""
601,omada,undelegated,classification_only,2026-09-19,docs/audits/whois-parser-top1000-package-2-2026-09-19.md,spec/fixtures/responses/top1000_package_2,report_collection,— | excluded_undelegated | excluded | classification-only | No implementation: source is undelegated.,"","","","",""
602,food,delegated,unknown,2026-09-19,docs/audits/whois-parser-top1000-package-3-2026-09-19.md,spec/fixtures/responses/top1000_package3,report_collection,— | excluded | Server adapter None; no port-43 parser,"","","","",""
603,php,undelegated,classification_only,2026-09-19,docs/audits/whois-parser-top1000-package-4-2026-09-19.md,spec/fixtures/responses/topdomains_package_4,report_collection,"none | Excluded, undelegated | Classification only","","","","",""
604,wien,delegated,paired,2026-09-19,docs/audits/whois-parser-top1000-package-4-2026-09-19.md,spec/fixtures/responses/topdomains_package_4,report_collection,whois.nic.wien | Verified registered + Available | Added reserved/available ICANN adapter,"","","","",""
605,audi,delegated,unknown,2026-09-19,docs/audits/whois-parser-top1000-package-1-2026-09-19.md,spec/fixtures/responses/top1000_package1,report_collection,Source report lists only an unavailable endpoint result.,"","","","",""
606,gift,delegated,unknown,2026-09-19,docs/audits/whois-parser-top1000-package-1-2026-09-19.md,spec/fixtures/responses/top1000_package1,report_collection,Source report lists only an unavailable endpoint result.,"","","","",""
607,living,delegated,unknown,2026-09-19,docs/audits/whois-parser-top1000-package-5-2026-09-19.md,spec/fixtures/responses/top1000_package5,report_collection,"no WHOIS adapter | delegated, no WHOIS adapter | Keep None","","","","",""
608,museum,delegated,unknown,2026-09-19,docs/audits/whois-parser-top1000-package-3-2026-09-19.md,spec/fixtures/responses/top1000_package3,report_collection,whois.nic.museum | verified | Added BaseTop1000Icann adapter with exact current markers,"","","","",""
609,rodeo,delegated,unknown,2026-09-19,docs/audits/whois-parser-top1000-package-3-2026-09-19.md,spec/fixtures/responses/top1000_package3,report_collection,whois.nic.rodeo | verified | Added BaseTop1000Icann adapter with exact current markers,"","","","",""
610,html,undelegated,classification_only,2026-09-19,docs/audits/whois-parser-top1000-package-1-2026-09-19.md,spec/fixtures/responses/top1000_package1,report_collection,Source report lists this row as classification-only.,"","","","",""
611,koeln,delegated,paired,2026-09-19,docs/audits/whois-parser-top1000-package-5-2026-09-19.md,spec/fixtures/responses/top1000_package5,report_collection,whois.ryce-rsp.com | registered + authoritative absence | Adapter/fixture,"","","","",""
612,wedding,delegated,unknown,2026-09-19,docs/audits/whois-parser-top1000-package-3-2026-09-19.md,spec/fixtures/responses/top1000_package3,report_collection,whois.nic.wedding | verified | Added BaseTop1000Icann adapter with exact current markers,"","","","",""
613,fail,delegated,explicit_unsupported,2026-09-19,docs/audits/whois-parser-top1000-package-5-2026-09-19.md,spec/fixtures/responses/top1000_package5,report_collection,whois.nic.fail | explicit registry denial | No fake support,"","","","",""
614,bingo,delegated,explicit_unsupported,2026-09-19,docs/audits/whois-parser-top1000-package-3-2026-09-19.md,spec/fixtures/responses/top1000_package3,report_collection,whois.nic.bingo | unavailable | Added BaseUnsupportedRegistry adapter; exact TLD-not-supported response raises unavailable,"","","","",""
615,financial,delegated,unknown,2026-09-19,docs/audits/whois-parser-top1000-package-1-2026-09-19.md,spec/fixtures/responses/top1000_package1,report_collection,Source report lists only an unavailable endpoint result.,"","","","",""
616,motorcycles,delegated,unknown,2026-09-19,docs/audits/whois-parser-top1000-package-1-2026-09-19.md,spec/fixtures/responses/top1000_package1,report_collection,Source report lists only an unavailable endpoint result.,"","","","",""
617,quebec,delegated,unknown,2026-09-19,docs/audits/whois-parser-top1000-package-3-2026-09-19.md,spec/fixtures/responses/top1000_package3,report_collection,whois.nic.quebec | verified | Added BaseTop1000Icann adapter with exact current markers,"","","","",""
618,schwarz,delegated,unknown,2026-09-19,docs/audits/whois-parser-top1000-package-3-2026-09-19.md,spec/fixtures/responses/top1000_package3,report_collection,whois.nic.schwarz | verified | Added BaseTop1000Icann adapter with exact current markers,"","","","",""
619,sexy,delegated,unknown,2026-09-19,docs/audits/whois-parser-top1000-package-1-2026-09-19.md,spec/fixtures/responses/top1000_package1,report_collection,Source report lists only an unavailable endpoint result.,"","","","",""
620,xn--p1acf,delegated,unknown,2026-09-19,docs/audits/whois-parser-top1000-package-4-2026-09-19.md,spec/fixtures/responses/topdomains_package_4,report_collection,"whois.nic.xn--p1acf | Unknown, DNS failure | No parser conclusion","","","","",""
621,you,delegated,unknown,2026-09-19,docs/audits/whois-parser-top1000-package-4-2026-09-19.md,spec/fixtures/responses/topdomains_package_4,report_collection,"whois.nic.you | Unknown, timeout | No parser conclusion","","","","",""
622,restaurant,delegated,explicit_unsupported,2026-09-19,docs/audits/whois-parser-top1000-package-4-2026-09-19.md,spec/fixtures/responses/topdomains_package_4,report_collection,whois.nic.restaurant | Verified explicit unsupported-TLD denial | Added unavailable adapter,"","","","",""
623,contact,delegated,unknown,2026-09-19,docs/audits/whois-parser-top1000-package-1-2026-09-19.md,spec/fixtures/responses/top1000_package1,report_collection,Source report lists only an unavailable endpoint result.,"","","","",""
624,basketball,delegated,unknown,2026-09-19,docs/audits/whois-parser-top1000-package-3-2026-09-19.md,spec/fixtures/responses/top1000_package3,report_collection,whois.nic.basketball | verified | Added BaseTop1000Icann adapter with exact current markers,"","","","",""
625,http,undelegated,classification_only,2026-09-19,docs/audits/whois-parser-top1000-package-2-2026-09-19.md,spec/fixtures/responses/top1000_package_2,report_collection,— | excluded_undelegated | excluded | classification-only | No implementation: source is undelegated.,"","","","",""
626,gifts,delegated,explicit_unsupported,2026-09-19,docs/audits/whois-parser-top1000-package-5-2026-09-19.md,spec/fixtures/responses/top1000_package5,report_collection,whois.nic.gifts | explicit registry denial | No fake support,"","","","",""
627,mba,delegated,explicit_unsupported,2026-09-19,docs/audits/whois-parser-top1000-package-2-2026-09-19.md,spec/fixtures/responses/top1000_package_2,report_collection,[whois.nic.mba] | parser_missing | verified_unavailable | Whois::Parsers::WhoisNicMba | Port-43 explicit TLD is not supported sample google.mba; SHA-256 84ae1920d51b977bd5f0b6eb951ca57635dafae77ae7192d284f672aa4b1461e.,"","","","",""
628,christmas,delegated,unknown,2026-09-19,docs/audits/whois-parser-top1000-package-1-2026-09-19.md,spec/fixtures/responses/top1000_package1,report_collection,Source report lists only an unavailable endpoint result.,"","","","",""
629,enterprises,delegated,unknown,2026-09-19,docs/audits/whois-parser-top1000-package-1-2026-09-19.md,spec/fixtures/responses/top1000_package1,report_collection,Source report lists only an unavailable endpoint result.,"","","","",""
630,vegas,delegated,unknown,2026-09-19,docs/audits/whois-parser-top1000-package-1-2026-09-19.md,spec/fixtures/responses/top1000_package1,report_collection,Source report lists only an unavailable endpoint result.,"","","","",""
631,vote,delegated,unknown,2026-09-19,docs/audits/whois-parser-top1000-package-2-2026-09-19.md,spec/fixtures/responses/top1000_package_2,report_collection,"[whois.afilias.net] | parser_present_unverified | unknown | Whois::Parsers::WhoisAfiliasNet | Shared-host sample google.bet returned explicit unsupported notice (SHA-256 f74ad65a2639f4c00f578fa1f30cb7dc42c6bbd58929e08788a09887a0ab1d95); each TLD was not re-queried after rate limiting, so no per-TLD status is claimed.","","","","",""
632,col,undelegated,classification_only,2026-09-19,docs/audits/whois-parser-top1000-package-3-2026-09-19.md,spec/fixtures/responses/top1000_package3,report_collection,— | excluded | ICANN undelegated; classification-only,"","","","",""
633,clothing,delegated,unknown,2026-09-19,docs/audits/whois-parser-top1000-package-1-2026-09-19.md,spec/fixtures/responses/top1000_package1,report_collection,Source report lists only an unavailable endpoint result.,"","","","",""
634,tattoo,delegated,unknown,2026-09-19,docs/audits/whois-parser-top1000-package-1-2026-09-19.md,spec/fixtures/responses/top1000_package1,report_collection,Source report lists only an unavailable endpoint result.,"","","","",""
635,haus,delegated,explicit_unsupported,2026-09-19,docs/audits/whois-parser-top1000-package-4-2026-09-19.md,spec/fixtures/responses/topdomains_package_4,report_collection,whois.nic.haus | Verified explicit unsupported-TLD denial | Added unavailable adapter,"","","","",""
636,healthcare,delegated,explicit_unsupported,2026-09-19,docs/audits/whois-parser-top1000-package-5-2026-09-19.md,spec/fixtures/responses/top1000_package5,report_collection,whois.nic.healthcare | explicit registry denial | No fake support,"","","","",""
637,as132673,undelegated,classification_only,2026-09-19,docs/audits/whois-parser-top1000-package-4-2026-09-19.md,spec/fixtures/responses/topdomains_package_4,report_collection,"none | Excluded, undelegated | Classification only","","","","",""
638,rentals,delegated,explicit_unsupported,2026-09-19,docs/audits/whois-parser-top1000-package-4-2026-09-19.md,spec/fixtures/responses/topdomains_package_4,report_collection,whois.nic.rentals | Verified explicit unsupported-TLD denial | Added unavailable adapter,"","","","",""
639,investments,delegated,explicit_unsupported,2026-09-19,docs/audits/whois-parser-top1000-package-5-2026-09-19.md,spec/fixtures/responses/top1000_package5,report_collection,whois.nic.investments | explicit registry denial | No fake support,"","","","",""
640,intra,undelegated,classification_only,2026-09-19,docs/audits/whois-parser-top1000-package-5-2026-09-19.md,spec/fixtures/responses/top1000_package5,report_collection,no server | undelegated; excluded | No parser,"","","","",""
641,realtor,delegated,unknown,2026-09-19,docs/audits/whois-parser-top1000-package-1-2026-09-19.md,spec/fixtures/responses/top1000_package1,report_collection,Source report lists this row as classification-only.,"","","","",""
642,realestate,delegated,unknown,2026-09-19,docs/audits/whois-parser-top1000-package-2-2026-09-19.md,spec/fixtures/responses/top1000_package_2,report_collection,[whois.nic.realestate] | parser_missing | unavailable | Blank | Port-43 current probe for google.realestate produced timeout or empty response; no parser claim is made.,"","","","",""
643,shoes,delegated,explicit_unsupported,2026-09-19,docs/audits/whois-parser-top1000-package-3-2026-09-19.md,spec/fixtures/responses/top1000_package3,report_collection,whois.nic.shoes | unavailable | Added BaseUnsupportedRegistry adapter; exact TLD-not-supported response raises unavailable,"","","","",""
644,ski,delegated,unknown,2026-09-19,docs/audits/whois-parser-top1000-package-2-2026-09-19.md,spec/fixtures/responses/top1000_package_2,report_collection,"[whois.afilias.net] | parser_present_unverified | unknown | Whois::Parsers::WhoisAfiliasNet | Shared-host sample google.bet returned explicit unsupported notice (SHA-256 f74ad65a2639f4c00f578fa1f30cb7dc42c6bbd58929e08788a09887a0ab1d95); each TLD was not re-queried after rate limiting, so no per-TLD status is claimed.","","","","",""
645,foo,delegated,unknown,2026-09-19,docs/audits/whois-parser-top1000-package-3-2026-09-19.md,spec/fixtures/responses/top1000_package3,report_collection,"whois.nic.google | unknown | Port-43 response unresolved (DNS failure, timeout, or connection reset); no parser conclusion","","","","",""
646,ye,delegated,unknown,2026-09-19,docs/audits/whois-parser-top1000-package-2-2026-09-19.md,spec/fixtures/responses/top1000_package_2,report_collection,— | adapter_none_excluded | excluded | classification-only | No implementation: server adapter is None.,"","","","",""
647,workgroup,undelegated,classification_only,2026-09-19,docs/audits/whois-parser-top1000-package-3-2026-09-19.md,spec/fixtures/responses/top1000_package3,report_collection,— | excluded | ICANN undelegated; classification-only,"","","","",""
648,forsale,delegated,explicit_unsupported,2026-09-19,docs/audits/whois-parser-top1000-package-5-2026-09-19.md,spec/fixtures/responses/top1000_package5,report_collection,whois.nic.forsale | explicit registry denial | No fake support,"","","","",""
649,dlink,undelegated,classification_only,2026-09-19,docs/audits/whois-parser-top1000-package-4-2026-09-19.md,spec/fixtures/responses/topdomains_package_4,report_collection,"none | Excluded, undelegated | Classification only","","","","",""
650,gratis,delegated,explicit_unsupported,2026-09-19,docs/audits/whois-parser-top1000-package-4-2026-09-19.md,spec/fixtures/responses/topdomains_package_4,report_collection,whois.nic.gratis | Verified explicit unsupported-TLD denial | Added unavailable adapter,"","","","",""
651,sky,delegated,unknown,2026-09-19,docs/audits/whois-parser-top1000-package-3-2026-09-19.md,spec/fixtures/responses/top1000_package3,report_collection,"whois.nic.sky | unknown | Port-43 response unresolved (DNS failure, timeout, or connection reset); no parser conclusion","","","","",""
652,cw,delegated,unknown,2026-09-19,docs/audits/whois-parser-top1000-package-5-2026-09-19.md,spec/fixtures/responses/top1000_package5,report_collection,"no WHOIS adapter | delegated, no WHOIS adapter | Keep None","","","","",""
653,holdings,delegated,explicit_unsupported,2026-09-19,docs/audits/whois-parser-top1000-package-2-2026-09-19.md,spec/fixtures/responses/top1000_package_2,report_collection,[whois.nic.holdings] | parser_missing | verified_unavailable | Whois::Parsers::WhoisNicHoldings | Port-43 explicit TLD is not supported sample google.holdings; SHA-256 2294c9033be5ba09c8f2c845037d4b46f34b2f522fd6c4b1c796059ddafe6b9a.,"","","","",""
654,trading,delegated,unknown,2026-09-19,docs/audits/whois-parser-top1000-package-1-2026-09-19.md,spec/fixtures/responses/top1000_package1,report_collection,Source report lists only an unavailable endpoint result.,"","","","",""
655,lgwebostv,undelegated,classification_only,2026-09-19,docs/audits/whois-parser-top1000-package-1-2026-09-19.md,spec/fixtures/responses/top1000_package1,report_collection,Source report lists this row as classification-only.,"","","","",""
656,coupons,delegated,explicit_unsupported,2026-09-19,docs/audits/whois-parser-top1000-package-5-2026-09-19.md,spec/fixtures/responses/top1000_package5,report_collection,whois.nic.coupons | explicit registry denial | No fake support,"","","","",""
657,adult,delegated,unknown,2026-09-19,docs/audits/whois-parser-top1000-package-1-2026-09-19.md,spec/fixtures/responses/top1000_package1,report_collection,Source report lists only an unavailable endpoint result.,"","","","",""
658,music,delegated,unknown,2026-09-19,docs/audits/whois-parser-top1000-package-2-2026-09-19.md,spec/fixtures/responses/top1000_package_2,report_collection,— | no_server_mapping | excluded | classification-only | No implementation: no locked WHOIS host mapping.,"","","","",""
659,racing,delegated,paired,2026-09-19,docs/audits/whois-parser-top1000-package-5-2026-09-19.md,spec/fixtures/responses/top1000_package5,report_collection,whois.nic.racing | registered + authoritative absence | Adapter/fixture,"","","","",""
660,meme,delegated,unknown,2026-09-19,docs/audits/whois-parser-top1000-package-3-2026-09-19.md,spec/fixtures/responses/top1000_package3,report_collection,"whois.nic.google | unknown | Port-43 response unresolved (DNS failure, timeout, or connection reset); no parser conclusion","","","","",""
661,va,delegated,unknown,2026-09-19,docs/audits/whois-parser-top1000-package-3-2026-09-19.md,spec/fixtures/responses/top1000_package3,report_collection,— | excluded | Server adapter None; no port-43 parser,"","","","",""
662,barcelona,delegated,paired,2026-09-19,docs/audits/whois-parser-top1000-package-4-2026-09-19.md,spec/fixtures/responses/topdomains_package_4,report_collection,whois.nic.barcelona | Verified registered + no matching objects | Added CentralNic-family adapter,"","","","",""
663,poker,delegated,unknown,2026-09-19,docs/audits/whois-parser-top1000-package-2-2026-09-19.md,spec/fixtures/responses/top1000_package_2,report_collection,"[whois.afilias.net] | parser_present_unverified | unknown | Whois::Parsers::WhoisAfiliasNet | Shared-host sample google.bet returned explicit unsupported notice (SHA-256 f74ad65a2639f4c00f578fa1f30cb7dc42c6bbd58929e08788a09887a0ab1d95); each TLD was not re-queried after rate limiting, so no per-TLD status is claimed.","","","","",""
664,miami,delegated,registered_only,2026-09-19,docs/audits/whois-parser-top1000-package-2-2026-09-19.md,spec/fixtures/responses/top1000_package_2,report_collection,[whois.nic.miami] | parser_missing | verified_registered | Whois::Parsers::WhoisNicMiami | Port-43 registered sample google.miami; SHA-256 539402ac1ccdba56328273919da3334e5ac7b16a4cc0cd2075f1c54829ffc2ef.,"","","","",""
665,www,undelegated,classification_only,2026-09-19,docs/audits/whois-parser-top1000-package-4-2026-09-19.md,spec/fixtures/responses/topdomains_package_4,report_collection,"none | Excluded, undelegated | Classification only","","","","",""
666,recipes,delegated,explicit_unsupported,2026-09-19,docs/audits/whois-parser-top1000-package-4-2026-09-19.md,spec/fixtures/responses/topdomains_package_4,report_collection,whois.nic.recipes | Verified explicit unsupported-TLD denial | Added unavailable adapter,"","","","",""
667,repair,delegated,explicit_unsupported,2026-09-19,docs/audits/whois-parser-top1000-package-5-2026-09-19.md,spec/fixtures/responses/top1000_package5,report_collection,whois.nic.repair | explicit registry denial | No fake support,"","","","",""
668,taipei,delegated,registered_only,2026-09-19,docs/audits/whois-parser-top1000-package-2-2026-09-19.md,spec/fixtures/responses/top1000_package_2,report_collection,[whois.nic.taipei] | parser_missing | verified_registered | Whois::Parsers::WhoisNicTaipei | Port-43 registered sample google.taipei; SHA-256 5f8294393fec25aedce77a4c7e4936d7c44d63543ecc3a10e980b8411b5f6d91.,"","","","",""
669,kids,delegated,unknown,2026-09-19,docs/audits/whois-parser-top1000-package-5-2026-09-19.md,spec/fixtures/responses/top1000_package5,report_collection,"no server mapping | delegated, no server mapping | No parser","","","","",""
670,irish,delegated,unknown,2026-09-19,docs/audits/whois-parser-top1000-package-1-2026-09-19.md,spec/fixtures/responses/top1000_package1,report_collection,Source report lists only an unavailable endpoint result.,"","","","",""
671,faith,delegated,absence_only,2026-09-19,docs/audits/whois-parser-top1000-package-1-2026-09-19.md,spec/fixtures/responses/top1000_package1,report_collection,whois.nic.faith | No Data Found absence marker only,"","","","",""
672,vlaanderen,delegated,unknown,2026-09-19,docs/audits/whois-parser-top1000-package-2-2026-09-19.md,spec/fixtures/responses/top1000_package_2,report_collection,[whois.nic.vlaanderen] | parser_missing | unavailable | Blank | Port-43 current probe for google.vlaanderen produced DNS/transport failure; no parser claim is made.,"","","","",""
673,glass,delegated,explicit_unsupported,2026-09-19,docs/audits/whois-parser-top1000-package-3-2026-09-19.md,spec/fixtures/responses/top1000_package3,report_collection,whois.nic.glass | unavailable | Added BaseUnsupportedRegistry adapter; exact TLD-not-supported response raises unavailable,"","","","",""
674,schule,delegated,explicit_unsupported,2026-09-19,docs/audits/whois-parser-top1000-package-2-2026-09-19.md,spec/fixtures/responses/top1000_package_2,report_collection,[whois.nic.schule] | parser_missing | verified_unavailable | Whois::Parsers::WhoisNicSchule | Port-43 explicit TLD is not supported sample google.schule; SHA-256 ef1224ef69ff9458e4311ce086b71497596782769cf3370085f2155020324274.,"","","","",""
675,bb,delegated,unknown,2026-09-19,docs/audits/whois-parser-top1000-package-1-2026-09-19.md,spec/fixtures/responses/top1000_package1,report_collection,Source report lists this row as classification-only.,"","","","",""
676,productions,delegated,unknown,2026-09-19,docs/audits/whois-parser-top1000-package-1-2026-09-19.md,spec/fixtures/responses/top1000_package1,report_collection,Source report lists only an unavailable endpoint result.,"","","","",""
677,loans,delegated,explicit_unsupported,2026-09-19,docs/audits/whois-parser-top1000-package-5-2026-09-19.md,spec/fixtures/responses/top1000_package5,report_collection,whois.nic.loans | explicit registry denial | No fake support,"","","","",""
678,insure,delegated,explicit_unsupported,2026-09-19,docs/audits/whois-parser-top1000-package-3-2026-09-19.md,spec/fixtures/responses/top1000_package3,report_collection,whois.nic.insure | unavailable | Added BaseUnsupportedRegistry adapter; exact TLD-not-supported response raises unavailable,"","","","",""
679,salon,delegated,explicit_unsupported,2026-09-19,docs/audits/whois-parser-top1000-package-2-2026-09-19.md,spec/fixtures/responses/top1000_package_2,report_collection,[whois.nic.salon] | parser_missing | verified_unavailable | Whois::Parsers::WhoisNicSalon | Port-43 explicit TLD is not supported sample google.salon; SHA-256 c819e6f6476546cc0707fc9476a5efa9aa2a37824ad49d1915df062c5dfa41cd.,"","","","",""
680,hamburg,delegated,unknown,2026-09-19,docs/audits/whois-parser-top1000-package-3-2026-09-19.md,spec/fixtures/responses/top1000_package3,report_collection,whois.nic.hamburg | verified | Added BaseTop1000Icann adapter with exact current markers,"","","","",""
681,gateway,undelegated,classification_only,2026-09-19,docs/audits/whois-parser-top1000-package-2-2026-09-19.md,spec/fixtures/responses/top1000_package_2,report_collection,— | excluded_undelegated | excluded | classification-only | No implementation: source is undelegated.,"","","","",""
682,wlan0,undelegated,classification_only,2026-09-19,docs/audits/whois-parser-top1000-package-3-2026-09-19.md,spec/fixtures/responses/top1000_package3,report_collection,— | excluded | ICANN undelegated; classification-only,"","","","",""
683,doctor,delegated,explicit_unsupported,2026-09-19,docs/audits/whois-parser-top1000-package-2-2026-09-19.md,spec/fixtures/responses/top1000_package_2,report_collection,[whois.nic.doctor] | parser_missing | verified_unavailable | Whois::Parsers::WhoisNicDoctor | Port-43 explicit TLD is not supported sample google.doctor; SHA-256 43a170446339d162188a22bc5875975ebdf372a79961e1f7d0a5c29c08d0f38e.,"","","","",""
684,gives,delegated,absence_only,2026-09-19,docs/audits/whois-parser-top1000-package-1-2026-09-19.md,spec/fixtures/responses/top1000_package1,report_collection,whois.nic.gives | Domain not found. absence marker only,"","","","",""
685,lighting,delegated,unknown,2026-09-19,docs/audits/whois-parser-top1000-package-1-2026-09-19.md,spec/fixtures/responses/top1000_package1,report_collection,Source report lists only an unavailable endpoint result.,"","","","",""
686,mr,delegated,unknown,2026-09-19,docs/audits/whois-parser-top1000-package-2-2026-09-19.md,spec/fixtures/responses/top1000_package_2,report_collection,[whois.nic.mr] | adapter_none_excluded | excluded | classification-only | No implementation: server adapter is None.,"","","","",""
687,property,delegated,unknown,2026-09-19,docs/audits/whois-parser-top1000-package-1-2026-09-19.md,spec/fixtures/responses/top1000_package1,report_collection,Source report lists only an unavailable endpoint result.,"","","","",""
688,istanbul,delegated,unknown,2026-09-19,docs/audits/whois-parser-top1000-package-1-2026-09-19.md,spec/fixtures/responses/top1000_package1,report_collection,Source report lists only an unavailable endpoint result.,"","","","",""
689,gdn,delegated,unknown,2026-09-19,docs/audits/whois-parser-top1000-package-3-2026-09-19.md,spec/fixtures/responses/top1000_package3,report_collection,"whois.nic.gdn | unknown | Port-43 response unresolved (DNS failure, timeout, or connection reset); no parser conclusion","","","","",""
690,diy,delegated,unknown,2026-09-19,docs/audits/whois-parser-top1000-package-1-2026-09-19.md,spec/fixtures/responses/top1000_package1,report_collection,Source report lists only an unavailable endpoint result.,"","","","",""
691,xn--fiqs8s,delegated,paired,2026-09-19,docs/audits/whois-parser-top1000-package-5-2026-09-19.md,spec/fixtures/responses/top1000_package5,report_collection,cwhois.cnnic.cn | registered + authoritative absence | Adapter/fixture,"","","","",""
692,credit,delegated,unknown,2026-09-19,docs/audits/whois-parser-top1000-package-1-2026-09-19.md,spec/fixtures/responses/top1000_package1,report_collection,Source report lists only an unavailable endpoint result.,"","","","",""
693,moda,delegated,explicit_unsupported,2026-09-19,docs/audits/whois-parser-top1000-package-4-2026-09-19.md,spec/fixtures/responses/topdomains_package_4,report_collection,whois.nic.moda | Verified explicit unsupported-TLD denial | Added unavailable adapter,"","","","",""
694,mail,undelegated,classification_only,2026-09-19,docs/audits/whois-parser-top1000-package-4-2026-09-19.md,spec/fixtures/responses/topdomains_package_4,report_collection,"none | Excluded, undelegated | Classification only","","","","",""
695,observer,delegated,paired,2026-09-19,docs/audits/whois-parser-top1000-package-5-2026-09-19.md,spec/fixtures/responses/top1000_package5,report_collection,whois.nic.observer | registered + authoritative absence | Adapter/fixture,"","","","",""
696,domain,undelegated,classification_only,2026-09-19,docs/audits/whois-parser-top1000-package-5-2026-09-19.md,spec/fixtures/responses/top1000_package5,report_collection,no server | undelegated; excluded | No parser,"","","","",""
697,graphics,delegated,explicit_unsupported,2026-09-19,docs/audits/whois-parser-top1000-package-3-2026-09-19.md,spec/fixtures/responses/top1000_package3,report_collection,whois.nic.graphics | unavailable | Added BaseUnsupportedRegistry adapter; exact TLD-not-supported response raises unavailable,"","","","",""
698,frl,delegated,paired,2026-09-19,docs/audits/whois-parser-top1000-package-5-2026-09-19.md,spec/fixtures/responses/top1000_package5,report_collection,whois.nic.frl | registered + authoritative absence | Adapter/fixture,"","","","",""
699,limo,delegated,explicit_unsupported,2026-09-19,docs/audits/whois-parser-top1000-package-3-2026-09-19.md,spec/fixtures/responses/top1000_package3,report_collection,whois.nic.limo | unavailable | Added BaseUnsupportedRegistry adapter; exact TLD-not-supported response raises unavailable,"","","","",""
700,olk,undelegated,classification_only,2026-09-19,docs/audits/whois-parser-top1000-package-1-2026-09-19.md,spec/fixtures/responses/top1000_package1,report_collection,Source report lists this row as classification-only.,"","","","",""
701,futbol,delegated,explicit_unsupported,2026-09-19,docs/audits/whois-parser-top1000-package-3-2026-09-19.md,spec/fixtures/responses/top1000_package3,report_collection,whois.nic.futbol | unavailable | Added BaseUnsupportedRegistry adapter; exact TLD-not-supported response raises unavailable,"","","","",""
702,construction,delegated,explicit_unsupported,2026-09-19,docs/audits/whois-parser-top1000-package-4-2026-09-19.md,spec/fixtures/responses/topdomains_package_4,report_collection,whois.nic.construction | Verified explicit unsupported-TLD denial | Added unavailable adapter,"","","","",""
703,lawyer,delegated,explicit_unsupported,2026-09-19,docs/audits/whois-parser-top1000-package-2-2026-09-19.md,spec/fixtures/responses/top1000_package_2,report_collection,[whois.nic.lawyer] | parser_missing | verified_unavailable | Whois::Parsers::WhoisNicLawyer | Port-43 explicit TLD is not supported sample google.lawyer; SHA-256 029b11d654d95845f5c4158ebd2d5cdb23a54982f845c696a42552c7198ceaf3.,"","","","",""
704,js,undelegated,classification_only,2026-09-19,docs/audits/whois-parser-top1000-package-2-2026-09-19.md,spec/fixtures/responses/top1000_package_2,report_collection,— | excluded_undelegated | excluded | classification-only | No implementation: source is undelegated.,"","","","",""
705,madrid,delegated,paired,2026-09-19,docs/audits/whois-parser-top1000-package-5-2026-09-19.md,spec/fixtures/responses/top1000_package5,report_collection,whois.madrid.rs.corenic.net | registered + authoritative absence | Adapter/fixture,"","","","",""
706,equipment,delegated,explicit_unsupported,2026-09-19,docs/audits/whois-parser-top1000-package-2-2026-09-19.md,spec/fixtures/responses/top1000_package_2,report_collection,[whois.nic.equipment] | parser_missing | verified_unavailable | Whois::Parsers::WhoisNicEquipment | Port-43 explicit TLD is not supported sample google.equipment; SHA-256 d8159b0da3d0036101f62f13707e2bdea6568ede32059f74b9694cf299d93079.,"","","","",""
707,bible,delegated,unknown,2026-09-19,docs/audits/whois-parser-top1000-package-4-2026-09-19.md,spec/fixtures/responses/topdomains_package_4,report_collection,whois.nic.bible | Verified reserved-domain response | Added reservation safety adapter,"","","","",""
708,abbott,delegated,unknown,2026-09-19,docs/audits/whois-parser-top1000-package-1-2026-09-19.md,spec/fixtures/responses/top1000_package1,report_collection,Source report lists only an unavailable endpoint result.,"","","","",""
709,luxury,delegated,paired,2026-09-19,docs/audits/whois-parser-top1000-package-5-2026-09-19.md,spec/fixtures/responses/top1000_package5,report_collection,whois.nic.luxury | registered + authoritative absence | Adapter/fixture,"","","","",""
710,none,undelegated,classification_only,2026-09-19,docs/audits/whois-parser-top1000-package-3-2026-09-19.md,spec/fixtures/responses/top1000_package3,report_collection,— | excluded | ICANN undelegated; classification-only,"","","","",""
711,bbrouter,undelegated,classification_only,2026-09-19,docs/audits/whois-parser-top1000-package-4-2026-09-19.md,spec/fixtures/responses/topdomains_package_4,report_collection,"none | Excluded, undelegated | Classification only","","","","",""
712,lifestyle,delegated,explicit_unsupported,2026-09-19,docs/audits/whois-parser-top1000-package-5-2026-09-19.md,spec/fixtures/responses/top1000_package5,report_collection,whois.nic.lifestyle | explicit registry denial | No fake support,"","","","",""
713,archi,delegated,unknown,2026-09-19,docs/audits/whois-parser-top1000-package-2-2026-09-19.md,spec/fixtures/responses/top1000_package_2,report_collection,"[whois.afilias.net] | parser_present_unverified | unknown | Whois::Parsers::WhoisAfiliasNet | Shared-host sample google.bet returned explicit unsupported notice (SHA-256 f74ad65a2639f4c00f578fa1f30cb7dc42c6bbd58929e08788a09887a0ab1d95); each TLD was not re-queried after rate limiting, so no per-TLD status is claimed.","","","","",""
714,flights,delegated,unknown,2026-09-19,docs/audits/whois-parser-top1000-package-1-2026-09-19.md,spec/fixtures/responses/top1000_package1,report_collection,Source report lists only an unavailable endpoint result.,"","","","",""
715,hm,delegated,unknown,2026-09-19,docs/audits/whois-parser-top1000-package-4-2026-09-19.md,spec/fixtures/responses/topdomains_package_4,report_collection,"whois.registry.hm | Unknown, endpoint timed out | No parser conclusion","","","","",""
716,med,delegated,unknown,2026-09-19,docs/audits/whois-parser-top1000-package-3-2026-09-19.md,spec/fixtures/responses/top1000_package3,report_collection,"whois.nic.med | unknown | Port-43 response unresolved (DNS failure, timeout, or connection reset); no parser conclusion","","","","",""
717,cheap,delegated,explicit_unsupported,2026-09-19,docs/audits/whois-parser-top1000-package-5-2026-09-19.md,spec/fixtures/responses/top1000_package5,report_collection,whois.nic.cheap | explicit registry denial | No fake support,"","","","",""
718,locker,delegated,unknown,2026-09-19,docs/audits/whois-parser-top1000-package-1-2026-09-19.md,spec/fixtures/responses/top1000_package1,report_collection,Source report lists only an unavailable endpoint result.,"","","","",""
719,url,undelegated,classification_only,2026-09-19,docs/audits/whois-parser-top1000-package-5-2026-09-19.md,spec/fixtures/responses/top1000_package5,report_collection,no server | undelegated; excluded | No parser,"","","","",""
720,comundefined,undelegated,classification_only,2026-09-19,docs/audits/whois-parser-top1000-package-1-2026-09-19.md,spec/fixtures/responses/top1000_package1,report_collection,Source report lists this row as classification-only.,"","","","",""
721,luxe,delegated,unknown,2026-09-19,docs/audits/whois-parser-top1000-package-4-2026-09-19.md,spec/fixtures/responses/topdomains_package_4,report_collection,"whois.nic.luxe | Unknown, query limit exceeded | No parser conclusion","","","","",""
722,krd,delegated,unknown,2026-09-19,docs/audits/whois-parser-top1000-package-5-2026-09-19.md,spec/fixtures/responses/top1000_package5,report_collection,whois.aridnrs.net.au | endpoint unavailable | Unknown; no parser,"","","","",""
723,eth0,undelegated,classification_only,2026-09-19,docs/audits/whois-parser-top1000-package-2-2026-09-19.md,spec/fixtures/responses/top1000_package_2,report_collection,— | excluded_undelegated | excluded | classification-only | No implementation: source is undelegated.,"","","","",""
724,discount,delegated,explicit_unsupported,2026-09-19,docs/audits/whois-parser-top1000-package-5-2026-09-19.md,spec/fixtures/responses/top1000_package5,report_collection,whois.nic.discount | explicit registry denial | No fake support,"","","","",""
725,bnpparibas,delegated,unknown,2026-09-19,docs/audits/whois-parser-top1000-package-1-2026-09-19.md,spec/fixtures/responses/top1000_package1,report_collection,Source report lists only an unavailable endpoint result.,"","","","",""
726,srv,undelegated,classification_only,2026-09-19,docs/audits/whois-parser-top1000-package-3-2026-09-19.md,spec/fixtures/responses/top1000_package3,report_collection,— | excluded | ICANN undelegated; classification-only,"","","","",""
727,cars,delegated,unknown,2026-09-19,docs/audits/whois-parser-top1000-package-1-2026-09-19.md,spec/fixtures/responses/top1000_package1,report_collection,Source report lists only an unavailable endpoint result.,"","","","",""
728,jewelry,delegated,explicit_unsupported,2026-09-19,docs/audits/whois-parser-top1000-package-3-2026-09-19.md,spec/fixtures/responses/top1000_package3,report_collection,whois.nic.jewelry | unavailable | Added BaseUnsupportedRegistry adapter; exact TLD-not-supported response raises unavailable,"","","","",""
729,aw,delegated,paired,2026-09-19,docs/audits/whois-parser-top1000-package-3-2026-09-19.md,spec/fixtures/responses/top1000_package3,report_collection,whois.nic.aw | verified | Added WhoisNicAw compact registered/free adapter,"","","","",""
730,v1,undelegated,classification_only,2026-09-19,docs/audits/whois-parser-top1000-package-4-2026-09-19.md,spec/fixtures/responses/topdomains_package_4,report_collection,"none | Excluded, undelegated | Classification only","","","","",""
731,next,delegated,unknown,2026-09-19,docs/audits/whois-parser-top1000-package-1-2026-09-19.md,spec/fixtures/responses/top1000_package1,report_collection,Source report lists only an unavailable endpoint result.,"","","","",""
732,tirol,delegated,paired,2026-09-19,docs/audits/whois-parser-top1000-package-4-2026-09-19.md,spec/fixtures/responses/topdomains_package_4,report_collection,whois.nic.tirol | Verified registered + Available | Added reserved/available ICANN adapter,"","","","",""
733,boston,delegated,unknown,2026-09-19,docs/audits/whois-parser-top1000-package-3-2026-09-19.md,spec/fixtures/responses/top1000_package3,report_collection,whois.nic.boston | verified | Added BaseTop1000Icann adapter with exact current markers,"","","","",""
734,navy,delegated,explicit_unsupported,2026-09-19,docs/audits/whois-parser-top1000-package-5-2026-09-19.md,spec/fixtures/responses/top1000_package5,report_collection,whois.nic.navy | explicit registry denial | No fake support,"","","","",""
735,broker,delegated,explicit_unsupported,2026-09-19,docs/audits/whois-parser-top1000-package-3-2026-09-19.md,spec/fixtures/responses/top1000_package3,report_collection,whois.nic.broker | unavailable | Added BaseUnsupportedRegistry adapter; exact TLD-not-supported response raises unavailable,"","","","",""
736,soccer,delegated,explicit_unsupported,2026-09-19,docs/audits/whois-parser-top1000-package-4-2026-09-19.md,spec/fixtures/responses/topdomains_package_4,report_collection,whois.nic.soccer | Verified explicit unsupported-TLD denial | Added unavailable adapter,"","","","",""
737,orghttp,undelegated,classification_only,2026-09-19,docs/audits/whois-parser-top1000-package-5-2026-09-19.md,spec/fixtures/responses/top1000_package5,report_collection,no server | undelegated; excluded | No parser,"","","","",""
738,kaufen,delegated,explicit_unsupported,2026-09-19,docs/audits/whois-parser-top1000-package-4-2026-09-19.md,spec/fixtures/responses/topdomains_package_4,report_collection,whois.nic.kaufen | Verified explicit unsupported-TLD denial | Added unavailable adapter,"","","","",""
739,burp,undelegated,classification_only,2026-09-19,docs/audits/whois-parser-top1000-package-1-2026-09-19.md,spec/fixtures/responses/top1000_package1,report_collection,Source report lists this row as classification-only.,"","","","",""
740,actor,delegated,explicit_unsupported,2026-09-19,docs/audits/whois-parser-top1000-package-2-2026-09-19.md,spec/fixtures/responses/top1000_package_2,report_collection,[whois.nic.actor] | parser_missing | verified_unavailable | Whois::Parsers::WhoisNicActor | Port-43 explicit TLD is not supported sample google.actor; SHA-256 dc64fadef9e41374063d123942b7909c88b960c5e40dd9b24f11791851ca3d11.,"","","","",""
741,sydney,delegated,unknown,2026-09-19,docs/audits/whois-parser-top1000-package-1-2026-09-19.md,spec/fixtures/responses/top1000_package1,report_collection,Source report lists only an unavailable endpoint result.,"","","","",""
742,reisen,delegated,explicit_unsupported,2026-09-19,docs/audits/whois-parser-top1000-package-2-2026-09-19.md,spec/fixtures/responses/top1000_package_2,report_collection,[whois.nic.reisen] | parser_missing | verified_unavailable | Whois::Parsers::WhoisNicReisen | Port-43 explicit TLD is not supported sample google.reisen; SHA-256 c7ba48c26219d3d83dd9ad415a37a7b47586dc20b2ddf3e8c316e71c6b4df70d.,"","","","",""
743,png,undelegated,classification_only,2026-09-19,docs/audits/whois-parser-top1000-package-2-2026-09-19.md,spec/fixtures/responses/top1000_package_2,report_collection,— | excluded_undelegated | excluded | classification-only | No implementation: source is undelegated.,"","","","",""
744,mobile,delegated,unknown,2026-09-19,docs/audits/whois-parser-top1000-package-3-2026-09-19.md,spec/fixtures/responses/top1000_package3,report_collection,whois.nic.mobile | verified | Added BaseTop1000Icann adapter with exact current markers,"","","","",""
745,capetown,delegated,unknown,2026-09-19,docs/audits/whois-parser-top1000-package-1-2026-09-19.md,spec/fixtures/responses/top1000_package1,report_collection,Source report lists only an unavailable endpoint result.,"","","","",""
746,cpa,delegated,unknown,2026-09-19,docs/audits/whois-parser-top1000-package-3-2026-09-19.md,spec/fixtures/responses/top1000_package3,report_collection,— | excluded | No locked WHOIS server mapping; no parser target,"","","","",""
747,cleaning,delegated,explicit_unsupported,2026-09-19,docs/audits/whois-parser-top1000-package-4-2026-09-19.md,spec/fixtures/responses/topdomains_package_4,report_collection,whois.nic.cleaning | Verified explicit unsupported-TLD denial | Added unavailable adapter,"","","","",""
748,bmw,delegated,paired,2026-09-19,docs/audits/whois-parser-top1000-package-5-2026-09-19.md,spec/fixtures/responses/top1000_package5,report_collection,whois.nic.bmw | registered + authoritative absence | Adapter/fixture,"","","","",""
749,intranet,undelegated,classification_only,2026-09-19,docs/audits/whois-parser-top1000-package-4-2026-09-19.md,spec/fixtures/responses/topdomains_package_4,report_collection,"none | Excluded, undelegated | Classification only","","","","",""
750,tickets,delegated,paired,2026-09-19,docs/audits/whois-parser-top1000-package-5-2026-09-19.md,spec/fixtures/responses/top1000_package5,report_collection,whois.nic.tickets | registered + authoritative absence | Adapter/fixture,"","","","",""
751,joburg,delegated,unknown,2026-09-19,docs/audits/whois-parser-top1000-package-1-2026-09-19.md,spec/fixtures/responses/top1000_package1,report_collection,Source report lists only an unavailable endpoint result.,"","","","",""
752,leclerc,delegated,unknown,2026-09-19,docs/audits/whois-parser-top1000-package-4-2026-09-19.md,spec/fixtures/responses/topdomains_package_4,report_collection,"whois-leclerc.nic.fr | Unknown, DNS failure | No parser conclusion","","","","",""
753,abb,delegated,unknown,2026-09-19,docs/audits/whois-parser-top1000-package-5-2026-09-19.md,spec/fixtures/responses/top1000_package5,report_collection,"no WHOIS adapter | delegated, no WHOIS adapter | Keep None","","","","",""
754,charity,delegated,unknown,2026-09-19,docs/audits/whois-parser-top1000-package-4-2026-09-19.md,spec/fixtures/responses/topdomains_package_4,report_collection,whois.nic.charity | Verified reserved-policy response | Added reservation safety adapter,"","","","",""
755,saarland,delegated,paired,2026-09-19,docs/audits/whois-parser-top1000-package-5-2026-09-19.md,spec/fixtures/responses/top1000_package5,report_collection,whois.nic.saarland | registered + authoritative absence | Adapter/fixture,"","","","",""
756,exposed,delegated,explicit_unsupported,2026-09-19,docs/audits/whois-parser-top1000-package-3-2026-09-19.md,spec/fixtures/responses/top1000_package3,report_collection,whois.nic.exposed | unavailable | Added BaseUnsupportedRegistry adapter; exact TLD-not-supported response raises unavailable,"","","","",""
757,supplies,delegated,explicit_unsupported,2026-09-19,docs/audits/whois-parser-top1000-package-5-2026-09-19.md,spec/fixtures/responses/top1000_package5,report_collection,whois.nic.supplies | explicit registry denial | No fake support,"","","","",""
758,xn--90ais,delegated,absence_only,2026-09-19,docs/audits/whois-parser-top1000-package-4-2026-09-19.md,spec/fixtures/responses/topdomains_package_4,report_collection,whois.cctld.by | Verified object does not exist absence | Existing parser retained,"","","","",""
759,feedback,delegated,unknown,2026-09-19,docs/audits/whois-parser-top1000-package-3-2026-09-19.md,spec/fixtures/responses/top1000_package3,report_collection,whois.nic.feedback | verified | Added BaseTop1000Icann adapter with exact current markers,"","","","",""
760,tatar,delegated,paired,2026-09-19,docs/audits/whois-parser-top1000-package-4-2026-09-19.md,spec/fixtures/responses/topdomains_package_4,report_collection,whois.nic.tatar | Verified registered + object-specific no-entry | Added Tatar marker adapter,"","","","",""
761,ip,undelegated,classification_only,2026-09-19,docs/audits/whois-parser-top1000-package-1-2026-09-19.md,spec/fixtures/responses/top1000_package1,report_collection,Source report lists this row as classification-only.,"","","","",""
762,immobilien,delegated,explicit_unsupported,2026-09-19,docs/audits/whois-parser-top1000-package-4-2026-09-19.md,spec/fixtures/responses/topdomains_package_4,report_collection,whois.nic.immobilien | Verified explicit unsupported-TLD denial | Added unavailable adapter,"","","","",""
763,voyage,delegated,explicit_unsupported,2026-09-19,docs/audits/whois-parser-top1000-package-4-2026-09-19.md,spec/fixtures/responses/topdomains_package_4,report_collection,whois.nic.voyage | Verified explicit unsupported-TLD denial | Added unavailable adapter,"","","","",""
764,melbourne,delegated,unknown,2026-09-19,docs/audits/whois-parser-top1000-package-5-2026-09-19.md,spec/fixtures/responses/top1000_package5,report_collection,whois.aridnrs.net.au | endpoint unavailable | Unknown; no parser,"","","","",""
765,intern,undelegated,classification_only,2026-09-19,docs/audits/whois-parser-top1000-package-2-2026-09-19.md,spec/fixtures/responses/top1000_package_2,report_collection,— | excluded_undelegated | excluded | classification-only | No implementation: source is undelegated.,"","","","",""
766,ic,undelegated,classification_only,2026-09-19,docs/audits/whois-parser-top1000-package-3-2026-09-19.md,spec/fixtures/responses/top1000_package3,report_collection,— | excluded | ICANN undelegated; classification-only,"","","","",""
767,claims,delegated,explicit_unsupported,2026-09-19,docs/audits/whois-parser-top1000-package-3-2026-09-19.md,spec/fixtures/responses/top1000_package3,report_collection,whois.nic.claims | unavailable | Added BaseUnsupportedRegistry adapter; exact TLD-not-supported response raises unavailable,"","","","",""
768,furniture,delegated,explicit_unsupported,2026-09-19,docs/audits/whois-parser-top1000-package-2-2026-09-19.md,spec/fixtures/responses/top1000_package_2,report_collection,[whois.nic.furniture] | parser_missing | verified_unavailable | Whois::Parsers::WhoisNicFurniture | Port-43 explicit TLD is not supported sample google.furniture; SHA-256 cb3e29fe603b77e9b874cd2c98569b39b53396ae0feed0fbf24ed5cb954beab0.,"","","","",""
769,sarl,delegated,explicit_unsupported,2026-09-19,docs/audits/whois-parser-top1000-package-4-2026-09-19.md,spec/fixtures/responses/topdomains_package_4,report_collection,whois.nic.sarl | Verified explicit unsupported-TLD denial | Added unavailable adapter,"","","","",""
770,hockey,delegated,unknown,2026-09-19,docs/audits/whois-parser-top1000-package-1-2026-09-19.md,spec/fixtures/responses/top1000_package1,report_collection,Source report lists only an unavailable endpoint result.,"","","","",""
771,channel,delegated,unknown,2026-09-19,docs/audits/whois-parser-top1000-package-3-2026-09-19.md,spec/fixtures/responses/top1000_package3,report_collection,"whois.nic.google | unknown | Port-43 response unresolved (DNS failure, timeout, or connection reset); no parser conclusion","","","","",""
772,holiday,delegated,explicit_unsupported,2026-09-19,docs/audits/whois-parser-top1000-package-3-2026-09-19.md,spec/fixtures/responses/top1000_package3,report_collection,whois.nic.holiday | unavailable | Added BaseUnsupportedRegistry adapter; exact TLD-not-supported response raises unavailable,"","","","",""
773,corsica,delegated,unknown,2026-09-19,docs/audits/whois-parser-top1000-package-3-2026-09-19.md,spec/fixtures/responses/top1000_package3,report_collection,"whois-corsica.nic.fr | unknown | Port-43 response unresolved (DNS failure, timeout, or connection reset); no parser conclusion","","","","",""
774,associates,delegated,explicit_unsupported,2026-09-19,docs/audits/whois-parser-top1000-package-4-2026-09-19.md,spec/fixtures/responses/topdomains_package_4,report_collection,whois.nic.associates | Verified explicit unsupported-TLD denial | Added unavailable adapter,"","","","",""
775,gf,delegated,paired,2026-09-19,docs/audits/whois-parser-top1000-package-5-2026-09-19.md,spec/fixtures/responses/top1000_package5,report_collection,whois.mediaserv.net | registered + authoritative absence | Adapter/fixture,"","","","",""
776,ong,delegated,unknown,2026-09-19,docs/audits/whois-parser-top1000-package-4-2026-09-19.md,spec/fixtures/responses/topdomains_package_4,report_collection,whois.publicinterestregistry.net | Verified reserved-policy response | Added reservation safety adapter,"","","","",""
777,villas,delegated,explicit_unsupported,2026-09-19,docs/audits/whois-parser-top1000-package-4-2026-09-19.md,spec/fixtures/responses/topdomains_package_4,report_collection,whois.nic.villas | Verified explicit unsupported-TLD denial | Added unavailable adapter,"","","","",""
778,default,undelegated,classification_only,2026-09-19,docs/audits/whois-parser-top1000-package-4-2026-09-19.md,spec/fixtures/responses/topdomains_package_4,report_collection,"none | Excluded, undelegated | Classification only","","","","",""
779,cruises,delegated,explicit_unsupported,2026-09-19,docs/audits/whois-parser-top1000-package-4-2026-09-19.md,spec/fixtures/responses/topdomains_package_4,report_collection,whois.nic.cruises | Verified explicit unsupported-TLD denial | Added unavailable adapter,"","","","",""
780,gent,delegated,paired,2026-09-19,docs/audits/whois-parser-top1000-package-4-2026-09-19.md,spec/fixtures/responses/topdomains_package_4,report_collection,whois.nic.gent | Verified registered + DOMAIN NOT FOUND | Added CentralNic-family adapter,"","","","",""
781,yokohama,delegated,rdap_only,2026-09-19,docs/audits/whois-parser-top1000-package-3-2026-09-19.md,spec/fixtures/responses/top1000_package3,report_collection,whois.nic.yokohama | unavailable | Added BaseTop1000Retired adapter; exact RDAP-retirement notice raises unavailable,"","","","",""
782,nagoya,delegated,rdap_only,2026-09-19,docs/audits/whois-parser-top1000-package-4-2026-09-19.md,spec/fixtures/responses/topdomains_package_4,report_collection,"whois.nic.nagoya | Unknown, WHOIS retired for RDAP | No parser conclusion","","","","",""
783,xn--6frz82g,delegated,unknown,2026-09-19,docs/audits/whois-parser-top1000-package-2-2026-09-19.md,spec/fixtures/responses/top1000_package_2,report_collection,"[whois.afilias.net] | parser_present_unverified | unknown | Whois::Parsers::WhoisAfiliasNet | Shared-host sample google.bet returned explicit unsupported notice (SHA-256 f74ad65a2639f4c00f578fa1f30cb7dc42c6bbd58929e08788a09887a0ab1d95); each TLD was not re-queried after rate limiting, so no per-TLD status is claimed.","","","","",""
784,sucks,delegated,unknown,2026-09-19,docs/audits/whois-parser-top1000-package-4-2026-09-19.md,spec/fixtures/responses/topdomains_package_4,report_collection,"whois.nic.sucks | Unknown, query limit exceeded | No parser conclusion","","","","",""
785,ss,delegated,unknown,2026-09-19,docs/audits/whois-parser-top1000-package-4-2026-09-19.md,spec/fixtures/responses/topdomains_package_4,report_collection,whois.nic.ss | Verified no-object; prohibited string stays unknown | Added SSNIC safety adapter,"","","","",""
786,xn--55qx5d,delegated,unknown,2026-09-19,docs/audits/whois-parser-top1000-package-4-2026-09-19.md,spec/fixtures/responses/topdomains_package_4,report_collection,whois.ngtld.cn | Verified reserved-list response | Added reservation safety adapter,"","","","",""
787,canon,delegated,unknown,2026-09-19,docs/audits/whois-parser-top1000-package-2-2026-09-19.md,spec/fixtures/responses/top1000_package_2,report_collection,[whois.nic.canon] | parser_missing | verified_unavailable | Whois::Parsers::WhoisNicCanon | Port-43 WHOIS-retired notice sample google.canon; SHA-256 c3f431389949890809727895761aafaaa9fee3cc385721f7883d481e6435a93a.,"","","","",""
788,krhttp,undelegated,classification_only,2026-09-19,docs/audits/whois-parser-top1000-package-5-2026-09-19.md,spec/fixtures/responses/top1000_package5,report_collection,no server | undelegated; excluded | No parser,"","","","",""
789,tienda,delegated,explicit_unsupported,2026-09-19,docs/audits/whois-parser-top1000-package-1-2026-09-19.md,spec/fixtures/responses/top1000_package1,report_collection,whois.nic.tienda | Whois::Parsers::WhoisNicTienda | TLD is not supported.,"","","","",""
790,vacations,delegated,explicit_unsupported,2026-09-19,docs/audits/whois-parser-top1000-package-5-2026-09-19.md,spec/fixtures/responses/top1000_package5,report_collection,whois.nic.vacations | explicit registry denial | No fake support,"","","","",""
791,ads,delegated,unknown,2026-09-19,docs/audits/whois-parser-top1000-package-3-2026-09-19.md,spec/fixtures/responses/top1000_package3,report_collection,"whois.nic.google | unknown | Port-43 response unresolved (DNS failure, timeout, or connection reset); no parser conclusion","","","","",""
792,okinawa,delegated,rdap_only,2026-09-19,docs/audits/whois-parser-top1000-package-1-2026-09-19.md,spec/fixtures/responses/top1000_package1,report_collection,whois.nic.okinawa | Whois::Parsers::WhoisNicOkinawa | WHOIS retired; response directs callers to RDAP,"","","","",""
793,cooking,delegated,unknown,2026-09-19,docs/audits/whois-parser-top1000-package-3-2026-09-19.md,spec/fixtures/responses/top1000_package3,report_collection,whois.nic.cooking | verified | Added BaseTop1000Icann adapter with exact current markers,"","","","",""
794,jpg,undelegated,classification_only,2026-09-19,docs/audits/whois-parser-top1000-package-1-2026-09-19.md,spec/fixtures/responses/top1000_package1,report_collection,Source report lists this row as classification-only.,"","","","",""
795,car,delegated,unknown,2026-09-19,docs/audits/whois-parser-top1000-package-1-2026-09-19.md,spec/fixtures/responses/top1000_package1,report_collection,Source report lists only an unavailable endpoint result.,"","","","",""
796,comm,undelegated,classification_only,2026-09-19,docs/audits/whois-parser-top1000-package-2-2026-09-19.md,spec/fixtures/responses/top1000_package_2,report_collection,— | excluded_undelegated | excluded | classification-only | No implementation: source is undelegated.,"","","","",""
797,florist,delegated,explicit_unsupported,2026-09-19,docs/audits/whois-parser-top1000-package-2-2026-09-19.md,spec/fixtures/responses/top1000_package_2,report_collection,[whois.nic.florist] | parser_missing | verified_unavailable | Whois::Parsers::WhoisNicFlorist | Port-43 explicit TLD is not supported sample google.florist; SHA-256 e08471b050ba4f91d851fc123d094b5118286792efe80e8ed15183526dc11f59.,"","","","",""
798,diamonds,delegated,explicit_unsupported,2026-09-19,docs/audits/whois-parser-top1000-package-3-2026-09-19.md,spec/fixtures/responses/top1000_package3,report_collection,whois.nic.diamonds | unavailable | Added BaseUnsupportedRegistry adapter; exact TLD-not-supported response raises unavailable,"","","","",""
799,tennis,delegated,explicit_unsupported,2026-09-19,docs/audits/whois-parser-top1000-package-3-2026-09-19.md,spec/fixtures/responses/top1000_package3,report_collection,whois.nic.tennis | unavailable | Added BaseUnsupportedRegistry adapter; exact TLD-not-supported response raises unavailable,"","","","",""
800,mortgage,delegated,explicit_unsupported,2026-09-19,docs/audits/whois-parser-top1000-package-4-2026-09-19.md,spec/fixtures/responses/topdomains_package_4,report_collection,whois.nic.mortgage | Verified explicit unsupported-TLD denial | Added unavailable adapter,"","","","",""
801,xn--j1amh,delegated,absence_only,2026-09-19,docs/audits/whois-parser-top1000-package-3-2026-09-19.md,spec/fixtures/responses/top1000_package3,report_collection,whois.dotukr.com | verified | Added WhoisDotukrCom exact No-match adapter,"","","","",""
802,dom,undelegated,classification_only,2026-09-19,docs/audits/whois-parser-top1000-package-3-2026-09-19.md,spec/fixtures/responses/top1000_package3,report_collection,— | excluded | ICANN undelegated; classification-only,"","","","",""
803,czhttp,undelegated,classification_only,2026-09-19,docs/audits/whois-parser-top1000-package-4-2026-09-19.md,spec/fixtures/responses/topdomains_package_4,report_collection,"none | Excluded, undelegated | Classification only","","","","",""
804,apartments,delegated,explicit_unsupported,2026-09-19,docs/audits/whois-parser-top1000-package-2-2026-09-19.md,spec/fixtures/responses/top1000_package_2,report_collection,[whois.nic.apartments] | parser_missing | verified_unavailable | Whois::Parsers::WhoisNicApartments | Port-43 explicit TLD is not supported sample google.apartments; SHA-256 dc64fadef9e41374063d123942b7909c88b960c5e40dd9b24f11791851ca3d11.,"","","","",""
805,xn--80asehdb,delegated,absence_only,2026-09-19,docs/audits/whois-parser-top1000-package-5-2026-09-19.md,spec/fixtures/responses/top1000_package5,report_collection,whois.online.rs.corenic.net | authoritative absence only | Adapter; registered probe unresolved,"","","","",""
806,xn--h2brj9c,delegated,unknown,2026-09-19,docs/audits/whois-parser-top1000-package-1-2026-09-19.md,spec/fixtures/responses/top1000_package1,report_collection,Source report lists only an unavailable endpoint result.,"","","","",""
807,xn--ses554g,delegated,unknown,2026-09-19,docs/audits/whois-parser-top1000-package-1-2026-09-19.md,spec/fixtures/responses/top1000_package1,report_collection,Source report lists only an unavailable endpoint result.,"","","","",""
808,ruhttp,undelegated,classification_only,2026-09-19,docs/audits/whois-parser-top1000-package-5-2026-09-19.md,spec/fixtures/responses/top1000_package5,report_collection,no server | undelegated; excluded | No parser,"","","","",""
809,xn--3ds443g,delegated,unknown,2026-09-19,docs/audits/whois-parser-top1000-package-3-2026-09-19.md,spec/fixtures/responses/top1000_package3,report_collection,whois.teleinfo.cn | verified | Added WhoisTeleinfoCn ICANN/IDN adapter,"","","","",""
810,bargains,delegated,explicit_unsupported,2026-09-19,docs/audits/whois-parser-top1000-package-2-2026-09-19.md,spec/fixtures/responses/top1000_package_2,report_collection,[whois.nic.bargains] | parser_missing | verified_unavailable | Whois::Parsers::WhoisNicBargains | Port-43 explicit TLD is not supported sample google.bargains; SHA-256 40555c0bc4e77820ebb03bd8f71593e8f8f2dffca456b01bb51c733a5cd877ec.,"","","","",""
811,singles,delegated,unknown,2026-09-19,docs/audits/whois-parser-top1000-package-1-2026-09-19.md,spec/fixtures/responses/top1000_package1,report_collection,Source report lists only an unavailable endpoint result.,"","","","",""
812,xn--80adxhks,delegated,absence_only,2026-09-19,docs/audits/whois-parser-top1000-package-5-2026-09-19.md,spec/fixtures/responses/top1000_package5,report_collection,whois.nic.xn--80adxhks | authoritative absence only | Adapter; registered probe unresolved,"","","","",""
813,rehab,delegated,explicit_unsupported,2026-09-19,docs/audits/whois-parser-top1000-package-5-2026-09-19.md,spec/fixtures/responses/top1000_package5,report_collection,whois.nic.rehab | explicit registry denial | No fake support,"","","","",""
814,autodesk,undelegated,classification_only,2026-09-19,docs/audits/whois-parser-top1000-package-1-2026-09-19.md,spec/fixtures/responses/top1000_package1,report_collection,Source report lists this row as classification-only.,"","","","",""
815,mq,delegated,paired,2026-09-19,docs/audits/whois-parser-top1000-package-5-2026-09-19.md,spec/fixtures/responses/top1000_package5,report_collection,whois.mediaserv.net | registered + authoritative absence | Adapter/fixture,"","","","",""
816,storage,delegated,paired,2026-09-19,docs/audits/whois-parser-top1000-package-5-2026-09-19.md,spec/fixtures/responses/top1000_package5,report_collection,whois.nic.storage | registered + authoritative absence | Adapter/fixture,"","","","",""
817,hp-print-mgmt,undelegated,classification_only,2026-09-19,docs/audits/whois-parser-top1000-package-2-2026-09-19.md,spec/fixtures/responses/top1000_package_2,report_collection,— | excluded_undelegated | excluded | classification-only | No implementation: source is undelegated.,"","","","",""
818,talk,delegated,unknown,2026-09-19,docs/audits/whois-parser-top1000-package-3-2026-09-19.md,spec/fixtures/responses/top1000_package3,report_collection,"whois.nic.talk | unknown | Port-43 response unresolved (DNS failure, timeout, or connection reset); no parser conclusion","","","","",""
819,xn--3e0b707e,delegated,paired,2026-09-19,docs/audits/whois-parser-top1000-package-4-2026-09-19.md,spec/fixtures/responses/topdomains_package_4,report_collection,whois.kr | Verified registered + not-found absence | Existing Korean parser retained,"","","","",""
820,cnhttp,undelegated,classification_only,2026-09-19,docs/audits/whois-parser-top1000-package-3-2026-09-19.md,spec/fixtures/responses/top1000_package3,report_collection,— | excluded | ICANN undelegated; classification-only,"","","","",""
821,cologne,delegated,paired,2026-09-19,docs/audits/whois-parser-top1000-package-5-2026-09-19.md,spec/fixtures/responses/top1000_package5,report_collection,whois.ryce-rsp.com | registered + authoritative absence | Adapter/fixture,"","","","",""
822,contractors,delegated,explicit_unsupported,2026-09-19,docs/audits/whois-parser-top1000-package-2-2026-09-19.md,spec/fixtures/responses/top1000_package_2,report_collection,[whois.nic.contractors] | parser_missing | verified_unavailable | Whois::Parsers::WhoisNicContractors | Port-43 explicit TLD is not supported sample google.contractors; SHA-256 27d09d0888a7abc475eca5336275bce32a52418517f53823551d57ccf842cc1a.,"","","","",""
823,rugby,delegated,absence_only,2026-09-19,docs/audits/whois-parser-top1000-package-4-2026-09-19.md,spec/fixtures/responses/topdomains_package_4,report_collection,whois.centralnic.com | Verified DOMAIN NOT FOUND absence | Existing CentralNic parser retained,"","","","",""
824,voto,delegated,unknown,2026-09-19,docs/audits/whois-parser-top1000-package-2-2026-09-19.md,spec/fixtures/responses/top1000_package_2,report_collection,"[whois.afilias.net] | parser_present_unverified | unknown | Whois::Parsers::WhoisAfiliasNet | Shared-host sample google.bet returned explicit unsupported notice (SHA-256 f74ad65a2639f4c00f578fa1f30cb7dc42c6bbd58929e08788a09887a0ab1d95); each TLD was not re-queried after rate limiting, so no per-TLD status is claimed.","","","","",""
825,rsvp,delegated,unknown,2026-09-19,docs/audits/whois-parser-top1000-package-3-2026-09-19.md,spec/fixtures/responses/top1000_package3,report_collection,"whois.nic.google | unknown | Port-43 response unresolved (DNS failure, timeout, or connection reset); no parser conclusion","","","","",""
826,forex,delegated,explicit_unsupported,2026-09-19,docs/audits/whois-parser-top1000-package-4-2026-09-19.md,spec/fixtures/responses/topdomains_package_4,report_collection,whois.nic.forex | Verified explicit unsupported-TLD denial | Added unavailable adapter,"","","","",""
827,spa,delegated,unknown,2026-09-19,docs/audits/whois-parser-top1000-package-4-2026-09-19.md,spec/fixtures/responses/topdomains_package_4,report_collection,"no mapping | Excluded, no server mapping | Classification only","","","","",""
828,giving,delegated,registered_only,2026-09-19,docs/audits/whois-parser-top1000-package-2-2026-09-19.md,spec/fixtures/responses/top1000_package_2,report_collection,[whois.nic.giving] | parser_missing | verified_registered | Whois::Parsers::WhoisNicGiving | Port-43 registered sample google.giving; SHA-256 972f386270065a3a8fea59b897cb1af0621ae3d0e868d11b3a516cca6c49a532.,"","","","",""
829,pvt,undelegated,classification_only,2026-09-19,docs/audits/whois-parser-top1000-package-5-2026-09-19.md,spec/fixtures/responses/top1000_package5,report_collection,no server | undelegated; excluded | No parser,"","","","",""
830,fishing,delegated,unknown,2026-09-19,docs/audits/whois-parser-top1000-package-3-2026-09-19.md,spec/fixtures/responses/top1000_package3,report_collection,"whois.nic.fishing | unknown | Reserved marker observed; generated absence query reset, so availability unresolved","","","","",""
831,soy,delegated,unknown,2026-09-19,docs/audits/whois-parser-top1000-package-3-2026-09-19.md,spec/fixtures/responses/top1000_package3,report_collection,"whois.nic.google | unknown | Port-43 response unresolved (DNS failure, timeout, or connection reset); no parser conclusion","","","","",""
832,xn--io0a7i,delegated,unknown,2026-09-19,docs/audits/whois-parser-top1000-package-4-2026-09-19.md,spec/fixtures/responses/topdomains_package_4,report_collection,whois.ngtld.cn | Verified reserved-list response | Added reservation safety adapter,"","","","",""
833,dhl,delegated,unknown,2026-09-19,docs/audits/whois-parser-top1000-package-1-2026-09-19.md,spec/fixtures/responses/top1000_package1,report_collection,Source report lists this row as classification-only.,"","","","",""
834,lab,undelegated,classification_only,2026-09-19,docs/audits/whois-parser-top1000-package-2-2026-09-19.md,spec/fixtures/responses/top1000_package_2,report_collection,— | excluded_undelegated | excluded | classification-only | No implementation: source is undelegated.,"","","","",""
835,catering,delegated,unknown,2026-09-19,docs/audits/whois-parser-top1000-package-1-2026-09-19.md,spec/fixtures/responses/top1000_package1,report_collection,Source report lists only an unavailable endpoint result.,"","","","",""
836,googledomains,undelegated,classification_only,2026-09-19,docs/audits/whois-parser-top1000-package-3-2026-09-19.md,spec/fixtures/responses/top1000_package3,report_collection,— | excluded | ICANN undelegated; classification-only,"","","","",""
837,plumbing,delegated,explicit_unsupported,2026-09-19,docs/audits/whois-parser-top1000-package-4-2026-09-19.md,spec/fixtures/responses/topdomains_package_4,report_collection,whois.nic.plumbing | Verified explicit unsupported-TLD denial | Added unavailable adapter,"","","","",""
838,xn--o3cw4h,delegated,paired,2026-09-19,docs/audits/whois-parser-top1000-package-4-2026-09-19.md,spec/fixtures/responses/topdomains_package_4,report_collection,whois.thnic.co.th | Verified registered + no-match absence | Existing Thai parser retained,"","","","",""
839,citrix,undelegated,classification_only,2026-09-19,docs/audits/whois-parser-top1000-package-4-2026-09-19.md,spec/fixtures/responses/topdomains_package_4,report_collection,"none | Excluded, undelegated | Classification only","","","","",""
840,statefarm,delegated,unknown,2026-09-19,docs/audits/whois-parser-top1000-package-5-2026-09-19.md,spec/fixtures/responses/top1000_package5,report_collection,"no WHOIS adapter | delegated, no WHOIS adapter | Keep None","","","","",""
841,json,undelegated,classification_only,2026-09-19,docs/audits/whois-parser-top1000-package-1-2026-09-19.md,spec/fixtures/responses/top1000_package1,report_collection,Source report lists this row as classification-only.,"","","","",""
842,maison,delegated,explicit_unsupported,2026-09-19,docs/audits/whois-parser-top1000-package-1-2026-09-19.md,spec/fixtures/responses/top1000_package1,report_collection,whois.nic.maison | Whois::Parsers::WhoisNicMaison | TLD is not supported.,"","","","",""
843,career,delegated,unknown,2026-09-19,docs/audits/whois-parser-top1000-package-1-2026-09-19.md,spec/fixtures/responses/top1000_package1,report_collection,Source report lists only an unavailable endpoint result.,"","","","",""
844,lease,delegated,explicit_unsupported,2026-09-19,docs/audits/whois-parser-top1000-package-3-2026-09-19.md,spec/fixtures/responses/top1000_package3,report_collection,whois.nic.lease | unavailable | Added BaseUnsupportedRegistry adapter; exact TLD-not-supported response raises unavailable,"","","","",""
845,api,undelegated,classification_only,2026-09-19,docs/audits/whois-parser-top1000-package-2-2026-09-19.md,spec/fixtures/responses/top1000_package_2,report_collection,— | excluded_undelegated | excluded | classification-only | No implementation: source is undelegated.,"","","","",""
846,hospital,delegated,explicit_unsupported,2026-09-19,docs/audits/whois-parser-top1000-package-5-2026-09-19.md,spec/fixtures/responses/top1000_package5,report_collection,whois.nic.hospital | explicit registry denial | No fake support,"","","","",""
847,dlinkrouter,undelegated,classification_only,2026-09-19,docs/audits/whois-parser-top1000-package-3-2026-09-19.md,spec/fixtures/responses/top1000_package3,report_collection,— | excluded | ICANN undelegated; classification-only,"","","","",""
848,organic,delegated,unknown,2026-09-19,docs/audits/whois-parser-top1000-package-2-2026-09-19.md,spec/fixtures/responses/top1000_package_2,report_collection,"[whois.afilias.net] | parser_present_unverified | unknown | Whois::Parsers::WhoisAfiliasNet | Shared-host sample google.bet returned explicit unsupported notice (SHA-256 f74ad65a2639f4c00f578fa1f30cb7dc42c6bbd58929e08788a09887a0ab1d95); each TLD was not re-queried after rate limiting, so no per-TLD status is claimed.","","","","",""
849,gvc884571451de,undelegated,classification_only,2026-09-19,docs/audits/whois-parser-top1000-package-4-2026-09-19.md,spec/fixtures/responses/topdomains_package_4,report_collection,"none | Excluded, undelegated | Classification only","","","","",""
850,kred,delegated,unknown,2026-09-19,docs/audits/whois-parser-top1000-package-5-2026-09-19.md,spec/fixtures/responses/top1000_package5,report_collection,"no WHOIS adapter | delegated, no WHOIS adapter | Keep None","","","","",""
851,tl-wa850re,undelegated,classification_only,2026-09-19,docs/audits/whois-parser-top1000-package-1-2026-09-19.md,spec/fixtures/responses/top1000_package1,report_collection,Source report lists this row as classification-only.,"","","","",""
852,alsace,delegated,unknown,2026-09-19,docs/audits/whois-parser-top1000-package-2-2026-09-19.md,spec/fixtures/responses/top1000_package_2,report_collection,[whois-alsace.nic.fr] | parser_missing | unavailable | Blank | Port-43 current probe for google.alsace produced DNS/transport failure; no parser claim is made.,"","","","",""
853,realty,delegated,unknown,2026-09-19,docs/audits/whois-parser-top1000-package-3-2026-09-19.md,spec/fixtures/responses/top1000_package3,report_collection,whois.nic.realty | verified | Added BaseTop1000Icann adapter with exact current markers,"","","","",""
854,phd,delegated,unknown,2026-09-19,docs/audits/whois-parser-top1000-package-3-2026-09-19.md,spec/fixtures/responses/top1000_package3,report_collection,"whois.nic.google | unknown | Port-43 response unresolved (DNS failure, timeout, or connection reset); no parser conclusion","","","","",""
855,nethttp,undelegated,classification_only,2026-09-19,docs/audits/whois-parser-top1000-package-2-2026-09-19.md,spec/fixtures/responses/top1000_package_2,report_collection,— | excluded_undelegated | excluded | classification-only | No implementation: source is undelegated.,"","","","",""
856,country,delegated,unknown,2026-09-19,docs/audits/whois-parser-top1000-package-1-2026-09-19.md,spec/fixtures/responses/top1000_package1,report_collection,Source report lists only an unavailable endpoint result.,"","","","",""
857,rio,delegated,unknown,2026-09-19,docs/audits/whois-parser-top1000-package-4-2026-09-19.md,spec/fixtures/responses/topdomains_package_4,report_collection,"whois.gtlds.nic.br | Unknown, endpoint timed out | No parser conclusion","","","","",""
858,attorney,delegated,explicit_unsupported,2026-09-19,docs/audits/whois-parser-top1000-package-5-2026-09-19.md,spec/fixtures/responses/top1000_package5,report_collection,whois.nic.attorney | explicit registry denial | No fake support,"","","","",""
859,durban,delegated,unknown,2026-09-19,docs/audits/whois-parser-top1000-package-1-2026-09-19.md,spec/fixtures/responses/top1000_package1,report_collection,Source report lists only an unavailable endpoint result.,"","","","",""
860,scloud,undelegated,classification_only,2026-09-19,docs/audits/whois-parser-top1000-package-3-2026-09-19.md,spec/fixtures/responses/top1000_package3,report_collection,— | excluded | ICANN undelegated; classification-only,"","","","",""
861,fast,delegated,unknown,2026-09-19,docs/audits/whois-parser-top1000-package-2-2026-09-19.md,spec/fixtures/responses/top1000_package_2,report_collection,[whois.nic.fast] | parser_missing | unavailable | Blank | Port-43 current probe for google.fast produced timeout or empty response; no parser claim is made.,"","","","",""
862,cricket,delegated,unknown,2026-09-19,docs/audits/whois-parser-top1000-package-3-2026-09-19.md,spec/fixtures/responses/top1000_package3,report_collection,"whois.nic.cricket | unknown | Port-43 response unresolved (DNS failure, timeout, or connection reset); no parser conclusion","","","","",""
863,lr,delegated,unknown,2026-09-19,docs/audits/whois-parser-top1000-package-4-2026-09-19.md,spec/fixtures/responses/topdomains_package_4,report_collection,"None adapter | Excluded, adapter is None | Classification only","","","","",""
864,vodka,delegated,unknown,2026-09-19,docs/audits/whois-parser-top1000-package-3-2026-09-19.md,spec/fixtures/responses/top1000_package3,report_collection,"whois.nic.vodka | unknown | Port-43 response unresolved (DNS failure, timeout, or connection reset); no parser conclusion","","","","",""
865,eduhttp,undelegated,classification_only,2026-09-19,docs/audits/whois-parser-top1000-package-5-2026-09-19.md,spec/fixtures/responses/top1000_package5,report_collection,no server | undelegated; excluded | No parser,"","","","",""
866,xn--mk1bu44c,delegated,absence_only,2026-09-19,docs/audits/whois-parser-top1000-package-3-2026-09-19.md,spec/fixtures/responses/top1000_package3,report_collection,whois.nic.xn--mk1bu44c | verified | Added BaseTop1000Icann IDN No-match adapter,"","","","",""
867,dentist,delegated,unknown,2026-09-19,docs/audits/whois-parser-top1000-package-1-2026-09-19.md,spec/fixtures/responses/top1000_package1,report_collection,Source report lists only an unavailable endpoint result.,"","","","",""
868,kp,delegated,unknown,2026-09-19,docs/audits/whois-parser-top1000-package-1-2026-09-19.md,spec/fixtures/responses/top1000_package1,report_collection,Source report lists this row as classification-only.,"","","","",""
869,reise,delegated,unknown,2026-09-19,docs/audits/whois-parser-top1000-package-1-2026-09-19.md,spec/fixtures/responses/top1000_package1,report_collection,Source report lists only an unavailable endpoint result.,"","","","",""
870,hot,delegated,unknown,2026-09-19,docs/audits/whois-parser-top1000-package-1-2026-09-19.md,spec/fixtures/responses/top1000_package1,report_collection,Source report lists only an unavailable endpoint result.,"","","","",""
871,vnhttp,undelegated,classification_only,2026-09-19,docs/audits/whois-parser-top1000-package-2-2026-09-19.md,spec/fixtures/responses/top1000_package_2,report_collection,— | excluded_undelegated | excluded | classification-only | No implementation: source is undelegated.,"","","","",""
872,dvag,delegated,absence_only,2026-09-19,docs/audits/whois-parser-top1000-package-5-2026-09-19.md,spec/fixtures/responses/top1000_package5,report_collection,whois.nic.dvag | authoritative absence only | Adapter; registered probe unresolved,"","","","",""
873,diet,delegated,unknown,2026-09-19,docs/audits/whois-parser-top1000-package-1-2026-09-19.md,spec/fixtures/responses/top1000_package1,report_collection,Source report lists only an unavailable endpoint result.,"","","","",""
874,gripe,delegated,explicit_unsupported,2026-09-19,docs/audits/whois-parser-top1000-package-5-2026-09-19.md,spec/fixtures/responses/top1000_package5,report_collection,whois.nic.gripe | explicit registry denial | No fake support,"","","","",""
875,accountant,delegated,unknown,2026-09-19,docs/audits/whois-parser-top1000-package-4-2026-09-19.md,spec/fixtures/responses/topdomains_package_4,report_collection,whois.nic.accountant | Verified reserved-domain response | Added reservation safety adapter,"","","","",""
876,esq,delegated,unknown,2026-09-19,docs/audits/whois-parser-top1000-package-3-2026-09-19.md,spec/fixtures/responses/top1000_package3,report_collection,"whois.nic.google | unknown | Port-43 response unresolved (DNS failure, timeout, or connection reset); no parser conclusion","","","","",""
877,kn,delegated,registered_only,2026-09-19,docs/audits/whois-parser-top1000-package-2-2026-09-19.md,spec/fixtures/responses/top1000_package_2,report_collection,[whois.nic.kn] | parser_missing | verified_registered | Whois::Parsers::WhoisNicKn | Port-43 registered sample google.kn; SHA-256 0bf69f88024e1d3420f4f3479c98d7e6bd1b1931b21513e3382b2db28c666b8b.,"","","","",""
878,dehttp,undelegated,classification_only,2026-09-19,docs/audits/whois-parser-top1000-package-3-2026-09-19.md,spec/fixtures/responses/top1000_package3,report_collection,— | excluded | ICANN undelegated; classification-only,"","","","",""
879,getcacheddhcpresultsforcurrentconfig,undelegated,classification_only,2026-09-19,docs/audits/whois-parser-top1000-package-4-2026-09-19.md,spec/fixtures/responses/topdomains_package_4,report_collection,"none | Excluded, undelegated | Classification only","","","","",""
880,or,undelegated,classification_only,2026-09-19,docs/audits/whois-parser-top1000-package-5-2026-09-19.md,spec/fixtures/responses/top1000_package5,report_collection,no server | undelegated; excluded | No parser,"","","","",""
881,deal,delegated,unknown,2026-09-19,docs/audits/whois-parser-top1000-package-1-2026-09-19.md,spec/fixtures/responses/top1000_package1,report_collection,Source report lists only an unavailable endpoint result.,"","","","",""
882,abudhabi,delegated,unknown,2026-09-19,docs/audits/whois-parser-top1000-package-2-2026-09-19.md,spec/fixtures/responses/top1000_package_2,report_collection,[whois.nic.abudhabi] | parser_missing | unknown | Blank | Port-43 sample google.abudhabi returned Reserved Domain Name; reserved/negative evidence is not treated as availability and no parser was added.,"","","","",""
883,flowers,delegated,unknown,2026-09-19,docs/audits/whois-parser-top1000-package-1-2026-09-19.md,spec/fixtures/responses/top1000_package1,report_collection,Source report lists only an unavailable endpoint result.,"","","","",""
884,gn,delegated,unknown,2026-09-19,docs/audits/whois-parser-top1000-package-1-2026-09-19.md,spec/fixtures/responses/top1000_package1,report_collection,Source report lists this row as classification-only.,"","","","",""
885,xn--czru2d,delegated,paired,2026-09-19,docs/audits/whois-parser-top1000-package-5-2026-09-19.md,spec/fixtures/responses/top1000_package5,report_collection,whois.gtld.knet.cn | registered + authoritative absence | Adapter/fixture,"","","","",""
886,nhk,delegated,unknown,2026-09-19,docs/audits/whois-parser-top1000-package-2-2026-09-19.md,spec/fixtures/responses/top1000_package_2,report_collection,— | adapter_none_excluded | excluded | classification-only | No implementation: server adapter is None.,"","","","",""
887,xn--t60b56a,delegated,paired,2026-09-19,docs/audits/whois-parser-top1000-package-5-2026-09-19.md,spec/fixtures/responses/top1000_package5,report_collection,whois.nic.xn--t60b56a | registered + authoritative absence | Adapter/fixture,"","","","",""
888,physio,delegated,unknown,2026-09-19,docs/audits/whois-parser-top1000-package-5-2026-09-19.md,spec/fixtures/responses/top1000_package5,report_collection,whois.nic.physio | GlobalBlock/not available notice | Unknown; no parser,"","","","",""
889,crs,delegated,unknown,2026-09-19,docs/audits/whois-parser-top1000-package-3-2026-09-19.md,spec/fixtures/responses/top1000_package3,report_collection,— | excluded | Server adapter None; no port-43 parser,"","","","",""
890,spot,delegated,unknown,2026-09-19,docs/audits/whois-parser-top1000-package-3-2026-09-19.md,spec/fixtures/responses/top1000_package3,report_collection,"whois.nic.spot | unknown | Port-43 response unresolved (DNS failure, timeout, or connection reset); no parser conclusion","","","","",""
891,domainforsale,undelegated,classification_only,2026-09-19,docs/audits/whois-parser-top1000-package-4-2026-09-19.md,spec/fixtures/responses/topdomains_package_4,report_collection,"none | Excluded, undelegated | Classification only","","","","",""
892,theater,delegated,explicit_unsupported,2026-09-19,docs/audits/whois-parser-top1000-package-4-2026-09-19.md,spec/fixtures/responses/topdomains_package_4,report_collection,whois.nic.theater | Verified explicit unsupported-TLD denial | Added unavailable adapter,"","","","",""
893,metadata,undelegated,classification_only,2026-09-19,docs/audits/whois-parser-top1000-package-5-2026-09-19.md,spec/fixtures/responses/top1000_package5,report_collection,no server | undelegated; excluded | No parser,"","","","",""
894,xn--6qq986b3xl,delegated,paired,2026-09-19,docs/audits/whois-parser-top1000-package-5-2026-09-19.md,spec/fixtures/responses/top1000_package5,report_collection,whois.gtld.knet.cn | registered + authoritative absence | Adapter/fixture,"","","","",""
895,realtek,undelegated,classification_only,2026-09-19,docs/audits/whois-parser-top1000-package-1-2026-09-19.md,spec/fixtures/responses/top1000_package1,report_collection,Source report lists this row as classification-only.,"","","","",""
896,dns,undelegated,classification_only,2026-09-19,docs/audits/whois-parser-top1000-package-2-2026-09-19.md,spec/fixtures/responses/top1000_package_2,report_collection,— | excluded_undelegated | excluded | classification-only | No implementation: source is undelegated.,"","","","",""
897,xn--80aswg,delegated,absence_only,2026-09-19,docs/audits/whois-parser-top1000-package-5-2026-09-19.md,spec/fixtures/responses/top1000_package5,report_collection,whois.online.rs.corenic.net | authoritative absence only | Adapter; registered probe unresolved,"","","","",""
898,surgery,delegated,explicit_unsupported,2026-09-19,docs/audits/whois-parser-top1000-package-4-2026-09-19.md,spec/fixtures/responses/topdomains_package_4,report_collection,whois.nic.surgery | Verified explicit unsupported-TLD denial | Added unavailable adapter,"","","","",""
899,tires,delegated,explicit_unsupported,2026-09-19,docs/audits/whois-parser-top1000-package-3-2026-09-19.md,spec/fixtures/responses/top1000_package3,report_collection,whois.nic.tires | unavailable | Added BaseUnsupportedRegistry adapter; exact TLD-not-supported response raises unavailable,"","","","",""
900,login,undelegated,classification_only,2026-09-19,docs/audits/whois-parser-top1000-package-3-2026-09-19.md,spec/fixtures/responses/top1000_package3,report_collection,— | excluded | ICANN undelegated; classification-only,"","","","",""
901,mp3,undelegated,classification_only,2026-09-19,docs/audits/whois-parser-top1000-package-4-2026-09-19.md,spec/fixtures/responses/topdomains_package_4,report_collection,"none | Excluded, undelegated | Classification only","","","","",""
902,siriinternet,undelegated,classification_only,2026-09-19,docs/audits/whois-parser-top1000-package-5-2026-09-19.md,spec/fixtures/responses/top1000_package5,report_collection,no server | undelegated; excluded | No parser,"","","","",""
903,xn--5tzm5g,delegated,unknown,2026-09-19,docs/audits/whois-parser-top1000-package-4-2026-09-19.md,spec/fixtures/responses/topdomains_package_4,report_collection,"whois.nic.xn--5tzm5g | Excluded, None adapter | Classification only","","","","",""
904,republican,delegated,explicit_unsupported,2026-09-19,docs/audits/whois-parser-top1000-package-2-2026-09-19.md,spec/fixtures/responses/top1000_package_2,report_collection,[whois.nic.republican] | parser_missing | verified_unavailable | Whois::Parsers::WhoisNicRepublican | Port-43 explicit TLD is not supported sample google.republican; SHA-256 fe83b5c5d55800c8a777f022255f4aea95d3f6457b9e93ccd584d9d4a22f908a.,"","","","",""
905,comms-appx-web,undelegated,classification_only,2026-09-19,docs/audits/whois-parser-top1000-package-1-2026-09-19.md,spec/fixtures/responses/top1000_package1,report_collection,Source report lists this row as classification-only.,"","","","",""
906,commarket,undelegated,classification_only,2026-09-19,docs/audits/whois-parser-top1000-package-2-2026-09-19.md,spec/fixtures/responses/top1000_package_2,report_collection,— | excluded_undelegated | excluded | classification-only | No implementation: source is undelegated.,"","","","",""
907,config,undelegated,classification_only,2026-09-19,docs/audits/whois-parser-top1000-package-3-2026-09-19.md,spec/fixtures/responses/top1000_package3,report_collection,— | excluded | ICANN undelegated; classification-only,"","","","",""
908,accountants,delegated,explicit_unsupported,2026-09-19,docs/audits/whois-parser-top1000-package-5-2026-09-19.md,spec/fixtures/responses/top1000_package5,report_collection,whois.nic.accountants | explicit registry denial | No fake support,"","","","",""
909,williamhill,delegated,unknown,2026-09-19,docs/audits/whois-parser-top1000-package-4-2026-09-19.md,spec/fixtures/responses/topdomains_package_4,report_collection,"none | Excluded, None adapter | Classification only","","","","",""
910,router,undelegated,classification_only,2026-09-19,docs/audits/whois-parser-top1000-package-5-2026-09-19.md,spec/fixtures/responses/top1000_package5,report_collection,no server | undelegated; excluded | No parser,"","","","",""
911,xn--tckwe,delegated,paired,2026-09-19,docs/audits/whois-parser-top1000-package-1-2026-09-19.md,spec/fixtures/responses/top1000_package1,report_collection,whois.nic.xn--tckwe | Whois::Parsers::WhoisNicXnTckwe | VeriSign record; No match for absence marker,"","","","",""
912,mob,undelegated,classification_only,2026-09-19,docs/audits/whois-parser-top1000-package-1-2026-09-19.md,spec/fixtures/responses/top1000_package1,report_collection,Source report lists this row as classification-only.,"","","","",""
913,pri,undelegated,classification_only,2026-09-19,docs/audits/whois-parser-top1000-package-2-2026-09-19.md,spec/fixtures/responses/top1000_package_2,report_collection,— | excluded_undelegated | excluded | classification-only | No implementation: source is undelegated.,"","","","",""
914,omicron,undelegated,classification_only,2026-09-19,docs/audits/whois-parser-top1000-package-3-2026-09-19.md,spec/fixtures/responses/top1000_package3,report_collection,— | excluded | ICANN undelegated; classification-only,"","","","",""
915,osaka,delegated,unknown,2026-09-19,docs/audits/whois-parser-top1000-package-3-2026-09-19.md,spec/fixtures/responses/top1000_package3,report_collection,"whois.nic.osaka | unknown | Port-43 response unresolved (DNS failure, timeout, or connection reset); no parser conclusion","","","","",""
916,exe,undelegated,classification_only,2026-09-19,docs/audits/whois-parser-top1000-package-4-2026-09-19.md,spec/fixtures/responses/topdomains_package_4,report_collection,"none | Excluded, undelegated | Classification only","","","","",""
917,hiboard,undelegated,classification_only,2026-09-19,docs/audits/whois-parser-top1000-package-5-2026-09-19.md,spec/fixtures/responses/top1000_package5,report_collection,no server | undelegated; excluded | No parser,"","","","",""
918,txt,undelegated,classification_only,2026-09-19,docs/audits/whois-parser-top1000-package-1-2026-09-19.md,spec/fixtures/responses/top1000_package1,report_collection,Source report lists this row as classification-only.,"","","","",""
919,moi,delegated,unknown,2026-09-19,docs/audits/whois-parser-top1000-package-1-2026-09-19.md,spec/fixtures/responses/top1000_package1,report_collection,Source report lists only an unavailable endpoint result.,"","","","",""
920,ithttp,undelegated,classification_only,2026-09-19,docs/audits/whois-parser-top1000-package-2-2026-09-19.md,spec/fixtures/responses/top1000_package_2,report_collection,— | excluded_undelegated | excluded | classification-only | No implementation: source is undelegated.,"","","","",""
921,pharmacy,delegated,unknown,2026-09-19,docs/audits/whois-parser-top1000-package-3-2026-09-19.md,spec/fixtures/responses/top1000_package3,report_collection,— | excluded | Server adapter None; no port-43 parser,"","","","",""
922,dealer,delegated,unknown,2026-09-19,docs/audits/whois-parser-top1000-package-4-2026-09-19.md,spec/fixtures/responses/topdomains_package_4,report_collection,"none | Excluded, None adapter | Classification only","","","","",""
923,creditcard,delegated,explicit_unsupported,2026-09-19,docs/audits/whois-parser-top1000-package-2-2026-09-19.md,spec/fixtures/responses/top1000_package_2,report_collection,[whois.nic.creditcard] | parser_missing | verified_unavailable | Whois::Parsers::WhoisNicCreditcard | Port-43 explicit TLD is not supported sample google.creditcard; SHA-256 78e1be15dfc066193a7207fa11fcdb5d611809a0f0a4720c7f2c4eaaae8c8299.,"","","","",""
924,xn--q9jyb4c,delegated,unknown,2026-09-19,docs/audits/whois-parser-top1000-package-3-2026-09-19.md,spec/fixtures/responses/top1000_package3,report_collection,"whois.nic.google | unknown | Port-43 response unresolved (DNS failure, timeout, or connection reset); no parser conclusion","","","","",""
925,priv,undelegated,classification_only,2026-09-19,docs/audits/whois-parser-top1000-package-5-2026-09-19.md,spec/fixtures/responses/top1000_package5,report_collection,no server | undelegated; excluded | No parser,"","","","",""
926,gw,delegated,unknown,2026-09-19,docs/audits/whois-parser-top1000-package-1-2026-09-19.md,spec/fixtures/responses/top1000_package1,report_collection,Source report lists this row as classification-only.,"","","","",""
927,cboxh,undelegated,classification_only,2026-09-19,docs/audits/whois-parser-top1000-package-2-2026-09-19.md,spec/fixtures/responses/top1000_package_2,report_collection,— | excluded_undelegated | excluded | classification-only | No implementation: source is undelegated.,"","","","",""
928,hola,undelegated,classification_only,2026-09-19,docs/audits/whois-parser-top1000-package-3-2026-09-19.md,spec/fixtures/responses/top1000_package3,report_collection,— | excluded | ICANN undelegated; classification-only,"","","","",""
929,gop,delegated,unknown,2026-09-19,docs/audits/whois-parser-top1000-package-2-2026-09-19.md,spec/fixtures/responses/top1000_package_2,report_collection,[whois.nic.gop] | parser_missing | unavailable | Blank | Port-43 current probe for google.gop produced DNS/transport failure; no parser claim is made.,"","","","",""
930,tcs,undelegated,classification_only,2026-09-19,docs/audits/whois-parser-top1000-package-4-2026-09-19.md,spec/fixtures/responses/topdomains_package_4,report_collection,"none | Excluded, undelegated | Classification only","","","","",""
931,xn--j6w193g,delegated,absence_only,2026-09-19,docs/audits/whois-parser-top1000-package-4-2026-09-19.md,spec/fixtures/responses/topdomains_package_4,report_collection,whois.hkirc.hk | Verified not-registered absence | Existing HKIRC parser retained,"","","","",""
932,condos,delegated,explicit_unsupported,2026-09-19,docs/audits/whois-parser-top1000-package-3-2026-09-19.md,spec/fixtures/responses/top1000_package3,report_collection,whois.nic.condos | unavailable | Added BaseUnsupportedRegistry adapter; exact TLD-not-supported response raises unavailable,"","","","",""
933,mars,undelegated,classification_only,2026-09-19,docs/audits/whois-parser-top1000-package-5-2026-09-19.md,spec/fixtures/responses/top1000_package5,report_collection,no server | undelegated; excluded | No parser,"","","","",""
934,cnb,undelegated,classification_only,2026-09-19,docs/audits/whois-parser-top1000-package-1-2026-09-19.md,spec/fixtures/responses/top1000_package1,report_collection,Source report lists this row as classification-only.,"","","","",""
935,iphone,undelegated,classification_only,2026-09-19,docs/audits/whois-parser-top1000-package-2-2026-09-19.md,spec/fixtures/responses/top1000_package_2,report_collection,— | excluded_undelegated | excluded | classification-only | No implementation: source is undelegated.,"","","","",""
936,mibhigh,undelegated,classification_only,2026-09-19,docs/audits/whois-parser-top1000-package-3-2026-09-19.md,spec/fixtures/responses/top1000_package3,report_collection,— | excluded | ICANN undelegated; classification-only,"","","","",""
937,kyoto,delegated,rdap_only,2026-09-19,docs/audits/whois-parser-top1000-package-3-2026-09-19.md,spec/fixtures/responses/top1000_package3,report_collection,whois.nic.kyoto | unavailable | Added BaseTop1000Retired adapter; exact RDAP-retirement notice raises unavailable,"","","","",""
938,private,undelegated,classification_only,2026-09-19,docs/audits/whois-parser-top1000-package-4-2026-09-19.md,spec/fixtures/responses/topdomains_package_4,report_collection,"none | Excluded, undelegated | Classification only","","","","",""
939,jphttp,undelegated,classification_only,2026-09-19,docs/audits/whois-parser-top1000-package-5-2026-09-19.md,spec/fixtures/responses/top1000_package5,report_collection,no server | undelegated; excluded | No parser,"","","","",""
940,hiphop,delegated,unknown,2026-09-19,docs/audits/whois-parser-top1000-package-1-2026-09-19.md,spec/fixtures/responses/top1000_package1,report_collection,Source report lists only an unavailable endpoint result.,"","","","",""
941,argocd-repo-server,undelegated,classification_only,2026-09-19,docs/audits/whois-parser-top1000-package-1-2026-09-19.md,spec/fixtures/responses/top1000_package1,report_collection,Source report lists this row as classification-only.,"","","","",""
942,android,delegated,unknown,2026-09-19,docs/audits/whois-parser-top1000-package-3-2026-09-19.md,spec/fixtures/responses/top1000_package3,report_collection,"whois.nic.google | unknown | Port-43 response unresolved (DNS failure, timeout, or connection reset); no parser conclusion","","","","",""
943,mib2p,undelegated,classification_only,2026-09-19,docs/audits/whois-parser-top1000-package-2-2026-09-19.md,spec/fixtures/responses/top1000_package_2,report_collection,— | excluded_undelegated | excluded | classification-only | No implementation: source is undelegated.,"","","","",""
944,go,undelegated,classification_only,2026-09-19,docs/audits/whois-parser-top1000-package-3-2026-09-19.md,spec/fixtures/responses/top1000_package3,report_collection,— | excluded | ICANN undelegated; classification-only,"","","","",""
945,barclays,delegated,absence_only,2026-09-19,docs/audits/whois-parser-top1000-package-5-2026-09-19.md,spec/fixtures/responses/top1000_package5,report_collection,whois.nic.barclays | authoritative absence only | Adapter; registered probe unresolved,"","","","",""
946,lcl,undelegated,classification_only,2026-09-19,docs/audits/whois-parser-top1000-package-4-2026-09-19.md,spec/fixtures/responses/topdomains_package_4,report_collection,"none | Excluded, undelegated | Classification only","","","","",""
947,post,delegated,paired,2026-09-19,docs/audits/whois-parser-top1000-package-5-2026-09-19.md,spec/fixtures/responses/top1000_package5,report_collection,whois.dotpostregistry.net | registered + authoritative absence | Existing parser verified,"","","","",""
948,warp-svc,undelegated,classification_only,2026-09-19,docs/audits/whois-parser-top1000-package-5-2026-09-19.md,spec/fixtures/responses/top1000_package5,report_collection,no server | undelegated; excluded | No parser,"","","","",""
949,xn--czr694b,delegated,unknown,2026-09-19,docs/audits/whois-parser-top1000-package-1-2026-09-19.md,spec/fixtures/responses/top1000_package1,report_collection,Source report lists this row as classification-only.,"","","","",""
950,toyota,delegated,rdap_only,2026-09-19,docs/audits/whois-parser-top1000-package-3-2026-09-19.md,spec/fixtures/responses/top1000_package3,report_collection,whois.nic.toyota | unavailable | Added BaseTop1000Retired adapter; exact RDAP-retirement notice raises unavailable,"","","","",""
951,no-data,undelegated,classification_only,2026-09-19,docs/audits/whois-parser-top1000-package-2-2026-09-19.md,spec/fixtures/responses/top1000_package_2,report_collection,— | excluded_undelegated | excluded | classification-only | No implementation: source is undelegated.,"","","","",""
952,grp,undelegated,classification_only,2026-09-19,docs/audits/whois-parser-top1000-package-3-2026-09-19.md,spec/fixtures/responses/top1000_package3,report_collection,— | excluded | ICANN undelegated; classification-only,"","","","",""
953,hkhttp,undelegated,classification_only,2026-09-19,docs/audits/whois-parser-top1000-package-4-2026-09-19.md,spec/fixtures/responses/topdomains_package_4,report_collection,"none | Excluded, undelegated | Classification only","","","","",""
954,democrat,delegated,explicit_unsupported,2026-09-19,docs/audits/whois-parser-top1000-package-4-2026-09-19.md,spec/fixtures/responses/topdomains_package_4,report_collection,whois.nic.democrat | Verified explicit unsupported-TLD denial | Added unavailable adapter,"","","","",""
955,ico,undelegated,classification_only,2026-09-19,docs/audits/whois-parser-top1000-package-5-2026-09-19.md,spec/fixtures/responses/top1000_package5,report_collection,no server | undelegated; excluded | No parser,"","","","",""
956,blank,undelegated,classification_only,2026-09-19,docs/audits/whois-parser-top1000-package-1-2026-09-19.md,spec/fixtures/responses/top1000_package1,report_collection,Source report lists this row as classification-only.,"","","","",""
957,select,delegated,registered_only,2026-09-19,docs/audits/whois-parser-top1000-package-2-2026-09-19.md,spec/fixtures/responses/top1000_package_2,report_collection,[whois.nic.select] | parser_missing | verified_registered | Whois::Parsers::WhoisNicSelect | Port-43 registered sample google.select; SHA-256 2af89bbce702200cd5c130ba5daa2d84921c19bcaa39a4c8444d93f386fafec1.,"","","","",""
958,data,delegated,unknown,2026-09-19,docs/audits/whois-parser-top1000-package-3-2026-09-19.md,spec/fixtures/responses/top1000_package3,report_collection,whois.nic.data | verified | Added BaseTop1000Icann adapter with exact current markers,"","","","",""
959,dll,undelegated,classification_only,2026-09-19,docs/audits/whois-parser-top1000-package-2-2026-09-19.md,spec/fixtures/responses/top1000_package_2,report_collection,— | excluded_undelegated | excluded | classification-only | No implementation: source is undelegated.,"","","","",""
960,admin,undelegated,classification_only,2026-09-19,docs/audits/whois-parser-top1000-package-3-2026-09-19.md,spec/fixtures/responses/top1000_package3,report_collection,— | excluded | ICANN undelegated; classification-only,"","","","",""
961,xn--d1acj3b,delegated,paired,2026-09-19,docs/audits/whois-parser-top1000-package-1-2026-09-19.md,spec/fixtures/responses/top1000_package1,report_collection,whois.nic.xn--d1acj3b | Whois::Parsers::WhoisNicXnD1acj3b | CentralNic ICANN record; object-not-found absence marker,"","","","",""
962,man,delegated,unknown,2026-09-19,docs/audits/whois-parser-top1000-package-3-2026-09-19.md,spec/fixtures/responses/top1000_package3,report_collection,whois.nic.man | verified | Added BaseTop1000Icann adapter with exact current markers,"","","","",""
963,cisco,delegated,unknown,2026-09-19,docs/audits/whois-parser-top1000-package-4-2026-09-19.md,spec/fixtures/responses/topdomains_package_4,report_collection,"none | Excluded, None adapter | Classification only","","","","",""
964,nlhttp,undelegated,classification_only,2026-09-19,docs/audits/whois-parser-top1000-package-5-2026-09-19.md,spec/fixtures/responses/top1000_package5,report_collection,no server | undelegated; excluded | No parser,"","","","",""
965,prof,delegated,unknown,2026-09-19,docs/audits/whois-parser-top1000-package-3-2026-09-19.md,spec/fixtures/responses/top1000_package3,report_collection,"whois.nic.google | unknown | Port-43 response unresolved (DNS failure, timeout, or connection reset); no parser conclusion","","","","",""
966,comv1,undelegated,classification_only,2026-09-19,docs/audits/whois-parser-top1000-package-1-2026-09-19.md,spec/fixtures/responses/top1000_package1,report_collection,Source report lists this row as classification-only.,"","","","",""
967,comt,undelegated,classification_only,2026-09-19,docs/audits/whois-parser-top1000-package-2-2026-09-19.md,spec/fixtures/responses/top1000_package_2,report_collection,— | excluded_undelegated | excluded | classification-only | No implementation: source is undelegated.,"","","","",""
968,degree,delegated,explicit_unsupported,2026-09-19,docs/audits/whois-parser-top1000-package-3-2026-09-19.md,spec/fixtures/responses/top1000_package3,report_collection,whois.nic.degree | unavailable | Added BaseUnsupportedRegistry adapter; exact TLD-not-supported response raises unavailable,"","","","",""
969,wifi,undelegated,classification_only,2026-09-19,docs/audits/whois-parser-top1000-package-3-2026-09-19.md,spec/fixtures/responses/top1000_package3,report_collection,— | excluded | ICANN undelegated; classification-only,"","","","",""
970,cnnull,undelegated,classification_only,2026-09-19,docs/audits/whois-parser-top1000-package-4-2026-09-19.md,spec/fixtures/responses/topdomains_package_4,report_collection,"none | Excluded, undelegated | Classification only","","","","",""
971,root,undelegated,classification_only,2026-09-19,docs/audits/whois-parser-top1000-package-5-2026-09-19.md,spec/fixtures/responses/top1000_package5,report_collection,no server | undelegated; excluded | No parser,"","","","",""
972,content,undelegated,classification_only,2026-09-19,docs/audits/whois-parser-top1000-package-1-2026-09-19.md,spec/fixtures/responses/top1000_package1,report_collection,Source report lists this row as classification-only.,"","","","",""
973,ntt,delegated,unknown,2026-09-19,docs/audits/whois-parser-top1000-package-2-2026-09-19.md,spec/fixtures/responses/top1000_package_2,report_collection,— | adapter_none_excluded | excluded | classification-only | No implementation: server adapter is None.,"","","","",""
974,memorial,delegated,explicit_unsupported,2026-09-19,docs/audits/whois-parser-top1000-package-4-2026-09-19.md,spec/fixtures/responses/topdomains_package_4,report_collection,whois.nic.memorial | Verified explicit unsupported-TLD denial | Added unavailable adapter,"","","","",""
975,belkin,undelegated,classification_only,2026-09-19,docs/audits/whois-parser-top1000-package-3-2026-09-19.md,spec/fixtures/responses/top1000_package3,report_collection,— | excluded | ICANN undelegated; classification-only,"","","","",""
976,yun,delegated,unknown,2026-09-19,docs/audits/whois-parser-top1000-package-3-2026-09-19.md,spec/fixtures/responses/top1000_package3,report_collection,whois.teleinfo.cn | verified | Added WhoisTeleinfoCn ICANN/IDN adapter,"","","","",""
977,fk,delegated,unknown,2026-09-19,docs/audits/whois-parser-top1000-package-4-2026-09-19.md,spec/fixtures/responses/topdomains_package_4,report_collection,"none | Excluded, None adapter | Classification only","","","","",""
978,airforce,delegated,explicit_unsupported,2026-09-19,docs/audits/whois-parser-top1000-package-4-2026-09-19.md,spec/fixtures/responses/topdomains_package_4,report_collection,whois.nic.airforce | Verified explicit unsupported-TLD denial | Added unavailable adapter,"","","","",""
979,xn--kput3i,delegated,unknown,2026-09-19,docs/audits/whois-parser-top1000-package-2-2026-09-19.md,spec/fixtures/responses/top1000_package_2,report_collection,[whois.nic.xn--kput3i] | parser_missing | unknown | Blank | Port-43 sample google.xn--kput3i returned Internationalized Domain Name: google.手机; reserved/negative evidence is not treated as availability and no parser was added.,"","","","",""
980,unused,undelegated,classification_only,2026-09-19,docs/audits/whois-parser-top1000-package-5-2026-09-19.md,spec/fixtures/responses/top1000_package5,report_collection,no server | undelegated; excluded | No parser,"","","","",""
981,gn-cn,undelegated,classification_only,2026-09-19,docs/audits/whois-parser-top1000-package-1-2026-09-19.md,spec/fixtures/responses/top1000_package1,report_collection,Source report lists this row as classification-only.,"","","","",""
982,gbl,undelegated,classification_only,2026-09-19,docs/audits/whois-parser-top1000-package-2-2026-09-19.md,spec/fixtures/responses/top1000_package_2,report_collection,— | excluded_undelegated | excluded | classification-only | No implementation: source is undelegated.,"","","","",""
983,pdfpro,undelegated,classification_only,2026-09-19,docs/audits/whois-parser-top1000-package-3-2026-09-19.md,spec/fixtures/responses/top1000_package3,report_collection,— | excluded | ICANN undelegated; classification-only,"","","","",""
984,cahttp,undelegated,classification_only,2026-09-19,docs/audits/whois-parser-top1000-package-4-2026-09-19.md,spec/fixtures/responses/topdomains_package_4,report_collection,"none | Excluded, undelegated | Classification only","","","","",""
985,pay,delegated,unknown,2026-09-19,docs/audits/whois-parser-top1000-package-2-2026-09-19.md,spec/fixtures/responses/top1000_package_2,report_collection,[whois.nic.pay] | parser_missing | unavailable | Blank | Port-43 current probe for google.pay produced timeout or empty response; no parser claim is made.,"","","","",""
986,xn--90ae,delegated,unknown,2026-09-19,docs/audits/whois-parser-top1000-package-5-2026-09-19.md,spec/fixtures/responses/top1000_package5,report_collection,"no WHOIS adapter | delegated, no WHOIS adapter | Keep None","","","","",""
987,empty,undelegated,classification_only,2026-09-19,docs/audits/whois-parser-top1000-package-1-2026-09-19.md,spec/fixtures/responses/top1000_package1,report_collection,Source report lists this row as classification-only.,"","","","",""
988,coms,undelegated,classification_only,2026-09-19,docs/audits/whois-parser-top1000-package-2-2026-09-19.md,spec/fixtures/responses/top1000_package_2,report_collection,— | excluded_undelegated | excluded | classification-only | No implementation: source is undelegated.,"","","","",""
989,yu,undelegated,classification_only,2026-09-19,docs/audits/whois-parser-top1000-package-3-2026-09-19.md,spec/fixtures/responses/top1000_package3,report_collection,— | excluded | ICANN undelegated; classification-only,"","","","",""
990,master,undelegated,classification_only,2026-09-19,docs/audits/whois-parser-top1000-package-4-2026-09-19.md,spec/fixtures/responses/topdomains_package_4,report_collection,"none | Excluded, undelegated | Classification only","","","","",""
991,citic,delegated,unknown,2026-09-19,docs/audits/whois-parser-top1000-package-5-2026-09-19.md,spec/fixtures/responses/top1000_package5,report_collection,"no WHOIS adapter | delegated, no WHOIS adapter | Keep None","","","","",""
992,qtq,undelegated,classification_only,2026-09-19,docs/audits/whois-parser-top1000-package-1-2026-09-19.md,spec/fixtures/responses/top1000_package1,report_collection,Source report lists this row as classification-only.,"","","","",""
993,viajes,delegated,explicit_unsupported,2026-09-19,docs/audits/whois-parser-top1000-package-3-2026-09-19.md,spec/fixtures/responses/top1000_package3,report_collection,whois.nic.viajes | unavailable | Added BaseUnsupportedRegistry adapter; exact TLD-not-supported response raises unavailable,"","","","",""
994,eunull,undelegated,classification_only,2026-09-19,docs/audits/whois-parser-top1000-package-2-2026-09-19.md,spec/fixtures/responses/top1000_package_2,report_collection,— | excluded_undelegated | excluded | classification-only | No implementation: source is undelegated.,"","","","",""
995,hotspot-50,undelegated,classification_only,2026-09-19,docs/audits/whois-parser-top1000-package-3-2026-09-19.md,spec/fixtures/responses/top1000_package3,report_collection,— | excluded | ICANN undelegated; classification-only,"","","","",""
996,shiksha,delegated,unknown,2026-09-19,docs/audits/whois-parser-top1000-package-2-2026-09-19.md,spec/fixtures/responses/top1000_package_2,report_collection,"[whois.afilias.net] | parser_present_unverified | unknown | Whois::Parsers::WhoisAfiliasNet | Shared-host sample google.bet returned explicit unsupported notice (SHA-256 f74ad65a2639f4c00f578fa1f30cb7dc42c6bbd58929e08788a09887a0ab1d95); each TLD was not re-queried after rate limiting, so no per-TLD status is claimed.","","","","",""
997,behnam,undelegated,classification_only,2026-09-19,docs/audits/whois-parser-top1000-package-4-2026-09-19.md,spec/fixtures/responses/topdomains_package_4,report_collection,"none | Excluded, undelegated | Classification only","","","","",""
998,ns1,undelegated,classification_only,2026-09-19,docs/audits/whois-parser-top1000-package-5-2026-09-19.md,spec/fixtures/responses/top1000_package5,report_collection,no server | undelegated; excluded | No parser,"","","","",""
999,guitars,delegated,unknown,2026-09-19,docs/audits/whois-parser-top1000-package-1-2026-09-19.md,spec/fixtures/responses/top1000_package1,report_collection,Source report lists only an unavailable endpoint result.,"","","","",""
1000,redis,undelegated,classification_only,2026-09-19,docs/audits/whois-parser-top1000-package-3-2026-09-19.md,spec/fixtures/responses/top1000_package3,report_collection,— | excluded | ICANN undelegated; classification-only,"","","","",""
